person_age,person_income,person_home_ownership,person_emp_length,loan_intent,loan_grade,loan_amnt,loan_int_rate,loan_percent_income,cb_person_default_on_file,cb_person_cred_hist_length,loan_to_income,monthly_income,loan_burden_monthly,age_group,employment_group,high_loan_burden_flag,actual_default,default_probability,predicted_default,risk_category
28,56461,RENT,5.0,EDUCATION,E,5400,15.68,0.1,Y,6,0.09564123908538637,4705.083333333333,1.1476948690246365,Adult,3-5 years,0,0,0.60674554,1,High Risk
30,108000,MORTGAGE,0.0,DEBTCONSOLIDATION,B,4925,,0.05,N,9,0.04560185185185185,9000.0,0.5472222222222223,Adult,0-2 years,0,1,0.20904565,0,Low Risk
29,102000,OWN,10.0,MEDICAL,B,18000,9.33,0.18,N,7,0.17647058823529413,8500.0,2.1176470588235294,Adult,6-10 years,0,0,0.002170846,0,Low Risk
29,45000,RENT,4.0,VENTURE,B,10000,12.42,0.22,N,7,0.2222222222222222,3750.0,2.6666666666666665,Adult,3-5 years,0,0,0.018325984,0,Low Risk
31,30000,RENT,4.0,DEBTCONSOLIDATION,B,12000,10.39,0.4,N,9,0.4,2500.0,4.8,Adult,3-5 years,1,1,0.99459153,1,High Risk
34,113000,RENT,6.0,DEBTCONSOLIDATION,C,9600,,0.08,N,5,0.08495575221238938,9416.666666666666,1.0194690265486726,Adult,6-10 years,0,0,0.4882789,0,Medium Risk
31,73000,MORTGAGE,4.0,DEBTCONSOLIDATION,F,16000,19.41,0.22,N,7,0.2191780821917808,6083.333333333333,2.63013698630137,Adult,3-5 years,0,1,0.9852132,1,High Risk
23,90000,RENT,5.0,VENTURE,D,7500,15.58,0.08,Y,3,0.08333333333333333,7500.0,1.0,Young,3-5 years,0,0,0.2647181,0,Low Risk
36,135000,RENT,0.0,DEBTCONSOLIDATION,C,24250,12.87,0.18,Y,15,0.17962962962962964,11250.0,2.1555555555555554,Middle Age,0-2 years,0,0,0.28392348,0,Low Risk
36,52000,MORTGAGE,2.0,HOMEIMPROVEMENT,A,8000,7.51,0.15,N,14,0.15384615384615385,4333.333333333333,1.8461538461538463,Middle Age,0-2 years,0,0,0.06849519,0,Low Risk
35,143485,MORTGAGE,10.0,PERSONAL,B,8000,10.62,0.06,N,7,0.055754956964142594,11957.083333333334,0.6690594835697111,Adult,6-10 years,0,0,0.09268872,0,Low Risk
43,47840,RENT,27.0,PERSONAL,B,15000,12.42,0.31,N,12,0.31354515050167225,3986.6666666666665,3.762541806020067,Middle Age,10+ years,1,1,0.980167,1,High Risk
22,76000,RENT,0.0,EDUCATION,C,14400,14.35,0.19,N,2,0.18947368421052632,6333.333333333333,2.2736842105263158,Young,0-2 years,0,0,0.44178903,0,Medium Risk
26,30000,OWN,0.0,HOMEIMPROVEMENT,C,15000,13.22,0.5,Y,2,0.5,2500.0,6.0,Adult,0-2 years,1,0,0.023048472,0,Low Risk
21,27000,RENT,5.0,VENTURE,A,5000,5.42,0.19,N,3,0.18518518518518517,2250.0,2.2222222222222223,Young,3-5 years,0,0,0.011544325,0,Low Risk
39,61000,MORTGAGE,3.0,VENTURE,D,14000,16.29,0.23,Y,17,0.22950819672131148,5083.333333333333,2.7540983606557377,Middle Age,3-5 years,0,0,0.30165824,0,Medium Risk
31,273655,MORTGAGE,4.0,DEBTCONSOLIDATION,A,19600,7.51,0.07,N,5,0.07162302899636404,22804.583333333332,0.8594763479563685,Adult,3-5 years,0,0,0.041720774,0,Low Risk
22,40000,RENT,2.0,DEBTCONSOLIDATION,A,4000,,0.1,N,3,0.1,3333.3333333333335,1.2,Young,0-2 years,0,0,0.066629305,0,Low Risk
24,38000,RENT,0.0,VENTURE,B,12000,11.89,0.32,N,3,0.3157894736842105,3166.6666666666665,3.7894736842105265,Young,0-2 years,1,1,0.98241514,1,High Risk
32,98406,MORTGAGE,1.0,DEBTCONSOLIDATION,A,5400,9.38,0.05,N,6,0.0548747027620267,8200.5,0.6584964331443205,Adult,0-2 years,0,0,0.025825325,0,Low Risk
22,36000,RENT,4.0,PERSONAL,B,10000,11.36,0.28,N,2,0.2777777777777778,3000.0,3.3333333333333335,Young,3-5 years,0,1,0.31407648,0,Medium Risk
28,41000,RENT,11.0,VENTURE,E,4000,18.64,0.1,Y,5,0.0975609756097561,3416.6666666666665,1.1707317073170733,Adult,10+ years,0,1,0.6170455,1,High Risk
37,78000,MORTGAGE,0.0,PERSONAL,B,5600,10.74,0.07,N,12,0.07179487179487179,6500.0,0.8615384615384616,Middle Age,0-2 years,0,1,0.31646764,0,Medium Risk
36,66000,RENT,3.0,EDUCATION,A,10000,6.62,0.15,N,12,0.15151515151515152,5500.0,1.8181818181818181,Middle Age,3-5 years,0,0,0.016512295,0,Low Risk
29,59354,MORTGAGE,5.0,MEDICAL,D,9600,13.67,0.14,Y,10,0.1617414159113118,4946.166666666667,1.9408969909357414,Adult,3-5 years,0,1,0.98256886,1,High Risk
21,65000,MORTGAGE,5.0,DEBTCONSOLIDATION,B,2200,12.42,0.03,N,3,0.033846153846153845,5416.666666666667,0.40615384615384614,Young,3-5 years,0,0,0.073106766,0,Low Risk
24,74000,RENT,0.0,PERSONAL,B,4500,12.18,0.06,N,4,0.060810810810810814,6166.666666666667,0.7297297297297297,Young,0-2 years,0,0,0.20037703,0,Low Risk
28,50176,RENT,3.0,VENTURE,B,5000,10.59,0.1,N,7,0.09964923469387756,4181.333333333333,1.1957908163265307,Adult,3-5 years,0,0,0.004362233,0,Low Risk
42,50426,RENT,0.0,MEDICAL,A,4200,7.49,0.08,N,14,0.08329036608098997,4202.166666666667,0.9994843929718795,Middle Age,0-2 years,0,0,0.025677571,0,Low Risk
31,46500,MORTGAGE,7.0,PERSONAL,C,8000,13.04,0.17,Y,6,0.17204301075268819,3875.0,2.064516129032258,Adult,6-10 years,0,0,0.28824392,0,Low Risk
31,45000,RENT,1.0,MEDICAL,C,14000,13.06,0.31,N,6,0.3111111111111111,3750.0,3.7333333333333334,Adult,0-2 years,1,1,0.975633,1,High Risk
32,101000,RENT,3.0,MEDICAL,B,20000,10.75,0.2,N,8,0.19801980198019803,8416.666666666666,2.3762376237623766,Adult,3-5 years,0,0,0.05593057,0,Low Risk
33,140000,MORTGAGE,8.0,VENTURE,A,8000,5.79,0.06,N,6,0.05714285714285714,11666.666666666666,0.6857142857142857,Adult,6-10 years,0,0,0.00081010937,0,Low Risk
23,54000,RENT,6.0,HOMEIMPROVEMENT,E,6000,16.45,0.11,N,2,0.1111111111111111,4500.0,1.3333333333333333,Young,6-10 years,0,1,0.9671866,1,High Risk
27,40000,RENT,1.0,MEDICAL,B,5000,11.99,0.13,N,9,0.125,3333.3333333333335,1.5,Adult,0-2 years,0,0,0.13142794,0,Low Risk
43,76000,MORTGAGE,4.0,HOMEIMPROVEMENT,D,9150,16.29,0.12,Y,16,0.12039473684210526,6333.333333333333,1.4447368421052633,Middle Age,3-5 years,0,0,0.28303906,0,Low Risk
23,55000,MORTGAGE,1.0,VENTURE,B,1500,11.49,0.03,N,3,0.02727272727272727,4583.333333333333,0.32727272727272727,Young,0-2 years,0,0,0.016070066,0,Low Risk
40,28000,RENT,2.0,VENTURE,C,5000,12.99,0.18,Y,13,0.17857142857142858,2333.3333333333335,2.142857142857143,Middle Age,0-2 years,0,0,0.23284319,0,Low Risk
25,61200,MORTGAGE,10.0,MEDICAL,A,5200,5.42,0.08,N,4,0.08496732026143791,5100.0,1.0196078431372548,Young,6-10 years,0,0,0.12765618,0,Low Risk
22,30000,RENT,3.0,PERSONAL,B,3000,11.12,0.1,N,3,0.1,2500.0,1.2,Young,3-5 years,0,0,0.43334323,0,Medium Risk
24,64000,MORTGAGE,8.0,VENTURE,B,4800,12.21,0.07,N,4,0.075,5333.333333333333,0.9,Young,6-10 years,0,0,0.026409123,0,Low Risk
31,98000,OWN,7.0,MEDICAL,C,5000,15.96,0.05,Y,7,0.05102040816326531,8166.666666666667,0.6122448979591837,Adult,6-10 years,0,0,0.0026828873,0,Low Risk
28,110000,MORTGAGE,0.0,HOMEIMPROVEMENT,B,6000,10.65,0.05,N,8,0.05454545454545454,9166.666666666666,0.6545454545454545,Adult,0-2 years,0,0,0.05402665,0,Low Risk
26,36000,RENT,,MEDICAL,C,7000,13.98,0.19,Y,2,0.19444444444444445,3000.0,2.3333333333333335,Adult,,0,1,0.32242706,0,Medium Risk
22,66000,RENT,1.0,EDUCATION,F,22000,,0.33,N,2,0.3333333333333333,5500.0,4.0,Young,0-2 years,1,1,0.99652416,1,High Risk
32,51000,RENT,1.0,PERSONAL,C,9000,12.99,0.18,Y,5,0.17647058823529413,4250.0,2.1176470588235294,Adult,0-2 years,0,0,0.21774642,0,Low Risk
38,110000,MORTGAGE,5.0,PERSONAL,B,16000,11.99,0.15,N,17,0.14545454545454545,9166.666666666666,1.7454545454545456,Middle Age,3-5 years,0,0,0.052463736,0,Low Risk
21,84000,MORTGAGE,5.0,DEBTCONSOLIDATION,B,10000,12.53,0.12,N,4,0.11904761904761904,7000.0,1.4285714285714286,Young,3-5 years,0,0,0.100370325,0,Low Risk
45,69600,OWN,11.0,VENTURE,A,6000,7.9,0.09,N,13,0.08620689655172414,5800.0,1.0344827586206897,Middle Age,10+ years,0,0,0.00032416874,0,Low Risk
23,50004,MORTGAGE,7.0,PERSONAL,B,16000,11.83,0.32,N,2,0.31997440204783617,4167.0,3.8396928245740343,Young,6-10 years,1,0,0.24682958,0,Low Risk
27,100000,MORTGAGE,0.0,VENTURE,C,16000,,0.16,Y,6,0.16,8333.333333333334,1.92,Adult,0-2 years,0,0,0.123281255,0,Low Risk
22,29554,MORTGAGE,,DEBTCONSOLIDATION,A,5775,5.42,0.2,N,3,0.19540502131691143,2462.8333333333335,2.3448602558029368,Young,,0,1,0.20460694,0,Low Risk
31,36000,RENT,2.0,MEDICAL,C,3500,12.53,0.1,Y,10,0.09722222222222222,3000.0,1.1666666666666667,Adult,0-2 years,0,0,0.2415996,0,Low Risk
27,47000,RENT,11.0,MEDICAL,B,1300,10.46,0.03,N,8,0.027659574468085105,3916.6666666666665,0.3319148936170213,Adult,10+ years,0,0,0.1405855,0,Low Risk
26,75000,MORTGAGE,6.0,EDUCATION,A,5000,7.66,0.07,N,2,0.06666666666666667,6250.0,0.8,Adult,6-10 years,0,0,0.13444261,0,Low Risk
28,88000,RENT,3.0,PERSONAL,B,10000,10.65,0.11,N,9,0.11363636363636363,7333.333333333333,1.3636363636363638,Adult,3-5 years,0,1,0.13601056,0,Low Risk
25,30000,RENT,6.0,EDUCATION,B,4000,9.76,0.13,N,3,0.13333333333333333,2500.0,1.6,Young,6-10 years,0,0,0.4173104,0,Medium Risk
23,115275,RENT,7.0,DEBTCONSOLIDATION,C,7500,11.28,0.07,Y,4,0.06506180871828236,9606.25,0.7807417046193884,Young,6-10 years,0,0,0.17869794,0,Low Risk
27,55000,RENT,11.0,DEBTCONSOLIDATION,B,13000,8.88,0.24,N,6,0.23636363636363636,4583.333333333333,2.8363636363636364,Adult,10+ years,0,0,0.14498729,0,Low Risk
31,101416,MORTGAGE,9.0,HOMEIMPROVEMENT,C,15000,12.87,0.15,Y,8,0.14790565591228208,8451.333333333334,1.7748678709473849,Adult,6-10 years,0,0,0.12485453,0,Low Risk
29,50000,RENT,13.0,VENTURE,A,12000,8.94,0.24,N,5,0.24,4166.666666666667,2.88,Adult,10+ years,0,0,0.004861462,0,Low Risk
25,25200,OWN,5.0,HOMEIMPROVEMENT,D,1200,15.99,0.05,Y,3,0.047619047619047616,2100.0,0.5714285714285714,Young,3-5 years,0,0,0.008665641,0,Low Risk
29,60000,RENT,4.0,DEBTCONSOLIDATION,A,10000,8.59,0.17,N,5,0.16666666666666666,5000.0,2.0,Adult,3-5 years,0,0,0.056250088,0,Low Risk
22,89250,MORTGAGE,6.0,MEDICAL,D,7500,13.24,0.07,Y,2,0.08403361344537816,7437.5,1.0084033613445378,Young,6-10 years,0,1,0.86043507,1,High Risk
23,75000,OWN,5.0,MEDICAL,D,12500,15.33,0.17,Y,3,0.16666666666666666,6250.0,2.0,Young,3-5 years,0,0,0.013922214,0,Low Risk
32,106300,MORTGAGE,13.0,PERSONAL,A,20000,,0.19,N,5,0.18814675446848542,8858.333333333334,2.2577610536218247,Adult,10+ years,0,0,0.042488173,0,Low Risk
22,43000,OWN,5.0,VENTURE,B,3500,11.49,0.08,N,3,0.08139534883720931,3583.3333333333335,0.9767441860465116,Young,3-5 years,0,0,0.0009635644,0,Low Risk
24,88494,OWN,8.0,MEDICAL,B,24000,,0.27,N,2,0.27120482744592855,7374.5,3.2544579293511426,Young,6-10 years,0,0,0.0067589832,0,Low Risk
28,35000,MORTGAGE,5.0,PERSONAL,C,9600,13.16,0.27,N,8,0.2742857142857143,2916.6666666666665,3.291428571428572,Adult,3-5 years,0,0,0.1917836,0,Low Risk
28,40000,RENT,2.0,MEDICAL,B,9000,12.53,0.23,N,8,0.225,3333.3333333333335,2.6999999999999997,Adult,0-2 years,0,0,0.13179706,0,Low Risk
25,21812,RENT,7.0,EDUCATION,C,6000,14.72,0.28,Y,2,0.2750779387493123,1817.6666666666667,3.3009352649917476,Young,6-10 years,0,0,0.39470926,0,Medium Risk
24,43000,MORTGAGE,8.0,DEBTCONSOLIDATION,D,10000,16.89,0.23,N,4,0.23255813953488372,3583.3333333333335,2.7906976744186047,Young,6-10 years,0,1,0.9713761,1,High Risk
32,45000,MORTGAGE,16.0,PERSONAL,A,6000,7.49,0.13,N,6,0.13333333333333333,3750.0,1.6,Adult,10+ years,0,0,0.12487914,0,Low Risk
21,12000,RENT,5.0,EDUCATION,A,3000,8.9,0.25,N,4,0.25,1000.0,3.0,Young,3-5 years,0,1,0.99511284,1,High Risk
23,24000,MORTGAGE,1.0,DEBTCONSOLIDATION,D,2800,16.07,0.12,N,3,0.11666666666666667,2000.0,1.4,Young,0-2 years,0,1,0.9820209,1,High Risk
32,27600,RENT,0.0,MEDICAL,A,7000,6.54,0.25,N,9,0.2536231884057971,2300.0,3.0434782608695654,Adult,0-2 years,0,0,0.09163563,0,Low Risk
22,60000,RENT,2.0,MEDICAL,B,5125,11.86,0.09,N,3,0.08541666666666667,5000.0,1.025,Young,0-2 years,0,0,0.100993335,0,Low Risk
21,62000,MORTGAGE,2.0,PERSONAL,A,6000,7.51,0.1,N,4,0.0967741935483871,5166.666666666667,1.161290322580645,Young,0-2 years,0,0,0.07588239,0,Low Risk
21,36000,RENT,3.0,MEDICAL,A,15000,6.62,0.42,N,2,0.4166666666666667,3000.0,5.0,Young,3-5 years,1,1,0.9964515,1,High Risk
21,118000,OWN,5.0,VENTURE,A,14000,7.88,0.12,N,3,0.11864406779661017,9833.333333333334,1.423728813559322,Young,3-5 years,0,0,0.00024350017,0,Low Risk
30,65144,MORTGAGE,9.0,MEDICAL,E,5000,16.35,0.07,Y,6,0.07675303942036105,5428.666666666667,0.9210364730443324,Adult,6-10 years,0,1,0.9402477,1,High Risk
26,58000,MORTGAGE,10.0,VENTURE,B,5000,10.62,0.09,N,2,0.08620689655172414,4833.333333333333,1.0344827586206897,Adult,6-10 years,0,0,0.020911148,0,Low Risk
32,84996,MORTGAGE,5.0,MEDICAL,B,20000,8.88,0.24,N,5,0.23530519083250975,7083.0,2.8236622899901174,Adult,3-5 years,0,0,0.1445164,0,Low Risk
40,55182,RENT,0.0,VENTURE,A,6000,6.99,0.11,N,13,0.10873110796999022,4598.5,1.3047732956398825,Middle Age,0-2 years,0,0,0.01117744,0,Low Risk
28,110004,MORTGAGE,2.0,EDUCATION,B,15000,,0.14,N,5,0.1363586778662594,9167.0,1.6363041343951128,Adult,0-2 years,0,0,0.0735069,0,Low Risk
31,65000,MORTGAGE,3.0,MEDICAL,C,10000,13.61,0.15,N,9,0.15384615384615385,5416.666666666667,1.846153846153846,Adult,3-5 years,0,0,0.1014082,0,Low Risk
32,84000,RENT,7.0,DEBTCONSOLIDATION,B,15000,10.99,0.18,N,7,0.17857142857142858,7000.0,2.142857142857143,Adult,6-10 years,0,0,0.14924498,0,Low Risk
22,30000,RENT,4.0,DEBTCONSOLIDATION,D,7000,16.49,0.23,Y,3,0.23333333333333334,2500.0,2.8,Young,3-5 years,0,1,0.9883386,1,High Risk
25,46144,MORTGAGE,9.0,EDUCATION,A,1500,7.49,0.03,N,2,0.032506934812760055,3845.3333333333335,0.39008321775312066,Young,6-10 years,0,0,0.18491861,0,Low Risk
31,72000,MORTGAGE,14.0,MEDICAL,A,7000,5.42,0.1,N,8,0.09722222222222222,6000.0,1.1666666666666667,Adult,10+ years,0,0,0.042638976,0,Low Risk
24,40800,RENT,5.0,MEDICAL,C,4800,13.85,0.12,Y,3,0.11764705882352941,3400.0,1.411764705882353,Young,3-5 years,0,0,0.22790766,0,Low Risk
33,102000,MORTGAGE,17.0,VENTURE,E,35000,,0.34,Y,8,0.3431372549019608,8500.0,4.117647058823529,Adult,10+ years,1,0,0.2925842,0,Low Risk
22,130000,MORTGAGE,6.0,PERSONAL,C,3000,13.49,0.02,N,2,0.023076923076923078,10833.333333333334,0.2769230769230769,Young,6-10 years,0,0,0.06928971,0,Low Risk
37,50000,RENT,1.0,HOMEIMPROVEMENT,C,15000,13.22,0.3,Y,11,0.3,4166.666666666667,3.5999999999999996,Middle Age,0-2 years,1,0,0.13614425,0,Low Risk
47,53808,MORTGAGE,4.0,HOMEIMPROVEMENT,B,15000,11.71,0.28,N,16,0.27876895628902765,4484.0,3.3452274754683318,Middle Age,3-5 years,0,0,0.23389465,0,Low Risk
22,75000,RENT,2.0,VENTURE,C,7200,13.61,0.1,N,4,0.096,6250.0,1.152,Young,0-2 years,0,0,0.17427596,0,Low Risk
27,65000,MORTGAGE,8.0,MEDICAL,B,3000,12.42,0.05,N,10,0.046153846153846156,5416.666666666667,0.5538461538461538,Adult,6-10 years,0,0,0.09783985,0,Low Risk
38,48000,OWN,,VENTURE,A,7600,7.88,0.16,N,11,0.15833333333333333,4000.0,1.9,Middle Age,,0,0,0.00022304006,0,Low Risk
22,62400,RENT,3.0,EDUCATION,D,24000,14.84,0.38,N,2,0.38461538461538464,5200.0,4.615384615384615,Young,3-5 years,1,1,0.9866231,1,High Risk
26,88500,MORTGAGE,10.0,EDUCATION,A,10000,8.59,0.11,N,4,0.11299435028248588,7375.0,1.3559322033898304,Adult,6-10 years,0,0,0.084589444,0,Low Risk
25,65454,MORTGAGE,9.0,DEBTCONSOLIDATION,B,8400,11.99,0.13,N,2,0.1283344027866899,5454.5,1.5400128334402787,Young,6-10 years,0,0,0.3063736,0,Medium Risk
39,48000,RENT,4.0,MEDICAL,D,20500,14.59,0.43,N,16,0.4270833333333333,4000.0,5.125,Middle Age,3-5 years,1,1,0.9923739,1,High Risk
22,59000,MORTGAGE,5.0,MEDICAL,A,6000,,0.1,N,2,0.1016949152542373,4916.666666666667,1.2203389830508473,Young,3-5 years,0,0,0.3031619,0,Medium Risk
27,120000,MORTGAGE,3.0,PERSONAL,B,14000,11.99,0.12,N,10,0.11666666666666667,10000.0,1.4,Adult,3-5 years,0,0,0.07742649,0,Low Risk
28,50000,RENT,4.0,PERSONAL,A,15000,7.49,0.3,N,8,0.3,4166.666666666667,3.5999999999999996,Adult,3-5 years,1,0,0.05674641,0,Low Risk
24,25800,RENT,0.0,MEDICAL,A,6000,7.14,0.23,N,4,0.23255813953488372,2150.0,2.7906976744186047,Young,0-2 years,0,0,0.12926626,0,Low Risk
23,43955,RENT,7.0,EDUCATION,D,7800,15.62,0.18,N,3,0.17745421453759527,3662.9166666666665,2.1294505744511434,Young,6-10 years,0,0,0.48241225,0,Medium Risk
27,34800,RENT,2.0,VENTURE,D,4000,14.54,0.11,Y,7,0.11494252873563218,2900.0,1.3793103448275863,Adult,0-2 years,0,1,0.96614623,1,High Risk
30,143000,MORTGAGE,11.0,PERSONAL,A,18000,8.49,0.13,N,7,0.1258741258741259,11916.666666666666,1.5104895104895106,Adult,10+ years,0,0,0.042056125,0,Low Risk
23,56525,RENT,1.0,MEDICAL,B,15000,11.48,0.23,N,4,0.26536930561698363,4710.416666666667,3.1844316674038033,Young,0-2 years,0,1,0.40133202,0,Medium Risk
35,100000,MORTGAGE,9.0,EDUCATION,B,6000,9.99,0.06,N,7,0.06,8333.333333333334,0.72,Adult,6-10 years,0,0,0.04234031,0,Low Risk
23,75000,MORTGAGE,5.0,PERSONAL,B,5000,11.12,0.07,N,2,0.06666666666666667,6250.0,0.8,Young,3-5 years,0,0,0.18276036,0,Low Risk
24,57000,RENT,0.0,PERSONAL,A,13500,6.92,0.24,N,2,0.23684210526315788,4750.0,2.8421052631578947,Young,0-2 years,0,0,0.08042766,0,Low Risk
33,300000,OWN,8.0,MEDICAL,D,25000,14.42,0.08,Y,7,0.08333333333333333,25000.0,1.0,Adult,6-10 years,0,0,0.04488668,0,Low Risk
26,57000,MORTGAGE,4.0,EDUCATION,C,12000,13.49,0.21,Y,2,0.21052631578947367,4750.0,2.526315789473684,Adult,3-5 years,0,0,0.22678924,0,Low Risk
22,60000,MORTGAGE,7.0,EDUCATION,D,10000,,0.17,N,3,0.16666666666666666,5000.0,2.0,Young,6-10 years,0,0,0.2382136,0,Low Risk
24,18000,RENT,8.0,PERSONAL,B,6000,12.21,0.33,N,2,0.3333333333333333,1500.0,4.0,Young,6-10 years,1,1,0.99919444,1,High Risk
24,38000,MORTGAGE,3.0,DEBTCONSOLIDATION,B,16000,10.99,0.42,N,2,0.42105263157894735,3166.6666666666665,5.052631578947369,Young,3-5 years,1,0,0.33725575,0,Medium Risk
28,33600,RENT,12.0,EDUCATION,B,4200,10.0,0.13,N,5,0.125,2800.0,1.5,Adult,10+ years,0,0,0.4255018,0,Medium Risk
26,97188,RENT,7.0,VENTURE,D,16000,12.8,0.16,N,3,0.16462937811252418,8099.0,1.9755525373502902,Adult,6-10 years,0,0,0.14577055,0,Low Risk
40,52479,RENT,17.0,HOMEIMPROVEMENT,D,6600,14.54,0.13,N,17,0.12576459155090608,4373.25,1.509175098610873,Middle Age,10+ years,0,1,0.62653387,1,High Risk
27,80000,RENT,8.0,HOMEIMPROVEMENT,F,12800,18.67,0.16,Y,6,0.16,6666.666666666667,1.92,Adult,6-10 years,0,0,0.5207347,1,Medium Risk
32,90000,RENT,11.0,PERSONAL,C,20000,13.22,0.22,Y,6,0.2222222222222222,7500.0,2.6666666666666665,Adult,10+ years,0,0,0.27490166,0,Low Risk
28,33000,RENT,12.0,PERSONAL,C,8000,14.65,0.24,N,9,0.24242424242424243,2750.0,2.909090909090909,Adult,10+ years,0,1,0.5994673,1,Medium Risk
22,30000,RENT,2.0,EDUCATION,C,13000,13.11,0.43,N,3,0.43333333333333335,2500.0,5.2,Young,0-2 years,1,1,0.9931177,1,High Risk
24,110000,RENT,4.0,PERSONAL,A,8000,5.99,0.07,N,3,0.07272727272727272,9166.666666666666,0.8727272727272728,Young,3-5 years,0,0,0.008006399,0,Low Risk
34,59000,MORTGAGE,1.0,MEDICAL,C,20000,,0.34,Y,7,0.3389830508474576,4916.666666666667,4.067796610169491,Adult,0-2 years,1,1,0.750871,1,High Risk
36,250000,MORTGAGE,14.0,PERSONAL,C,31400,14.27,0.13,Y,16,0.1256,20833.333333333332,1.5072,Middle Age,10+ years,0,0,0.07414802,0,Low Risk
31,65000,RENT,9.0,VENTURE,B,20000,10.65,0.31,N,8,0.3076923076923077,5416.666666666667,3.692307692307692,Adult,6-10 years,1,1,0.9776285,1,High Risk
27,72000,MORTGAGE,8.0,VENTURE,C,15250,13.16,0.21,Y,5,0.21180555555555555,6000.0,2.5416666666666665,Adult,6-10 years,0,0,0.2753759,0,Low Risk
25,64800,RENT,5.0,HOMEIMPROVEMENT,A,10000,7.88,0.15,N,4,0.15432098765432098,5400.0,1.8518518518518519,Young,3-5 years,0,0,0.042997647,0,Low Risk
27,68000,MORTGAGE,4.0,HOMEIMPROVEMENT,D,30000,15.99,0.44,N,7,0.4411764705882353,5666.666666666667,5.294117647058823,Adult,3-5 years,1,0,0.7157199,1,High Risk
22,59600,MORTGAGE,6.0,PERSONAL,A,6000,5.42,0.1,N,3,0.10067114093959731,4966.666666666667,1.2080536912751678,Young,6-10 years,0,0,0.106607325,0,Low Risk
27,58000,RENT,0.0,EDUCATION,C,4600,13.99,0.08,Y,10,0.07931034482758621,4833.333333333333,0.9517241379310345,Adult,0-2 years,0,0,0.27636182,0,Low Risk
22,51500,MORTGAGE,6.0,EDUCATION,B,7500,9.88,0.15,N,3,0.14563106796116504,4291.666666666667,1.7475728155339805,Young,6-10 years,0,0,0.20964222,0,Low Risk
38,140000,MORTGAGE,0.0,HOMEIMPROVEMENT,B,25000,9.99,0.18,N,12,0.17857142857142858,11666.666666666666,2.142857142857143,Middle Age,0-2 years,0,0,0.08485826,0,Low Risk
28,200000,MORTGAGE,2.0,MEDICAL,A,15000,8.9,0.07,N,10,0.075,16666.666666666668,0.8999999999999999,Adult,0-2 years,0,0,0.037207045,0,Low Risk
30,57000,MORTGAGE,3.0,MEDICAL,E,9000,17.93,0.16,Y,6,0.15789473684210525,4750.0,1.894736842105263,Adult,3-5 years,0,1,0.9211054,1,High Risk
23,28000,RENT,0.0,VENTURE,C,5000,11.78,0.18,N,3,0.17857142857142858,2333.3333333333335,2.142857142857143,Young,0-2 years,0,0,0.43800482,0,Medium Risk
30,40525,MORTGAGE,8.0,HOMEIMPROVEMENT,C,4800,14.65,0.12,N,10,0.11844540407156076,3377.0833333333335,1.421344848858729,Adult,6-10 years,0,1,0.36143687,0,Medium Risk
23,21600,RENT,1.0,EDUCATION,D,4500,15.65,0.21,N,2,0.20833333333333334,1800.0,2.5,Young,0-2 years,0,1,0.9647258,1,High Risk
26,71046,MORTGAGE,10.0,DEBTCONSOLIDATION,B,6500,10.99,0.09,N,4,0.09149002055006615,5920.5,1.0978802466007938,Adult,6-10 years,0,0,0.17115875,0,Low Risk
24,64000,MORTGAGE,8.0,EDUCATION,A,5000,7.88,0.08,N,4,0.078125,5333.333333333333,0.9375,Young,6-10 years,0,1,0.169728,0,Low Risk
23,91000,RENT,5.0,EDUCATION,B,10000,10.2,0.11,N,2,0.10989010989010989,7583.333333333333,1.3186813186813187,Young,3-5 years,0,0,0.055825558,0,Low Risk
26,45900,RENT,0.0,PERSONAL,B,12000,10.39,0.26,N,3,0.26143790849673204,3825.0,3.1372549019607843,Adult,0-2 years,0,0,0.14386663,0,Low Risk
25,28800,RENT,2.0,MEDICAL,A,1600,6.62,0.06,N,2,0.05555555555555555,2400.0,0.6666666666666666,Young,0-2 years,0,0,0.1718326,0,Low Risk
25,60000,MORTGAGE,9.0,HOMEIMPROVEMENT,A,6500,5.79,0.11,N,4,0.10833333333333334,5000.0,1.3,Young,6-10 years,0,0,0.2511447,0,Low Risk
34,120000,RENT,4.0,PERSONAL,B,12000,11.49,0.1,N,6,0.1,10000.0,1.2,Adult,3-5 years,0,0,0.0885178,0,Low Risk
26,40000,MORTGAGE,6.0,HOMEIMPROVEMENT,B,6000,11.99,0.15,N,2,0.15,3333.3333333333335,1.7999999999999998,Adult,6-10 years,0,0,0.26420692,0,Low Risk
24,91000,MORTGAGE,5.0,MEDICAL,A,15000,7.88,0.16,N,4,0.16483516483516483,7583.333333333333,1.978021978021978,Young,3-5 years,0,0,0.02195218,0,Low Risk
35,49872,RENT,2.0,VENTURE,A,8400,7.29,0.17,N,9,0.16843118383060635,4156.0,2.0211742059672764,Adult,0-2 years,0,0,0.011614105,0,Low Risk
27,27000,RENT,3.0,MEDICAL,B,6900,9.99,0.26,N,7,0.25555555555555554,2250.0,3.066666666666667,Adult,3-5 years,0,0,0.18867368,0,Low Risk
25,52000,RENT,9.0,MEDICAL,C,17000,12.98,0.33,Y,2,0.3269230769230769,4333.333333333333,3.9230769230769234,Young,6-10 years,1,1,0.9920597,1,High Risk
30,57000,MORTGAGE,6.0,HOMEIMPROVEMENT,A,4000,8.0,0.07,N,8,0.07017543859649122,4750.0,0.8421052631578947,Adult,6-10 years,0,0,0.2695609,0,Low Risk
23,95000,MORTGAGE,7.0,PERSONAL,F,25000,18.78,0.26,N,4,0.2631578947368421,7916.666666666667,3.1578947368421053,Young,6-10 years,0,0,0.4647171,0,Medium Risk
23,31800,RENT,7.0,PERSONAL,C,9600,13.48,0.3,Y,3,0.3018867924528302,2650.0,3.6226415094339623,Young,6-10 years,1,1,0.5661843,1,Medium Risk
24,100000,RENT,1.0,DEBTCONSOLIDATION,A,5000,,0.05,N,3,0.05,8333.333333333334,0.6,Young,0-2 years,0,0,0.037644263,0,Low Risk
23,61000,RENT,2.0,PERSONAL,D,8400,14.84,0.14,N,2,0.1377049180327869,5083.333333333333,1.6524590163934427,Young,0-2 years,0,1,0.9278518,1,High Risk
27,39000,MORTGAGE,6.0,DEBTCONSOLIDATION,B,6400,10.99,0.16,N,10,0.1641025641025641,3250.0,1.9692307692307693,Adult,6-10 years,0,0,0.3356916,0,Medium Risk
36,55200,RENT,3.0,MEDICAL,D,9900,14.84,0.18,Y,13,0.1793478260869565,4600.0,2.152173913043478,Middle Age,3-5 years,0,1,0.9330458,1,High Risk
23,38000,RENT,7.0,PERSONAL,B,12000,11.71,0.32,N,4,0.3157894736842105,3166.6666666666665,3.7894736842105265,Young,6-10 years,1,1,0.9829926,1,High Risk
31,179000,MORTGAGE,13.0,MEDICAL,C,11200,14.27,0.06,N,5,0.06256983240223464,14916.666666666666,0.7508379888268156,Adult,10+ years,0,0,0.050849527,0,Low Risk
24,66000,RENT,3.0,EDUCATION,B,25000,9.91,0.38,N,2,0.3787878787878788,5500.0,4.545454545454546,Young,3-5 years,1,1,0.99147147,1,High Risk
45,38268,MORTGAGE,14.0,PERSONAL,B,8400,12.18,0.22,N,11,0.21950454687989965,3189.0,2.634054562558796,Middle Age,10+ years,0,0,0.18215784,0,Low Risk
24,70000,MORTGAGE,8.0,VENTURE,B,25000,9.62,0.36,N,2,0.35714285714285715,5833.333333333333,4.285714285714286,Young,6-10 years,1,0,0.016304199,0,Low Risk
26,34000,MORTGAGE,5.0,EDUCATION,B,5500,10.65,0.16,N,3,0.16176470588235295,2833.3333333333335,1.9411764705882353,Adult,3-5 years,0,1,0.4256544,0,Medium Risk
28,108000,RENT,2.0,DEBTCONSOLIDATION,D,20000,15.31,0.19,Y,8,0.18518518518518517,9000.0,2.2222222222222223,Adult,0-2 years,0,1,0.9959726,1,High Risk
24,87000,MORTGAGE,7.0,HOMEIMPROVEMENT,B,25000,10.99,0.29,N,2,0.28735632183908044,7250.0,3.4482758620689653,Young,6-10 years,0,0,0.22294281,0,Low Risk
22,30000,RENT,,VENTURE,E,8000,,0.27,N,3,0.26666666666666666,2500.0,3.2,Young,,0,1,0.6783329,1,High Risk
33,66500,MORTGAGE,1.0,PERSONAL,A,9200,,0.14,N,7,0.13834586466165413,5541.666666666667,1.6601503759398495,Adult,0-2 years,0,0,0.07616808,0,Low Risk
23,140000,MORTGAGE,7.0,PERSONAL,C,6000,13.49,0.04,Y,3,0.04285714285714286,11666.666666666666,0.5142857142857143,Young,6-10 years,0,0,0.10773575,0,Low Risk
34,120000,RENT,17.0,VENTURE,B,35000,10.59,0.29,N,6,0.2916666666666667,10000.0,3.5,Adult,10+ years,0,0,0.01612414,0,Low Risk
29,59000,RENT,4.0,VENTURE,G,20000,20.17,0.34,Y,5,0.3389830508474576,4916.666666666667,4.067796610169491,Adult,3-5 years,1,1,0.9993414,1,High Risk
24,39000,RENT,2.0,HOMEIMPROVEMENT,C,16000,13.06,0.41,N,2,0.41025641025641024,3250.0,4.923076923076923,Young,0-2 years,1,1,0.9984291,1,High Risk
31,36000,RENT,4.0,MEDICAL,B,8000,10.65,0.22,N,6,0.2222222222222222,3000.0,2.6666666666666665,Adult,3-5 years,0,0,0.20557737,0,Low Risk
32,40000,RENT,0.0,MEDICAL,B,6000,12.69,0.15,N,8,0.15,3333.3333333333335,1.7999999999999998,Adult,0-2 years,0,0,0.116482705,0,Low Risk
28,63000,MORTGAGE,7.0,EDUCATION,C,8575,13.49,0.14,N,8,0.1361111111111111,5250.0,1.6333333333333333,Adult,6-10 years,0,0,0.29198578,0,Low Risk
27,82000,MORTGAGE,0.0,VENTURE,B,14000,10.0,0.17,N,7,0.17073170731707318,6833.333333333333,2.048780487804878,Adult,0-2 years,0,0,0.009672395,0,Low Risk
29,77000,RENT,3.0,MEDICAL,C,17600,13.48,0.23,N,8,0.22857142857142856,6416.666666666667,2.742857142857143,Adult,3-5 years,0,0,0.20911637,0,Low Risk
21,32000,RENT,5.0,DEBTCONSOLIDATION,A,6000,5.42,0.19,N,4,0.1875,2666.6666666666665,2.25,Young,3-5 years,0,0,0.1398124,0,Low Risk
33,26100,RENT,16.0,PERSONAL,B,5000,10.75,0.19,N,6,0.19157088122605365,2175.0,2.2988505747126435,Adult,10+ years,0,0,0.3377402,0,Medium Risk
33,235000,MORTGAGE,3.0,EDUCATION,B,25000,10.62,0.11,N,6,0.10638297872340426,19583.333333333332,1.2765957446808511,Adult,3-5 years,0,0,0.18853201,0,Low Risk
31,95000,RENT,3.0,HOMEIMPROVEMENT,D,24000,13.67,0.25,Y,10,0.25263157894736843,7916.666666666667,3.031578947368421,Adult,3-5 years,0,0,0.5309666,1,Medium Risk
23,73500,RENT,7.0,PERSONAL,D,6000,14.96,0.08,Y,4,0.08163265306122448,6125.0,0.9795918367346939,Young,6-10 years,0,0,0.667914,1,High Risk
44,30000,RENT,6.0,VENTURE,C,5000,13.98,0.17,N,11,0.16666666666666666,2500.0,2.0,Middle Age,6-10 years,0,0,0.31038955,0,Medium Risk
25,40000,OWN,0.0,EDUCATION,B,8000,10.38,0.2,N,4,0.2,3333.3333333333335,2.4,Young,0-2 years,0,0,0.0018482545,0,Low Risk
47,140000,RENT,4.0,VENTURE,C,10000,,0.07,Y,13,0.07142857142857142,11666.666666666666,0.8571428571428572,Middle Age,3-5 years,0,0,0.14184637,0,Low Risk
28,45000,RENT,6.0,MEDICAL,D,3600,16.29,0.08,N,7,0.08,3750.0,0.96,Adult,6-10 years,0,0,0.8135873,1,High Risk
22,65000,RENT,0.0,MEDICAL,B,15000,11.36,0.23,N,3,0.23076923076923078,5416.666666666667,2.769230769230769,Young,0-2 years,0,0,0.120334215,0,Low Risk
25,138000,MORTGAGE,9.0,PERSONAL,A,8000,6.99,0.06,N,4,0.057971014492753624,11500.0,0.6956521739130435,Young,6-10 years,0,0,0.014032467,0,Low Risk
38,170000,RENT,0.0,VENTURE,A,5500,,0.03,N,13,0.03235294117647059,14166.666666666666,0.38823529411764707,Middle Age,0-2 years,0,0,0.0077023753,0,Low Risk
22,18000,RENT,1.0,EDUCATION,C,4000,10.91,0.22,Y,4,0.2222222222222222,1500.0,2.6666666666666665,Young,0-2 years,0,1,0.9888481,1,High Risk
28,41600,OWN,0.0,VENTURE,B,13000,11.58,0.31,N,9,0.3125,3466.6666666666665,3.75,Adult,0-2 years,1,0,0.0016323942,0,Low Risk
36,87000,RENT,5.0,MEDICAL,C,5000,13.98,0.06,N,14,0.05747126436781609,7250.0,0.6896551724137931,Middle Age,3-5 years,0,0,0.15806879,0,Low Risk
36,30500,RENT,3.0,HOMEIMPROVEMENT,B,8000,11.11,0.26,N,13,0.26229508196721313,2541.6666666666665,3.1475409836065578,Middle Age,3-5 years,0,1,0.893545,1,High Risk
22,70000,RENT,6.0,EDUCATION,D,29100,15.99,0.42,N,3,0.4157142857142857,5833.333333333333,4.988571428571428,Young,6-10 years,1,1,0.9849909,1,High Risk
23,46800,OWN,7.0,VENTURE,C,9000,,0.19,N,4,0.19230769230769232,3900.0,2.3076923076923075,Young,6-10 years,0,0,0.004948923,0,Low Risk
23,47000,MORTGAGE,7.0,DEBTCONSOLIDATION,C,13850,12.68,0.29,Y,4,0.2946808510638298,3916.6666666666665,3.5361702127659576,Young,6-10 years,0,0,0.2696669,0,Low Risk
28,90000,RENT,7.0,VENTURE,C,16000,12.68,0.18,N,10,0.17777777777777778,7500.0,2.1333333333333333,Adult,6-10 years,0,0,0.07730672,0,Low Risk
24,48000,MORTGAGE,2.0,EDUCATION,B,5500,11.36,0.11,N,3,0.11458333333333333,4000.0,1.375,Young,0-2 years,0,0,0.18239357,0,Low Risk
22,98000,MORTGAGE,1.0,HOMEIMPROVEMENT,A,9000,9.63,0.09,N,2,0.09183673469387756,8166.666666666667,1.1020408163265305,Young,0-2 years,0,1,0.53717536,1,Medium Risk
25,24000,RENT,3.0,DEBTCONSOLIDATION,C,6250,13.72,0.26,Y,3,0.2604166666666667,2000.0,3.125,Young,3-5 years,0,0,0.2850786,0,Low Risk
32,62500,MORTGAGE,3.0,PERSONAL,C,3800,13.11,0.06,N,10,0.0608,5208.333333333333,0.7296,Adult,3-5 years,0,1,0.15685701,0,Low Risk
37,72800,MORTGAGE,0.0,EDUCATION,B,23000,11.58,0.32,N,17,0.3159340659340659,6066.666666666667,3.791208791208791,Middle Age,0-2 years,1,0,0.4137795,0,Medium Risk
26,26004,MORTGAGE,2.0,HOMEIMPROVEMENT,B,10000,11.14,0.38,N,3,0.3845562221196739,2167.0,4.614674665436087,Adult,0-2 years,1,0,0.5041192,1,Medium Risk
24,64000,RENT,8.0,DEBTCONSOLIDATION,D,30000,14.54,0.47,Y,3,0.46875,5333.333333333333,5.625,Young,6-10 years,1,1,0.9990238,1,High Risk
42,153000,MORTGAGE,7.0,EDUCATION,G,25000,20.53,0.16,N,14,0.16339869281045752,12750.0,1.9607843137254901,Middle Age,6-10 years,0,1,0.90011746,1,High Risk
26,74970,RENT,5.0,MEDICAL,A,6000,7.88,0.08,N,2,0.08003201280512205,6247.5,0.9603841536614646,Adult,3-5 years,0,0,0.16057071,0,Low Risk
27,75000,MORTGAGE,4.0,DEBTCONSOLIDATION,B,6625,,0.09,N,10,0.08833333333333333,6250.0,1.06,Adult,3-5 years,0,0,0.15641558,0,Low Risk
36,171870,MORTGAGE,4.0,MEDICAL,D,9400,15.62,0.05,Y,11,0.054692500145458775,14322.5,0.6563100017455054,Middle Age,3-5 years,0,1,0.9237246,1,High Risk
24,102000,OWN,5.0,PERSONAL,A,23800,8.9,0.23,N,2,0.23333333333333334,8500.0,2.8,Young,3-5 years,0,0,0.0034951016,0,Low Risk
24,75000,RENT,4.0,VENTURE,B,6400,10.36,0.09,N,4,0.08533333333333333,6250.0,1.024,Young,3-5 years,0,0,0.0057609207,0,Low Risk
22,36000,MORTGAGE,6.0,VENTURE,A,7500,7.14,0.21,N,3,0.20833333333333334,3000.0,2.5,Young,6-10 years,0,0,0.013443544,0,Low Risk
24,69000,MORTGAGE,4.0,DEBTCONSOLIDATION,D,25000,15.57,0.36,N,2,0.36231884057971014,5750.0,4.3478260869565215,Young,3-5 years,1,1,0.9906991,1,High Risk
35,54000,RENT,1.0,EDUCATION,D,9000,14.46,0.17,N,8,0.16666666666666666,4500.0,2.0,Adult,0-2 years,0,1,0.97276086,1,High Risk
25,63300,MORTGAGE,0.0,EDUCATION,C,17600,12.53,0.28,Y,4,0.27804107424960506,5275.0,3.3364928909952605,Young,0-2 years,0,0,0.29636323,0,Low Risk
28,63550,MORTGAGE,12.0,HOMEIMPROVEMENT,A,12500,,0.2,N,10,0.1966955153422502,5295.833333333333,2.3603461841070024,Adult,10+ years,0,0,0.13255858,0,Low Risk
36,48000,MORTGAGE,17.0,VENTURE,A,10000,9.63,0.21,N,14,0.20833333333333334,4000.0,2.5,Middle Age,10+ years,0,0,0.006023462,0,Low Risk
26,68004,RENT,10.0,DEBTCONSOLIDATION,D,3500,15.28,0.05,Y,3,0.051467560731721665,5667.0,0.6176107287806599,Adult,6-10 years,0,1,0.9833265,1,High Risk
23,26500,OWN,6.0,VENTURE,A,6000,8.0,0.23,N,3,0.22641509433962265,2208.3333333333335,2.7169811320754715,Young,6-10 years,0,0,0.0008334797,0,Low Risk
25,33600,RENT,5.0,PERSONAL,A,5075,5.79,0.15,N,2,0.15104166666666666,2800.0,1.8125,Young,3-5 years,0,0,0.08858773,0,Low Risk
22,60000,MORTGAGE,5.0,EDUCATION,B,8800,10.37,0.15,N,4,0.14666666666666667,5000.0,1.76,Young,3-5 years,0,0,0.058216557,0,Low Risk
41,60000,OWN,7.0,PERSONAL,A,12000,6.91,0.2,N,13,0.2,5000.0,2.4,Middle Age,6-10 years,0,0,0.00091716094,0,Low Risk
30,48000,OWN,3.0,HOMEIMPROVEMENT,C,1500,13.48,0.03,Y,5,0.03125,4000.0,0.375,Adult,3-5 years,0,0,0.0043307003,0,Low Risk
26,26000,MORTGAGE,4.0,HOMEIMPROVEMENT,B,12000,,0.46,N,3,0.46153846153846156,2166.6666666666665,5.538461538461539,Adult,3-5 years,1,0,0.6771145,1,High Risk
21,30000,OWN,5.0,MEDICAL,A,9000,5.99,0.3,N,4,0.3,2500.0,3.6,Young,3-5 years,1,0,0.009007536,0,Low Risk
32,56784,OWN,3.0,PERSONAL,D,12000,14.96,0.21,Y,10,0.21132713440405748,4732.0,2.53592561284869,Adult,3-5 years,0,0,0.0033631488,0,Low Risk
22,57000,MORTGAGE,6.0,PERSONAL,B,11425,9.91,0.2,N,4,0.20043859649122808,4750.0,2.405263157894737,Young,6-10 years,0,0,0.21869726,0,Low Risk
36,50000,MORTGAGE,2.0,MEDICAL,C,16000,13.48,0.32,N,15,0.32,4166.666666666667,3.84,Middle Age,0-2 years,1,0,0.42042264,0,Medium Risk
32,72500,MORTGAGE,4.0,HOMEIMPROVEMENT,A,4000,5.42,0.06,N,10,0.05517241379310345,6041.666666666667,0.6620689655172414,Adult,3-5 years,0,0,0.018248443,0,Low Risk
23,25596,RENT,2.0,MEDICAL,B,4500,9.99,0.18,N,4,0.17580872011251758,2133.0,2.109704641350211,Young,0-2 years,0,0,0.22182068,0,Low Risk
24,69996,MORTGAGE,8.0,EDUCATION,A,3000,6.39,0.04,N,3,0.04285959197668438,5833.0,0.5143151037202126,Young,6-10 years,0,0,0.02277483,0,Low Risk
25,44196,MORTGAGE,8.0,HOMEIMPROVEMENT,A,4000,7.51,0.09,N,3,0.09050592813829306,3683.0,1.0860711376595167,Young,6-10 years,0,0,0.4055927,0,Medium Risk
27,65000,RENT,9.0,PERSONAL,A,4000,6.99,0.06,N,5,0.06153846153846154,5416.666666666667,0.7384615384615384,Adult,6-10 years,0,0,0.036519546,0,Low Risk
22,23000,MORTGAGE,2.0,DEBTCONSOLIDATION,B,4800,10.0,0.21,N,4,0.20869565217391303,1916.6666666666667,2.5043478260869563,Young,0-2 years,0,0,0.19597901,0,Low Risk
27,70000,RENT,4.0,PERSONAL,B,20000,11.48,0.29,N,8,0.2857142857142857,5833.333333333333,3.428571428571429,Adult,3-5 years,0,0,0.18726547,0,Low Risk
29,15600,RENT,4.0,PERSONAL,C,5275,14.72,0.34,Y,8,0.33814102564102566,1300.0,4.0576923076923075,Adult,3-5 years,1,1,0.99905545,1,High Risk
24,62500,MORTGAGE,2.0,VENTURE,A,6000,5.79,0.1,N,2,0.096,5208.333333333333,1.1520000000000001,Young,0-2 years,0,0,0.00440084,0,Low Risk
22,48000,RENT,6.0,EDUCATION,B,4000,9.91,0.08,N,3,0.08333333333333333,4000.0,1.0,Young,6-10 years,0,0,0.2549264,0,Low Risk
37,26240,RENT,0.0,VENTURE,B,6600,11.49,0.25,N,15,0.25152439024390244,2186.6666666666665,3.0182926829268295,Middle Age,0-2 years,0,0,0.065002754,0,Low Risk
29,60000,MORTGAGE,,PERSONAL,C,14125,13.49,0.24,N,5,0.23541666666666666,5000.0,2.825,Adult,,0,0,0.13264342,0,Low Risk
23,124800,MORTGAGE,4.0,MEDICAL,B,28000,,0.22,N,2,0.22435897435897437,10400.0,2.6923076923076925,Young,3-5 years,0,0,0.080179065,0,Low Risk
31,40000,RENT,3.0,MEDICAL,B,2000,10.37,0.05,N,7,0.05,3333.3333333333335,0.6,Adult,3-5 years,0,0,0.084251635,0,Low Risk
43,98760,RENT,8.0,VENTURE,D,5000,14.84,0.05,N,14,0.05062778452814905,8230.0,0.6075334143377886,Middle Age,6-10 years,0,0,0.1417767,0,Low Risk
24,70000,RENT,5.0,HOMEIMPROVEMENT,C,14400,12.23,0.21,N,4,0.2057142857142857,5833.333333333333,2.468571428571429,Young,3-5 years,0,0,0.18365037,0,Low Risk
27,200000,MORTGAGE,6.0,EDUCATION,A,10000,7.51,0.05,N,10,0.05,16666.666666666668,0.6,Adult,6-10 years,0,0,0.024875723,0,Low Risk
24,52000,MORTGAGE,7.0,MEDICAL,C,5000,14.22,0.1,Y,3,0.09615384615384616,4333.333333333333,1.153846153846154,Young,6-10 years,0,0,0.6308025,1,High Risk
24,36000,RENT,6.0,MEDICAL,E,15250,15.95,0.42,Y,2,0.4236111111111111,3000.0,5.083333333333333,Young,6-10 years,1,1,0.99573994,1,High Risk
25,36000,MORTGAGE,2.0,DEBTCONSOLIDATION,C,13750,13.22,0.38,N,4,0.3819444444444444,3000.0,4.583333333333333,Young,0-2 years,1,1,0.5635627,1,Medium Risk
24,80000,MORTGAGE,8.0,DEBTCONSOLIDATION,C,24000,14.35,0.3,Y,3,0.3,6666.666666666667,3.5999999999999996,Young,6-10 years,1,0,0.2919434,0,Low Risk
25,120000,MORTGAGE,6.0,EDUCATION,B,10000,,0.08,N,2,0.08333333333333333,10000.0,1.0,Young,6-10 years,0,0,0.103189945,0,Low Risk
34,30000,OWN,3.0,HOMEIMPROVEMENT,C,8875,14.27,0.3,Y,8,0.29583333333333334,2500.0,3.55,Adult,3-5 years,1,0,0.009413728,0,Low Risk
27,83604,RENT,2.0,MEDICAL,B,11000,9.76,0.13,N,7,0.13157265202621884,6967.0,1.578871824314626,Adult,0-2 years,0,0,0.08135653,0,Low Risk
30,92000,MORTGAGE,9.0,VENTURE,A,5000,,0.05,N,10,0.05434782608695652,7666.666666666667,0.6521739130434783,Adult,6-10 years,0,0,0.006249886,0,Low Risk
34,357000,MORTGAGE,3.0,HOMEIMPROVEMENT,E,14000,18.64,0.04,Y,9,0.0392156862745098,29750.0,0.47058823529411764,Adult,3-5 years,0,0,0.4047284,0,Medium Risk
23,39996,RENT,0.0,EDUCATION,C,6000,11.66,0.15,N,3,0.15001500150015,3333.0,1.8001800180018002,Young,0-2 years,0,0,0.14022689,0,Low Risk
28,62000,RENT,0.0,VENTURE,B,12000,10.65,0.19,N,8,0.1935483870967742,5166.666666666667,2.32258064516129,Adult,0-2 years,0,0,0.009288294,0,Low Risk
26,69000,MORTGAGE,8.0,PERSONAL,A,15000,7.49,0.22,N,3,0.21739130434782608,5750.0,2.608695652173913,Adult,6-10 years,0,0,0.44632572,0,Medium Risk
22,103000,MORTGAGE,,MEDICAL,A,2500,,0.02,N,3,0.024271844660194174,8583.333333333334,0.2912621359223301,Young,,0,0,0.052248105,0,Low Risk
24,38400,RENT,2.0,DEBTCONSOLIDATION,A,5500,6.92,0.14,N,3,0.14322916666666666,3200.0,1.71875,Young,0-2 years,0,0,0.046959903,0,Low Risk
21,40000,MORTGAGE,3.0,DEBTCONSOLIDATION,A,8000,6.92,0.2,N,4,0.2,3333.3333333333335,2.4,Young,3-5 years,0,0,0.048811886,0,Low Risk
22,33000,RENT,1.0,DEBTCONSOLIDATION,A,2000,,0.06,N,3,0.06060606060606061,2750.0,0.7272727272727273,Young,0-2 years,0,0,0.3023219,0,Medium Risk
26,50200,RENT,1.0,HOMEIMPROVEMENT,A,9000,7.66,0.18,N,3,0.17928286852589642,4183.333333333333,2.1513944223107573,Adult,0-2 years,0,0,0.053562608,0,Low Risk
40,148350,MORTGAGE,11.0,VENTURE,A,5000,6.03,0.03,N,11,0.03370407819346141,12362.5,0.4044489383215369,Middle Age,10+ years,0,0,0.001239345,0,Low Risk
38,50000,MORTGAGE,6.0,PERSONAL,D,3000,15.05,0.06,N,12,0.06,4166.666666666667,0.72,Middle Age,6-10 years,0,0,0.18048161,0,Low Risk
45,28320,RENT,1.0,MEDICAL,B,3000,,0.11,N,11,0.1059322033898305,2360.0,1.271186440677966,Middle Age,0-2 years,0,0,0.24888863,0,Low Risk
24,60000,OWN,1.0,VENTURE,D,15000,16.89,0.25,Y,2,0.25,5000.0,3.0,Young,0-2 years,0,0,0.0094413,0,Low Risk
48,49000,RENT,2.0,EDUCATION,D,6000,14.09,0.12,Y,11,0.12244897959183673,4083.3333333333335,1.4693877551020407,Middle Age,0-2 years,0,1,0.9704048,1,High Risk
24,20000,RENT,3.0,MEDICAL,B,3600,11.71,0.18,N,4,0.18,1666.6666666666667,2.1599999999999997,Young,3-5 years,0,0,0.23303589,0,Low Risk
22,32000,RENT,0.0,PERSONAL,D,7875,14.91,0.25,N,2,0.24609375,2666.6666666666665,2.953125,Young,0-2 years,0,1,0.98229146,1,High Risk
24,90000,RENT,4.0,PERSONAL,B,12000,9.91,0.13,N,2,0.13333333333333333,7500.0,1.6,Young,3-5 years,0,0,0.05099802,0,Low Risk
22,42000,RENT,6.0,DEBTCONSOLIDATION,B,3000,12.69,0.07,N,2,0.07142857142857142,3500.0,0.8571428571428571,Young,6-10 years,0,0,0.38471642,0,Medium Risk
25,70000,RENT,3.0,PERSONAL,C,8000,14.26,0.11,N,4,0.11428571428571428,5833.333333333333,1.3714285714285714,Young,3-5 years,0,0,0.15714914,0,Low Risk
27,108000,MORTGAGE,6.0,MEDICAL,A,10000,6.54,0.09,N,8,0.09259259259259259,9000.0,1.1111111111111112,Adult,6-10 years,0,0,0.023066469,0,Low Risk
38,77250,OWN,4.0,VENTURE,A,3000,8.59,0.04,N,15,0.038834951456310676,6437.5,0.46601941747572817,Middle Age,3-5 years,0,0,0.0004791965,0,Low Risk
23,37344,MORTGAGE,0.0,EDUCATION,C,3200,12.68,0.09,Y,2,0.0856898029134533,3112.0,1.0282776349614395,Young,0-2 years,0,0,0.22711721,0,Low Risk
22,50000,OWN,1.0,EDUCATION,A,3600,,0.07,N,3,0.072,4166.666666666667,0.864,Young,0-2 years,0,0,0.0012671672,0,Low Risk
31,168000,MORTGAGE,2.0,EDUCATION,B,15500,9.25,0.09,N,9,0.09226190476190477,14000.0,1.1071428571428572,Adult,0-2 years,0,0,0.09309095,0,Low Risk
22,38400,RENT,4.0,EDUCATION,C,4000,12.99,0.1,N,2,0.10416666666666667,3200.0,1.25,Young,3-5 years,0,0,0.117403395,0,Low Risk
21,24000,RENT,5.0,DEBTCONSOLIDATION,C,13000,12.87,0.54,N,2,0.5416666666666666,2000.0,6.5,Young,3-5 years,1,1,0.99505687,1,High Risk
22,75000,MORTGAGE,6.0,DEBTCONSOLIDATION,A,18000,5.79,0.24,N,2,0.24,6250.0,2.88,Young,6-10 years,0,0,0.047168307,0,Low Risk
23,141000,MORTGAGE,1.0,EDUCATION,B,15000,,0.11,N,4,0.10638297872340426,11750.0,1.2765957446808511,Young,0-2 years,0,0,0.05747386,0,Low Risk
33,50000,RENT,0.0,HOMEIMPROVEMENT,A,20400,6.54,0.41,N,7,0.408,4166.666666666667,4.896,Adult,0-2 years,1,1,0.9828767,1,High Risk
35,66560,MORTGAGE,11.0,VENTURE,A,4200,5.79,0.06,N,10,0.06310096153846154,5546.666666666667,0.7572115384615384,Adult,10+ years,0,0,0.0023989643,0,Low Risk
36,33481,RENT,9.0,MEDICAL,E,13475,15.68,0.4,Y,15,0.40246707087601924,2790.0833333333335,4.82960485051223,Middle Age,6-10 years,1,1,0.9936265,1,High Risk
37,40800,OWN,4.0,PERSONAL,B,2875,11.99,0.07,N,14,0.0704656862745098,3400.0,0.8455882352941176,Middle Age,3-5 years,0,0,0.0034851343,0,Low Risk
27,32200,RENT,1.0,EDUCATION,E,6300,16.45,0.2,N,6,0.1956521739130435,2683.3333333333335,2.3478260869565215,Adult,0-2 years,0,1,0.96106493,1,High Risk
28,75000,RENT,0.0,HOMEIMPROVEMENT,B,20000,11.11,0.27,N,7,0.26666666666666666,6250.0,3.2,Adult,0-2 years,0,0,0.2065543,0,Low Risk
53,138000,RENT,4.0,PERSONAL,B,15000,12.69,0.11,N,21,0.10869565217391304,11500.0,1.3043478260869565,Senior,3-5 years,0,1,0.16496687,0,Low Risk
22,31000,RENT,6.0,PERSONAL,D,15000,,0.48,Y,4,0.4838709677419355,2583.3333333333335,5.806451612903225,Young,6-10 years,1,1,0.996619,1,High Risk
33,33000,RENT,4.0,PERSONAL,B,16750,12.53,0.51,N,5,0.5075757575757576,2750.0,6.090909090909091,Adult,3-5 years,1,1,0.9959571,1,High Risk
22,78000,MORTGAGE,2.0,EDUCATION,B,1750,10.65,0.02,N,4,0.022435897435897436,6500.0,0.2692307692307692,Young,0-2 years,0,0,0.23214562,0,Low Risk
23,90000,RENT,2.0,MEDICAL,B,20000,11.49,0.22,N,4,0.2222222222222222,7500.0,2.6666666666666665,Young,0-2 years,0,0,0.1491184,0,Low Risk
24,42000,RENT,1.0,PERSONAL,B,2000,12.69,0.05,N,4,0.047619047619047616,3500.0,0.5714285714285714,Young,0-2 years,0,1,0.23020734,0,Low Risk
21,24000,RENT,5.0,EDUCATION,B,2000,11.14,0.08,N,4,0.08333333333333333,2000.0,1.0,Young,3-5 years,0,0,0.2756487,0,Low Risk
33,42000,RENT,0.0,MEDICAL,A,8000,5.99,0.19,N,7,0.19047619047619047,3500.0,2.2857142857142856,Adult,0-2 years,0,0,0.05333655,0,Low Risk
41,92000,MORTGAGE,15.0,EDUCATION,A,12000,7.66,0.13,N,13,0.13043478260869565,7666.666666666667,1.5652173913043477,Middle Age,10+ years,0,0,0.023359062,0,Low Risk
42,35004,RENT,12.0,MEDICAL,A,1500,7.37,0.04,N,12,0.04285224545766198,2917.0,0.5142269454919438,Middle Age,10+ years,0,0,0.10000246,0,Low Risk
22,50000,MORTGAGE,0.0,EDUCATION,A,12800,5.79,0.26,N,3,0.256,4166.666666666667,3.0719999999999996,Young,0-2 years,0,0,0.03948499,0,Low Risk
38,86105,RENT,2.0,MEDICAL,A,8000,6.54,0.08,N,17,0.09290981940653853,7175.416666666667,1.1149178328784624,Middle Age,0-2 years,0,1,0.02183541,0,Low Risk
24,70000,MORTGAGE,1.0,VENTURE,B,25000,10.62,0.36,N,2,0.35714285714285715,5833.333333333333,4.285714285714286,Young,0-2 years,1,0,0.025602385,0,Low Risk
35,31000,RENT,0.0,VENTURE,C,5000,14.35,0.16,N,7,0.16129032258064516,2583.3333333333335,1.9354838709677418,Adult,0-2 years,0,0,0.5257075,1,Medium Risk
28,68004,RENT,1.0,PERSONAL,C,15000,13.16,0.22,Y,7,0.22057526027880714,5667.0,2.6469031233456857,Adult,0-2 years,0,0,0.27883098,0,Low Risk
25,50400,MORTGAGE,,HOMEIMPROVEMENT,A,6000,7.14,0.12,N,4,0.11904761904761904,4200.0,1.4285714285714286,Young,,0,0,0.04476938,0,Low Risk
24,30000,RENT,0.0,PERSONAL,E,10000,19.29,0.33,Y,3,0.3333333333333333,2500.0,4.0,Young,0-2 years,1,1,0.997543,1,High Risk
30,51000,RENT,14.0,PERSONAL,B,4800,12.69,0.09,N,10,0.09411764705882353,4250.0,1.1294117647058823,Adult,10+ years,0,0,0.2874081,0,Low Risk
27,75000,RENT,5.0,PERSONAL,A,15000,6.91,0.2,N,10,0.2,6250.0,2.4,Adult,3-5 years,0,0,0.038804185,0,Low Risk
24,60000,MORTGAGE,8.0,MEDICAL,A,17000,7.49,0.28,N,2,0.2833333333333333,5000.0,3.4,Young,6-10 years,0,0,0.11202966,0,Low Risk
21,30000,RENT,1.0,VENTURE,C,6000,13.16,0.2,N,4,0.2,2500.0,2.4,Young,0-2 years,0,1,0.46755943,0,Medium Risk
41,26400,MORTGAGE,1.0,PERSONAL,D,10300,16.29,0.39,Y,14,0.39015151515151514,2200.0,4.681818181818182,Middle Age,0-2 years,1,1,0.6466593,1,High Risk
27,78200,OWN,4.0,MEDICAL,E,35000,17.99,0.38,Y,7,0.4475703324808184,6516.666666666667,5.370843989769821,Adult,3-5 years,1,1,0.9538055,1,High Risk
32,53000,RENT,4.0,MEDICAL,A,9000,5.79,0.17,N,6,0.16981132075471697,4416.666666666667,2.0377358490566038,Adult,3-5 years,0,0,0.045864332,0,Low Risk
36,70000,MORTGAGE,11.0,PERSONAL,C,25000,12.84,0.36,Y,16,0.35714285714285715,5833.333333333333,4.285714285714286,Middle Age,10+ years,1,0,0.21236329,0,Low Risk
28,107000,RENT,4.0,HOMEIMPROVEMENT,C,16000,13.49,0.15,N,6,0.14953271028037382,8916.666666666666,1.7943925233644862,Adult,3-5 years,0,0,0.14325076,0,Low Risk
25,48000,MORTGAGE,8.0,PERSONAL,A,2250,8.49,0.05,N,3,0.046875,4000.0,0.5625,Young,6-10 years,0,1,0.16402538,0,Low Risk
22,56400,MORTGAGE,6.0,EDUCATION,D,17300,15.62,0.31,N,4,0.3067375886524823,4700.0,3.6808510638297873,Young,6-10 years,1,0,0.47502238,0,Medium Risk
22,34000,RENT,5.0,VENTURE,A,7200,7.9,0.21,N,4,0.21176470588235294,2833.3333333333335,2.541176470588235,Young,3-5 years,0,0,0.096796095,0,Low Risk
31,62000,MORTGAGE,4.0,HOMEIMPROVEMENT,B,17000,,0.27,N,10,0.27419354838709675,5166.666666666667,3.290322580645161,Adult,3-5 years,0,0,0.16912407,0,Low Risk
41,65000,MORTGAGE,6.0,HOMEIMPROVEMENT,B,20000,12.21,0.31,N,13,0.3076923076923077,5416.666666666667,3.692307692307692,Middle Age,6-10 years,1,0,0.16087402,0,Low Risk
30,40000,MORTGAGE,8.0,HOMEIMPROVEMENT,B,8600,10.65,0.21,N,6,0.215,3333.3333333333335,2.58,Adult,6-10 years,0,0,0.1692793,0,Low Risk
22,67000,MORTGAGE,6.0,VENTURE,A,4000,6.76,0.06,N,3,0.05970149253731343,5583.333333333333,0.7164179104477613,Young,6-10 years,0,0,0.0032532737,0,Low Risk
44,57000,RENT,1.0,MEDICAL,B,4200,,0.07,N,13,0.07368421052631578,4750.0,0.8842105263157894,Middle Age,0-2 years,0,0,0.22400062,0,Low Risk
21,32400,RENT,1.0,EDUCATION,B,10000,11.48,0.31,N,2,0.30864197530864196,2700.0,3.7037037037037037,Young,0-2 years,1,1,0.98831046,1,High Risk
24,61000,MORTGAGE,4.0,PERSONAL,D,10000,15.65,0.16,N,3,0.16393442622950818,5083.333333333333,1.9672131147540985,Young,3-5 years,0,0,0.31896824,0,Medium Risk
24,34000,RENT,0.0,VENTURE,D,8000,16.49,0.24,Y,3,0.23529411764705882,2833.3333333333335,2.8235294117647056,Young,0-2 years,0,1,0.9905262,1,High Risk
26,67983,MORTGAGE,7.0,MEDICAL,D,15000,16.49,0.19,Y,3,0.22064339614315343,5665.25,2.647720753717841,Adult,6-10 years,0,1,0.96883696,1,High Risk
31,18996,OWN,6.0,HOMEIMPROVEMENT,C,7000,,0.37,N,8,0.3684986312907981,1583.0,4.421983575489577,Adult,6-10 years,1,1,0.99812454,1,High Risk
44,67000,MORTGAGE,28.0,HOMEIMPROVEMENT,B,3000,,0.04,N,14,0.04477611940298507,5583.333333333333,0.5373134328358209,Middle Age,10+ years,0,0,0.16796799,0,Low Risk
37,55000,OWN,2.0,VENTURE,B,24375,10.37,0.44,N,13,0.4431818181818182,4583.333333333333,5.318181818181818,Middle Age,0-2 years,1,0,0.0020370134,0,Low Risk
30,80000,MORTGAGE,6.0,HOMEIMPROVEMENT,B,12000,,0.15,N,8,0.15,6666.666666666667,1.7999999999999998,Adult,6-10 years,0,0,0.06669716,0,Low Risk
28,64500,MORTGAGE,1.0,VENTURE,C,4000,13.79,0.06,Y,8,0.06201550387596899,5375.0,0.7441860465116279,Adult,0-2 years,0,1,0.26572353,0,Low Risk
33,42000,RENT,3.0,MEDICAL,C,12000,13.57,0.29,Y,6,0.2857142857142857,3500.0,3.4285714285714284,Adult,3-5 years,0,0,0.23373763,0,Low Risk
30,56030,MORTGAGE,14.0,PERSONAL,B,13000,11.89,0.23,N,7,0.23201856148491878,4669.166666666667,2.784222737819025,Adult,10+ years,0,0,0.31457546,0,Medium Risk
30,55000,RENT,14.0,DEBTCONSOLIDATION,C,15800,14.72,0.29,N,9,0.2872727272727273,4583.333333333333,3.4472727272727277,Adult,10+ years,0,0,0.37671778,0,Medium Risk
30,105000,MORTGAGE,12.0,EDUCATION,A,12000,7.88,0.11,N,6,0.11428571428571428,8750.0,1.3714285714285714,Adult,10+ years,0,0,0.033684976,0,Low Risk
24,36000,RENT,2.0,VENTURE,D,8000,14.96,0.22,Y,2,0.2222222222222222,3000.0,2.6666666666666665,Young,0-2 years,0,1,0.9630691,1,High Risk
22,48000,RENT,7.0,EDUCATION,A,5000,6.99,0.1,N,2,0.10416666666666667,4000.0,1.25,Young,6-10 years,0,0,0.12258435,0,Low Risk
23,57664,MORTGAGE,4.0,EDUCATION,A,10000,6.62,0.17,N,4,0.17341842397336293,4805.333333333333,2.081021087680355,Young,3-5 years,0,0,0.061459888,0,Low Risk
23,60000,MORTGAGE,7.0,PERSONAL,C,2000,15.23,0.03,Y,2,0.03333333333333333,5000.0,0.4,Young,6-10 years,0,0,0.10926903,0,Low Risk
31,80000,MORTGAGE,10.0,MEDICAL,A,10000,,0.13,N,5,0.125,6666.666666666667,1.5,Adult,6-10 years,0,0,0.04206032,0,Low Risk
23,32000,MORTGAGE,4.0,EDUCATION,A,1200,7.68,0.04,N,2,0.0375,2666.6666666666665,0.45,Young,3-5 years,0,0,0.3409788,0,Medium Risk
30,97192,MORTGAGE,3.0,PERSONAL,A,6500,7.29,0.07,N,10,0.0668779323401103,8099.333333333333,0.8025351880813236,Adult,3-5 years,0,0,0.021137422,0,Low Risk
24,72000,MORTGAGE,4.0,MEDICAL,B,5000,9.25,0.07,N,2,0.06944444444444445,6000.0,0.8333333333333334,Young,3-5 years,0,0,0.17228492,0,Low Risk
34,62000,RENT,1.0,HOMEIMPROVEMENT,A,6000,7.49,0.1,N,9,0.0967741935483871,5166.666666666667,1.161290322580645,Adult,0-2 years,0,0,0.075700596,0,Low Risk
23,50508,OWN,8.0,PERSONAL,B,7500,10.83,0.15,N,4,0.14849132810643859,4209.0,1.781895937277263,Young,6-10 years,0,0,0.0012138307,0,Low Risk
28,95000,OWN,4.0,HOMEIMPROVEMENT,B,25000,9.62,0.26,N,8,0.2631578947368421,7916.666666666667,3.1578947368421053,Adult,3-5 years,0,0,0.006197878,0,Low Risk
23,14664,MORTGAGE,0.0,DEBTCONSOLIDATION,C,6000,,0.41,N,4,0.40916530278232405,1222.0,4.909983633387888,Young,0-2 years,1,1,0.99432075,1,High Risk
39,130000,OWN,13.0,HOMEIMPROVEMENT,D,25000,16.07,0.19,N,14,0.19230769230769232,10833.333333333334,2.3076923076923075,Middle Age,10+ years,0,0,0.012828097,0,Low Risk
23,80000,RENT,5.0,EDUCATION,A,8000,7.9,0.1,N,3,0.1,6666.666666666667,1.2,Young,3-5 years,0,0,0.030697564,0,Low Risk
27,65000,MORTGAGE,7.0,HOMEIMPROVEMENT,C,4500,13.92,0.07,N,7,0.06923076923076923,5416.666666666667,0.8307692307692307,Adult,6-10 years,0,0,0.13836116,0,Low Risk
22,60000,RENT,5.0,EDUCATION,B,6000,11.49,0.1,N,4,0.1,5000.0,1.2,Young,3-5 years,0,0,0.054895416,0,Low Risk
29,42000,RENT,6.0,DEBTCONSOLIDATION,D,10800,16.29,0.26,Y,7,0.2571428571428571,3500.0,3.085714285714286,Adult,6-10 years,0,1,0.98372155,1,High Risk
25,25000,RENT,0.0,MEDICAL,C,8500,12.53,0.34,Y,2,0.34,2083.3333333333335,4.08,Young,0-2 years,1,1,0.9928477,1,High Risk
30,22800,RENT,5.0,PERSONAL,B,1000,11.49,0.04,N,5,0.043859649122807015,1900.0,0.5263157894736842,Adult,3-5 years,0,0,0.36155424,0,Medium Risk
31,42000,OWN,0.0,HOMEIMPROVEMENT,B,7200,9.99,0.17,N,8,0.17142857142857143,3500.0,2.057142857142857,Adult,0-2 years,0,0,0.0062973397,0,Low Risk
22,60000,RENT,0.0,EDUCATION,C,4400,15.23,0.07,Y,3,0.07333333333333333,5000.0,0.88,Young,0-2 years,0,0,0.20585127,0,Low Risk
24,34000,MORTGAGE,1.0,PERSONAL,C,5100,14.35,0.15,N,4,0.15,2833.3333333333335,1.7999999999999998,Young,0-2 years,0,0,0.7134103,1,High Risk
24,40000,MORTGAGE,3.0,EDUCATION,B,6400,9.91,0.16,N,4,0.16,3333.3333333333335,1.92,Young,3-5 years,0,0,0.08712579,0,Low Risk
24,41004,RENT,2.0,DEBTCONSOLIDATION,B,10000,11.14,0.24,N,2,0.24387864598575748,3417.0,2.9265437518290898,Young,0-2 years,0,0,0.21421728,0,Low Risk
24,46704,RENT,2.0,PERSONAL,B,9000,11.49,0.19,N,3,0.19270298047276466,3892.0,2.3124357656731758,Young,0-2 years,0,0,0.2986105,0,Low Risk
27,66240,RENT,7.0,VENTURE,A,5000,5.79,0.08,N,6,0.07548309178743962,5520.0,0.9057971014492754,Adult,6-10 years,0,0,0.004660827,0,Low Risk
22,85200,RENT,6.0,VENTURE,D,20000,15.65,0.23,Y,4,0.2347417840375587,7100.0,2.816901408450704,Young,6-10 years,0,1,0.32521394,0,Medium Risk
25,154008,MORTGAGE,1.0,DEBTCONSOLIDATION,B,9600,10.95,0.06,N,4,0.06233442418575658,12834.0,0.748013090229079,Young,0-2 years,0,0,0.069863684,0,Low Risk
25,90000,MORTGAGE,9.0,VENTURE,B,5600,9.99,0.06,N,4,0.06222222222222222,7500.0,0.7466666666666667,Young,6-10 years,0,0,0.004219591,0,Low Risk
24,65450,RENT,7.0,DEBTCONSOLIDATION,A,9600,8.49,0.15,N,2,0.1466768525592055,5454.166666666667,1.7601222307104658,Young,6-10 years,0,0,0.10269485,0,Low Risk
28,48096,RENT,4.0,DEBTCONSOLIDATION,E,1200,17.56,0.02,Y,5,0.0249500998003992,4008.0,0.2994011976047904,Adult,3-5 years,0,1,0.9577016,1,High Risk
24,52800,RENT,3.0,HOMEIMPROVEMENT,B,6000,9.91,0.11,N,4,0.11363636363636363,4400.0,1.3636363636363635,Young,3-5 years,0,0,0.3235087,0,Medium Risk
42,360000,MORTGAGE,11.0,EDUCATION,B,25000,9.99,0.07,N,14,0.06944444444444445,30000.0,0.8333333333333334,Middle Age,10+ years,0,0,0.117784284,0,Low Risk
34,77000,RENT,0.0,VENTURE,A,4800,7.14,0.06,N,7,0.06233766233766234,6416.666666666667,0.748051948051948,Adult,0-2 years,0,0,0.005141289,0,Low Risk
26,70000,RENT,5.0,PERSONAL,C,4000,13.85,0.06,N,4,0.05714285714285714,5833.333333333333,0.6857142857142857,Adult,3-5 years,0,0,0.11185659,0,Low Risk
25,80000,MORTGAGE,4.0,PERSONAL,A,11000,6.62,0.14,N,3,0.1375,6666.666666666667,1.65,Young,3-5 years,0,0,0.021062296,0,Low Risk
31,40000,RENT,5.0,MEDICAL,C,2500,13.23,0.06,Y,5,0.0625,3333.3333333333335,0.75,Adult,3-5 years,0,0,0.12113642,0,Low Risk
32,48000,RENT,15.0,DEBTCONSOLIDATION,A,3600,6.92,0.07,N,5,0.075,4000.0,0.9,Adult,10+ years,0,0,0.0746946,0,Low Risk
27,113800,MORTGAGE,3.0,MEDICAL,A,7500,8.63,0.07,N,10,0.06590509666080843,9483.333333333334,0.7908611599297012,Adult,3-5 years,0,0,0.028878884,0,Low Risk
42,30000,RENT,0.0,DEBTCONSOLIDATION,A,4200,7.49,0.14,N,13,0.14,2500.0,1.68,Middle Age,0-2 years,0,0,0.17109604,0,Low Risk
24,55000,RENT,6.0,DEBTCONSOLIDATION,A,10000,8.94,0.18,N,3,0.18181818181818182,4583.333333333333,2.181818181818182,Young,6-10 years,0,0,0.10909472,0,Low Risk
29,30000,MORTGAGE,2.0,MEDICAL,A,6500,8.59,0.22,N,10,0.21666666666666667,2500.0,2.6,Adult,0-2 years,0,0,0.25132555,0,Low Risk
22,48000,RENT,2.0,EDUCATION,B,2600,11.12,0.05,N,3,0.05416666666666667,4000.0,0.65,Young,0-2 years,0,0,0.19491646,0,Low Risk
30,45000,RENT,0.0,MEDICAL,B,8500,11.89,0.19,N,7,0.18888888888888888,3750.0,2.2666666666666666,Adult,0-2 years,0,0,0.17420742,0,Low Risk
34,27000,RENT,3.0,MEDICAL,B,2525,12.21,0.09,N,10,0.09351851851851851,2250.0,1.1222222222222222,Adult,3-5 years,0,0,0.28202954,0,Low Risk
29,60000,MORTGAGE,7.0,PERSONAL,A,8500,6.92,0.14,N,6,0.14166666666666666,5000.0,1.7,Adult,6-10 years,0,0,0.04544551,0,Low Risk
25,18000,RENT,1.0,PERSONAL,B,5500,11.71,0.31,N,2,0.3055555555555556,1500.0,3.6666666666666665,Young,0-2 years,1,1,0.99808323,1,High Risk
21,31680,RENT,5.0,MEDICAL,C,15000,12.61,0.47,Y,4,0.4734848484848485,2640.0,5.681818181818182,Young,3-5 years,1,1,0.9959282,1,High Risk
21,9600,RENT,4.0,HOMEIMPROVEMENT,D,2000,15.99,0.21,N,3,0.20833333333333334,800.0,2.5,Young,3-5 years,0,1,0.9974388,1,High Risk
25,67200,MORTGAGE,9.0,HOMEIMPROVEMENT,C,15000,,0.22,N,4,0.22321428571428573,5600.0,2.6785714285714284,Young,6-10 years,0,0,0.32363206,0,Medium Risk
24,42000,RENT,1.0,HOMEIMPROVEMENT,D,2000,15.62,0.05,Y,2,0.047619047619047616,3500.0,0.5714285714285714,Young,0-2 years,0,1,0.98921865,1,High Risk
25,155796,MORTGAGE,4.0,PERSONAL,C,25000,13.48,0.16,N,2,0.16046625073814474,12983.0,1.925595008857737,Young,3-5 years,0,0,0.1142839,0,Low Risk
25,50000,RENT,3.0,PERSONAL,D,4000,14.61,0.08,Y,4,0.08,4166.666666666667,0.96,Young,3-5 years,0,0,0.28400213,0,Low Risk
35,44000,RENT,8.0,DEBTCONSOLIDATION,A,10000,6.54,0.23,N,6,0.22727272727272727,3666.6666666666665,2.7272727272727275,Adult,6-10 years,0,0,0.15743169,0,Low Risk
25,60000,RENT,9.0,MEDICAL,C,8400,13.99,0.14,Y,3,0.14,5000.0,1.68,Young,6-10 years,0,0,0.30042076,0,Medium Risk
23,36000,RENT,0.0,PERSONAL,B,4800,11.11,0.13,N,3,0.13333333333333333,3000.0,1.6,Young,0-2 years,0,0,0.24930327,0,Low Risk
27,39000,RENT,6.0,DEBTCONSOLIDATION,C,11100,,0.28,Y,9,0.2846153846153846,3250.0,3.4153846153846152,Adult,6-10 years,0,1,0.3833269,0,Medium Risk
29,64000,RENT,3.0,DEBTCONSOLIDATION,D,9000,,0.14,Y,6,0.140625,5333.333333333333,1.6875,Adult,3-5 years,0,1,0.9549892,1,High Risk
23,83600,RENT,7.0,PERSONAL,A,15000,8.49,0.18,N,3,0.17942583732057416,6966.666666666667,2.15311004784689,Young,6-10 years,0,1,0.1884142,0,Low Risk
23,36000,RENT,1.0,MEDICAL,C,5000,13.22,0.14,N,4,0.1388888888888889,3000.0,1.6666666666666667,Young,0-2 years,0,0,0.43375587,0,Medium Risk
26,24000,RENT,5.0,DEBTCONSOLIDATION,A,6000,6.62,0.25,N,4,0.25,2000.0,3.0,Adult,3-5 years,0,0,0.15936357,0,Low Risk
23,90000,RENT,0.0,DEBTCONSOLIDATION,B,25000,11.36,0.28,N,3,0.2777777777777778,7500.0,3.3333333333333335,Young,0-2 years,0,0,0.19133489,0,Low Risk
33,60626,RENT,3.0,VENTURE,B,10000,10.74,0.16,N,6,0.16494573285389108,5052.166666666667,1.9793487942466927,Adult,3-5 years,0,0,0.008457707,0,Low Risk
23,39996,RENT,2.0,EDUCATION,B,18000,9.25,0.45,N,4,0.45004500450045004,3333.0,5.4005400540054005,Young,0-2 years,1,1,0.99297345,1,High Risk
24,42996,RENT,5.0,MEDICAL,A,5000,7.14,0.12,N,4,0.11628988743138896,3583.0,1.3954786491766675,Young,3-5 years,0,0,0.10307972,0,Low Risk
23,34320,RENT,5.0,DEBTCONSOLIDATION,F,7000,18.3,0.2,Y,3,0.20396270396270397,2860.0,2.4475524475524475,Young,3-5 years,0,1,0.9683613,1,High Risk
22,72000,MORTGAGE,6.0,PERSONAL,B,5000,12.69,0.07,N,3,0.06944444444444445,6000.0,0.8333333333333334,Young,6-10 years,0,0,0.2407998,0,Low Risk
23,34800,RENT,6.0,EDUCATION,A,6600,7.49,0.19,N,3,0.1896551724137931,2900.0,2.2758620689655173,Young,6-10 years,0,0,0.21722785,0,Low Risk
36,15000,RENT,0.0,PERSONAL,C,5000,10.59,0.33,N,11,0.3333333333333333,1250.0,4.0,Middle Age,0-2 years,1,1,0.9993549,1,High Risk
25,26400,MORTGAGE,1.0,HOMEIMPROVEMENT,A,7500,8.9,0.28,N,3,0.2840909090909091,2200.0,3.409090909090909,Young,0-2 years,0,0,0.4751112,0,Medium Risk
27,37793,RENT,11.0,VENTURE,B,17625,12.69,0.47,N,7,0.4663562035297542,3149.4166666666665,5.596274442357051,Adult,10+ years,1,1,0.99431086,1,High Risk
25,32200,RENT,1.0,VENTURE,D,10000,16.77,0.31,Y,4,0.3105590062111801,2683.3333333333335,3.7267080745341614,Young,0-2 years,1,1,0.9965063,1,High Risk
29,37200,RENT,1.0,MEDICAL,A,15000,6.03,0.4,N,10,0.4032258064516129,3100.0,4.838709677419355,Adult,0-2 years,1,1,0.9902711,1,High Risk
35,78750,MORTGAGE,3.0,DEBTCONSOLIDATION,C,10750,12.23,0.14,N,8,0.1365079365079365,6562.5,1.638095238095238,Adult,3-5 years,0,0,0.36148477,0,Medium Risk
38,52000,MORTGAGE,3.0,DEBTCONSOLIDATION,A,15250,7.88,0.29,N,15,0.2932692307692308,4333.333333333333,3.5192307692307696,Middle Age,3-5 years,0,0,0.056637455,0,Low Risk
29,163000,RENT,4.0,DEBTCONSOLIDATION,B,25000,9.91,0.15,N,5,0.15337423312883436,13583.333333333334,1.840490797546012,Adult,3-5 years,0,0,0.083961576,0,Low Risk
26,22000,RENT,2.0,MEDICAL,B,1750,,0.08,N,3,0.07954545454545454,1833.3333333333333,0.9545454545454546,Adult,0-2 years,0,0,0.22873686,0,Low Risk
26,64000,RENT,8.0,EDUCATION,B,7500,9.83,0.12,N,4,0.1171875,5333.333333333333,1.40625,Adult,6-10 years,0,0,0.29778075,0,Low Risk
28,78000,RENT,12.0,MEDICAL,B,3000,12.42,0.04,N,7,0.038461538461538464,6500.0,0.46153846153846156,Adult,10+ years,0,0,0.22495057,0,Low Risk
26,71000,RENT,9.0,MEDICAL,B,3000,,0.04,N,4,0.04225352112676056,5916.666666666667,0.5070422535211268,Adult,6-10 years,0,0,0.19064888,0,Low Risk
22,72644,MORTGAGE,3.0,PERSONAL,A,5900,7.49,0.08,N,3,0.08121799460382137,6053.666666666667,0.9746159352458564,Young,3-5 years,0,1,0.09301821,0,Low Risk
27,70800,MORTGAGE,0.0,EDUCATION,G,20000,21.21,0.28,Y,8,0.2824858757062147,5900.0,3.389830508474576,Adult,0-2 years,0,1,0.96894157,1,High Risk
22,90000,RENT,2.0,PERSONAL,B,7000,8.88,0.08,N,3,0.07777777777777778,7500.0,0.9333333333333333,Young,0-2 years,0,0,0.057693828,0,Low Risk
25,115000,MORTGAGE,4.0,VENTURE,A,20000,6.91,0.17,N,2,0.17391304347826086,9583.333333333334,2.0869565217391304,Young,3-5 years,0,0,0.004374554,0,Low Risk
27,93000,MORTGAGE,11.0,HOMEIMPROVEMENT,A,7000,5.42,0.08,N,8,0.07526881720430108,7750.0,0.9032258064516129,Adult,10+ years,0,0,0.024890272,0,Low Risk
25,55000,MORTGAGE,6.0,HOMEIMPROVEMENT,B,6500,10.99,0.12,N,2,0.11818181818181818,4583.333333333333,1.4181818181818182,Young,6-10 years,0,0,0.22308594,0,Low Risk
23,65000,MORTGAGE,8.0,VENTURE,A,3600,7.49,0.06,N,3,0.055384615384615386,5416.666666666667,0.6646153846153846,Young,6-10 years,0,0,0.0046888893,0,Low Risk
22,58650,RENT,6.0,MEDICAL,D,16800,16.77,0.24,N,2,0.2864450127877238,4887.5,3.4373401534526855,Young,6-10 years,0,1,0.97969246,1,High Risk
24,32400,RENT,0.0,EDUCATION,C,1600,13.98,0.05,N,3,0.04938271604938271,2700.0,0.5925925925925926,Young,0-2 years,0,1,0.47561195,0,Medium Risk
31,52249,RENT,7.0,HOMEIMPROVEMENT,A,7000,7.49,0.13,N,7,0.13397385595896572,4354.083333333333,1.6076862715075888,Adult,6-10 years,0,0,0.23454836,0,Low Risk
26,52000,RENT,6.0,DEBTCONSOLIDATION,C,2500,14.82,0.05,Y,2,0.04807692307692308,4333.333333333333,0.576923076923077,Adult,6-10 years,0,0,0.1716623,0,Low Risk
26,14400,RENT,1.0,DEBTCONSOLIDATION,D,2000,17.49,0.14,Y,3,0.1388888888888889,1200.0,1.6666666666666667,Adult,0-2 years,0,1,0.9947655,1,High Risk
26,72000,RENT,2.0,VENTURE,B,3600,10.74,0.05,N,4,0.05,6000.0,0.6,Adult,0-2 years,0,0,0.007395197,0,Low Risk
22,68000,MORTGAGE,6.0,EDUCATION,C,9000,15.27,0.13,N,2,0.1323529411764706,5666.666666666667,1.588235294117647,Young,6-10 years,0,0,0.3644003,0,Medium Risk
26,64999,OWN,5.0,VENTURE,C,10000,13.98,0.15,Y,3,0.153848520746473,5416.583333333333,1.8461822489576765,Adult,3-5 years,0,0,0.0024802478,0,Low Risk
22,48000,RENT,6.0,VENTURE,B,5000,,0.1,N,2,0.10416666666666667,4000.0,1.25,Young,6-10 years,0,0,0.025334096,0,Low Risk
29,80000,MORTGAGE,2.0,HOMEIMPROVEMENT,A,4500,6.76,0.06,N,10,0.05625,6666.666666666667,0.6749999999999999,Adult,0-2 years,0,0,0.024675326,0,Low Risk
23,62000,RENT,0.0,EDUCATION,C,10000,14.27,0.16,Y,2,0.16129032258064516,5166.666666666667,1.9354838709677418,Young,0-2 years,0,0,0.21548769,0,Low Risk
29,35000,OWN,0.0,VENTURE,C,10000,12.87,0.29,Y,8,0.2857142857142857,2916.6666666666665,3.428571428571429,Adult,0-2 years,0,0,0.0032114433,0,Low Risk
27,50000,MORTGAGE,1.0,VENTURE,A,6500,7.74,0.13,N,6,0.13,4166.666666666667,1.5599999999999998,Adult,0-2 years,0,0,0.0018562619,0,Low Risk
40,54000,MORTGAGE,19.0,PERSONAL,A,5000,5.42,0.09,N,13,0.09259259259259259,4500.0,1.1111111111111112,Middle Age,10+ years,0,0,0.14991502,0,Low Risk
34,35496,MORTGAGE,15.0,EDUCATION,C,2800,14.17,0.08,Y,7,0.07888212756366915,2958.0,0.9465855307640297,Adult,10+ years,0,1,0.42672724,0,Medium Risk
23,44340,OWN,0.0,VENTURE,C,3000,12.98,0.07,Y,3,0.06765899864682003,3695.0,0.8119079837618404,Young,0-2 years,0,0,0.006399924,0,Low Risk
44,80100,MORTGAGE,16.0,MEDICAL,B,8000,10.38,0.1,N,16,0.09987515605493133,6675.0,1.198501872659176,Middle Age,10+ years,0,0,0.1491062,0,Low Risk
37,75000,MORTGAGE,,MEDICAL,A,6000,6.03,0.08,N,11,0.08,6250.0,0.96,Middle Age,,0,0,0.018061385,0,Low Risk
37,70000,MORTGAGE,0.0,VENTURE,B,10000,,0.14,N,11,0.14285714285714285,5833.333333333333,1.7142857142857144,Middle Age,0-2 years,0,0,0.0067763682,0,Low Risk
25,44400,MORTGAGE,9.0,DEBTCONSOLIDATION,A,6000,6.03,0.14,N,2,0.13513513513513514,3700.0,1.6216216216216217,Young,6-10 years,0,0,0.26761863,0,Low Risk
25,31200,MORTGAGE,3.0,MEDICAL,A,11200,5.42,0.36,N,2,0.358974358974359,2600.0,4.3076923076923075,Young,3-5 years,1,0,0.24144417,0,Low Risk
24,68648,RENT,1.0,VENTURE,B,5000,10.99,0.07,N,2,0.07283533387717049,5720.666666666667,0.8740240065260458,Young,0-2 years,0,0,0.0276029,0,Low Risk
28,22884,RENT,4.0,DEBTCONSOLIDATION,B,4800,10.38,0.21,N,7,0.2097535395909806,1907.0,2.5170424750917673,Adult,3-5 years,0,0,0.21301095,0,Low Risk
25,24996,RENT,3.0,DEBTCONSOLIDATION,C,7500,12.98,0.3,N,2,0.300048007681229,2083.0,3.600576092174748,Young,3-5 years,1,0,0.31890482,0,Medium Risk
28,130000,MORTGAGE,12.0,PERSONAL,B,13000,10.75,0.1,N,10,0.1,10833.333333333334,1.2,Adult,10+ years,0,0,0.07182049,0,Low Risk
42,40800,MORTGAGE,5.0,DEBTCONSOLIDATION,A,10400,7.51,0.25,N,14,0.2549019607843137,3400.0,3.0588235294117645,Middle Age,3-5 years,0,0,0.04667015,0,Low Risk
29,105996,RENT,13.0,HOMEIMPROVEMENT,D,25000,14.83,0.24,N,9,0.2358579569040341,8833.0,2.8302954828484093,Adult,10+ years,0,0,0.51104164,1,Medium Risk
36,700000,MORTGAGE,16.0,MEDICAL,C,25000,12.53,0.04,Y,13,0.03571428571428571,58333.333333333336,0.42857142857142855,Middle Age,10+ years,0,0,0.21628006,0,Low Risk
32,98000,MORTGAGE,16.0,DEBTCONSOLIDATION,B,15000,10.95,0.15,N,5,0.15306122448979592,8166.666666666667,1.836734693877551,Adult,10+ years,0,1,0.08777868,0,Low Risk
22,65000,RENT,7.0,EDUCATION,A,8000,6.54,0.12,N,4,0.12307692307692308,5416.666666666667,1.4769230769230768,Young,6-10 years,0,0,0.023410518,0,Low Risk
30,100000,MORTGAGE,9.0,MEDICAL,A,12000,8.9,0.12,N,10,0.12,8333.333333333334,1.44,Adult,6-10 years,0,0,0.03467883,0,Low Risk
24,50740,RENT,0.0,MEDICAL,A,6000,9.63,0.12,N,3,0.11824990145841545,4228.333333333333,1.4189988175009856,Young,0-2 years,0,0,0.0453652,0,Low Risk
22,26000,RENT,6.0,PERSONAL,B,5000,11.99,0.19,N,2,0.19230769230769232,2166.6666666666665,2.307692307692308,Young,6-10 years,0,0,0.5287207,1,Medium Risk
33,12000,RENT,0.0,MEDICAL,B,1500,11.83,0.13,N,6,0.125,1000.0,1.5,Adult,0-2 years,0,0,0.49667838,0,Medium Risk
28,79200,RENT,6.0,MEDICAL,A,10000,7.66,0.13,N,10,0.12626262626262627,6600.0,1.5151515151515151,Adult,6-10 years,0,0,0.13129154,0,Low Risk
23,52000,RENT,3.0,EDUCATION,B,7000,10.65,0.13,N,2,0.1346153846153846,4333.333333333333,1.6153846153846154,Young,3-5 years,0,0,0.14531107,0,Low Risk
30,21240,RENT,,MEDICAL,C,2000,14.22,0.09,Y,9,0.09416195856873823,1770.0,1.1299435028248588,Adult,,0,0,0.34814468,0,Medium Risk
23,45240,RENT,4.0,VENTURE,A,3200,7.37,0.07,N,3,0.07073386383731212,3770.0,0.8488063660477454,Young,3-5 years,0,0,0.0063098245,0,Low Risk
38,65000,MORTGAGE,6.0,PERSONAL,C,11500,13.92,0.18,N,14,0.17692307692307693,5416.666666666667,2.123076923076923,Middle Age,6-10 years,0,0,0.080742314,0,Low Risk
30,37600,RENT,2.0,MEDICAL,C,15000,13.06,0.4,Y,7,0.39893617021276595,3133.3333333333335,4.787234042553191,Adult,0-2 years,1,1,0.9926629,1,High Risk
23,60000,RENT,4.0,DEBTCONSOLIDATION,A,7000,5.79,0.12,N,3,0.11666666666666667,5000.0,1.4,Young,3-5 years,0,0,0.08056108,0,Low Risk
29,39960,MORTGAGE,13.0,EDUCATION,D,11000,16.49,0.28,N,6,0.2752752752752753,3330.0,3.3033033033033035,Adult,10+ years,0,0,0.4380772,0,Medium Risk
26,75000,MORTGAGE,7.0,VENTURE,A,10000,7.49,0.13,N,2,0.13333333333333333,6250.0,1.6,Adult,6-10 years,0,0,0.0055186637,0,Low Risk
24,43995,RENT,,PERSONAL,C,7400,13.99,0.17,Y,4,0.16820093192408228,3666.25,2.0184111830889875,Young,,0,1,0.45636424,0,Medium Risk
30,66000,MORTGAGE,15.0,VENTURE,B,15000,11.14,0.23,N,8,0.22727272727272727,5500.0,2.727272727272727,Adult,10+ years,0,0,0.022926,0,Low Risk
24,24996,RENT,0.0,EDUCATION,B,4000,9.45,0.16,N,2,0.16002560409665548,2083.0,1.9203072491598656,Young,0-2 years,0,0,0.22096252,0,Low Risk
35,90000,RENT,4.0,PERSONAL,A,13000,9.32,0.14,N,9,0.14444444444444443,7500.0,1.7333333333333334,Adult,3-5 years,0,0,0.0217004,0,Low Risk
23,13200,RENT,0.0,DEBTCONSOLIDATION,C,3000,,0.23,N,3,0.22727272727272727,1100.0,2.727272727272727,Young,0-2 years,0,1,0.9927247,1,High Risk
23,20400,RENT,4.0,EDUCATION,D,1200,18.25,0.06,N,4,0.058823529411764705,1700.0,0.7058823529411765,Young,3-5 years,0,1,0.5373776,1,Medium Risk
36,53550,RENT,1.0,MEDICAL,B,1600,12.21,0.03,N,16,0.029878618113912233,4462.5,0.3585434173669468,Middle Age,0-2 years,0,1,0.28259674,0,Low Risk
25,42000,RENT,3.0,EDUCATION,A,8000,,0.19,N,4,0.19047619047619047,3500.0,2.2857142857142856,Young,3-5 years,0,0,0.1240985,0,Low Risk
40,75000,MORTGAGE,1.0,VENTURE,A,10000,6.62,0.13,N,17,0.13333333333333333,6250.0,1.6,Middle Age,0-2 years,0,0,0.0016631981,0,Low Risk
25,57000,RENT,0.0,EDUCATION,C,15000,13.85,0.26,N,4,0.2631578947368421,4750.0,3.1578947368421053,Young,0-2 years,0,0,0.24805433,0,Low Risk
24,80000,RENT,6.0,MEDICAL,A,6400,7.49,0.08,N,4,0.08,6666.666666666667,0.96,Young,6-10 years,0,0,0.030342538,0,Low Risk
40,50000,MORTGAGE,5.0,HOMEIMPROVEMENT,D,6000,14.96,0.12,Y,16,0.12,4166.666666666667,1.44,Middle Age,3-5 years,0,0,0.12151676,0,Low Risk
21,42000,MORTGAGE,3.0,EDUCATION,B,13750,11.36,0.33,N,4,0.3273809523809524,3500.0,3.9285714285714284,Young,3-5 years,1,0,0.3259061,0,Medium Risk
27,56000,RENT,1.0,DEBTCONSOLIDATION,C,2500,11.72,0.04,N,5,0.044642857142857144,4666.666666666667,0.5357142857142857,Adult,0-2 years,0,1,0.31403145,0,Medium Risk
25,70000,MORTGAGE,6.0,VENTURE,A,14000,5.42,0.2,N,3,0.2,5833.333333333333,2.4,Young,6-10 years,0,0,0.0046189437,0,Low Risk
23,63750,MORTGAGE,2.0,MEDICAL,C,15000,12.87,0.2,N,4,0.23529411764705882,5312.5,2.823529411764706,Young,0-2 years,0,1,0.3834748,0,Medium Risk
32,98056,MORTGAGE,10.0,VENTURE,B,6000,8.88,0.06,N,9,0.06118952435343069,8171.333333333333,0.7342742922411684,Adult,6-10 years,0,0,0.0039605806,0,Low Risk
42,82000,RENT,10.0,VENTURE,D,12000,13.24,0.15,Y,13,0.14634146341463414,6833.333333333333,1.7560975609756098,Middle Age,6-10 years,0,0,0.32251698,0,Medium Risk
24,156000,MORTGAGE,6.0,MEDICAL,C,15000,13.57,0.1,Y,4,0.09615384615384616,13000.0,1.1538461538461537,Young,6-10 years,0,0,0.13867816,0,Low Risk
22,85000,MORTGAGE,2.0,VENTURE,A,6000,7.88,0.07,N,2,0.07058823529411765,7083.333333333333,0.8470588235294118,Young,0-2 years,0,0,0.0028346907,0,Low Risk
35,26000,OWN,1.0,PERSONAL,A,6000,9.63,0.23,N,6,0.23076923076923078,2166.6666666666665,2.7692307692307696,Adult,0-2 years,0,0,0.0050825705,0,Low Risk
25,30000,RENT,4.0,HOMEIMPROVEMENT,B,3000,12.21,0.1,N,4,0.1,2500.0,1.2,Young,3-5 years,0,1,0.9388493,1,High Risk
33,135000,OWN,0.0,HOMEIMPROVEMENT,A,6275,6.91,0.05,N,7,0.046481481481481485,11250.0,0.5577777777777778,Adult,0-2 years,0,0,0.0019786223,0,Low Risk
27,65000,MORTGAGE,11.0,DEBTCONSOLIDATION,A,19200,7.49,0.3,N,7,0.2953846153846154,5416.666666666667,3.5446153846153843,Adult,10+ years,1,0,0.072352104,0,Low Risk
31,26000,RENT,1.0,MEDICAL,B,6600,,0.25,N,6,0.25384615384615383,2166.6666666666665,3.0461538461538464,Adult,0-2 years,0,0,0.1920418,0,Low Risk
38,80000,MORTGAGE,5.0,DEBTCONSOLIDATION,C,4000,12.98,0.05,Y,13,0.05,6666.666666666667,0.6,Middle Age,3-5 years,0,0,0.13550605,0,Low Risk
48,66000,RENT,6.0,VENTURE,B,6000,11.89,0.09,N,11,0.09090909090909091,5500.0,1.0909090909090908,Middle Age,6-10 years,0,0,0.017095147,0,Low Risk
23,84000,RENT,0.0,EDUCATION,A,12500,6.54,0.15,N,4,0.1488095238095238,7000.0,1.7857142857142858,Young,0-2 years,0,0,0.016775757,0,Low Risk
22,10200,RENT,4.0,VENTURE,C,3250,,0.32,Y,2,0.31862745098039214,850.0,3.823529411764706,Young,3-5 years,1,1,0.99916637,1,High Risk
21,52000,RENT,5.0,EDUCATION,B,1500,11.99,0.03,N,3,0.028846153846153848,4333.333333333333,0.3461538461538462,Young,3-5 years,0,0,0.11000419,0,Low Risk
30,48996,RENT,1.0,HOMEIMPROVEMENT,E,10000,15.45,0.2,N,8,0.20409829373826435,4083.0,2.449179524859172,Adult,0-2 years,0,1,0.9843613,1,High Risk
24,125000,RENT,9.0,HOMEIMPROVEMENT,B,19200,10.99,0.15,N,3,0.1536,10416.666666666666,1.8432000000000002,Young,6-10 years,0,0,0.089330316,0,Low Risk
24,30000,RENT,2.0,VENTURE,A,4000,5.99,0.13,N,2,0.13333333333333333,2500.0,1.6,Young,0-2 years,0,0,0.022687515,0,Low Risk
38,110000,OWN,6.0,PERSONAL,C,12000,12.99,0.11,Y,11,0.10909090909090909,9166.666666666666,1.309090909090909,Middle Age,6-10 years,0,0,0.0027428232,0,Low Risk
21,31544,MORTGAGE,,MEDICAL,A,2200,7.9,0.07,N,2,0.0697438498605123,2628.6666666666665,0.8369261983261477,Young,,0,0,0.42112222,0,Medium Risk
24,113000,MORTGAGE,5.0,VENTURE,B,10500,,0.09,N,4,0.09292035398230089,9416.666666666666,1.1150442477876108,Young,3-5 years,0,0,0.021172304,0,Low Risk
22,73700,RENT,3.0,EDUCATION,F,8800,18.21,0.12,Y,3,0.11940298507462686,6141.666666666667,1.4328358208955223,Young,3-5 years,0,0,0.7258601,1,High Risk
26,105000,OWN,10.0,HOMEIMPROVEMENT,B,4800,11.71,0.05,N,4,0.045714285714285714,8750.0,0.5485714285714286,Adult,6-10 years,0,0,0.0024789316,0,Low Risk
23,38160,MORTGAGE,5.0,MEDICAL,B,12000,10.38,0.31,N,4,0.31446540880503143,3180.0,3.7735849056603774,Young,3-5 years,1,0,0.2896629,0,Low Risk
25,118443,MORTGAGE,7.0,DEBTCONSOLIDATION,A,4900,,0.04,N,2,0.041370110517295236,9870.25,0.4964413262075429,Young,6-10 years,0,0,0.13723686,0,Low Risk
25,42000,RENT,5.0,MEDICAL,B,6000,12.42,0.14,N,2,0.14285714285714285,3500.0,1.7142857142857142,Young,3-5 years,0,0,0.27439955,0,Low Risk
27,52680,OWN,11.0,PERSONAL,D,8000,14.54,0.15,N,10,0.15186028853454822,4390.0,1.8223234624145785,Adult,10+ years,0,0,0.004340455,0,Low Risk
21,40000,RENT,5.0,EDUCATION,B,1500,12.18,0.04,N,4,0.0375,3333.3333333333335,0.44999999999999996,Young,3-5 years,0,0,0.11893756,0,Low Risk
31,80000,RENT,1.0,MEDICAL,B,9600,9.91,0.12,N,7,0.12,6666.666666666667,1.44,Adult,0-2 years,0,0,0.042353295,0,Low Risk
30,96600,RENT,3.0,VENTURE,B,16750,10.62,0.17,N,5,0.17339544513457558,8050.0,2.080745341614907,Adult,3-5 years,0,0,0.005876345,0,Low Risk
22,40000,MORTGAGE,6.0,DEBTCONSOLIDATION,A,4750,,0.12,N,3,0.11875,3333.3333333333335,1.425,Young,6-10 years,0,0,0.081967115,0,Low Risk
26,92000,MORTGAGE,0.0,DEBTCONSOLIDATION,B,5600,11.46,0.06,N,3,0.06086956521739131,7666.666666666667,0.7304347826086957,Adult,0-2 years,0,0,0.07484339,0,Low Risk
23,28000,OWN,1.0,EDUCATION,C,7500,,0.27,N,3,0.26785714285714285,2333.3333333333335,3.214285714285714,Young,0-2 years,0,0,0.0028877817,0,Low Risk
23,98000,RENT,5.0,DEBTCONSOLIDATION,A,3500,8.07,0.04,N,3,0.03571428571428571,8166.666666666667,0.42857142857142855,Young,3-5 years,0,0,0.08014431,0,Low Risk
21,35000,MORTGAGE,1.0,MEDICAL,A,4950,7.68,0.14,N,4,0.14142857142857143,2916.6666666666665,1.6971428571428573,Young,0-2 years,0,0,0.09145544,0,Low Risk
24,71000,MORTGAGE,6.0,MEDICAL,B,10000,10.36,0.14,N,4,0.14084507042253522,5916.666666666667,1.6901408450704225,Young,6-10 years,0,0,0.111834064,0,Low Risk
25,72000,RENT,2.0,MEDICAL,B,10000,10.37,0.14,N,4,0.1388888888888889,6000.0,1.6666666666666667,Young,0-2 years,0,0,0.07668758,0,Low Risk
41,52000,MORTGAGE,25.0,DEBTCONSOLIDATION,A,1500,8.32,0.03,N,14,0.028846153846153848,4333.333333333333,0.3461538461538462,Middle Age,10+ years,0,0,0.21478577,0,Low Risk
23,75000,RENT,2.0,PERSONAL,B,7000,6.0,0.09,N,3,0.09333333333333334,6250.0,1.12,Young,0-2 years,0,0,0.05308212,0,Low Risk
26,54000,MORTGAGE,11.0,DEBTCONSOLIDATION,B,4800,11.49,0.09,N,2,0.08888888888888889,4500.0,1.0666666666666667,Adult,10+ years,0,1,0.60120976,1,High Risk
26,60000,MORTGAGE,10.0,VENTURE,B,20000,12.69,0.33,N,2,0.3333333333333333,5000.0,4.0,Adult,6-10 years,1,0,0.06597188,0,Low Risk
24,28000,RENT,3.0,VENTURE,E,6400,14.75,0.23,N,2,0.22857142857142856,2333.3333333333335,2.742857142857143,Young,3-5 years,0,0,0.56324965,1,Medium Risk
24,48000,RENT,2.0,DEBTCONSOLIDATION,B,14550,9.62,0.3,N,3,0.303125,4000.0,3.6375,Young,0-2 years,1,0,0.31982276,0,Medium Risk
23,30000,RENT,5.0,MEDICAL,A,8250,7.51,0.28,N,4,0.275,2500.0,3.3,Young,3-5 years,0,0,0.40183127,0,Medium Risk
45,66000,RENT,4.0,HOMEIMPROVEMENT,B,13650,12.42,0.21,N,11,0.20681818181818182,5500.0,2.481818181818182,Middle Age,3-5 years,0,0,0.14415784,0,Low Risk
34,60000,RENT,2.0,MEDICAL,A,15000,7.88,0.25,N,7,0.25,5000.0,3.0,Adult,0-2 years,0,0,0.042811543,0,Low Risk
30,70000,MORTGAGE,15.0,PERSONAL,A,12250,7.51,0.17,N,6,0.175,5833.333333333333,2.1,Adult,10+ years,0,0,0.06865507,0,Low Risk
30,63000,MORTGAGE,2.0,EDUCATION,B,8000,10.25,0.13,N,6,0.12698412698412698,5250.0,1.5238095238095237,Adult,0-2 years,0,0,0.20276499,0,Low Risk
28,58000,RENT,3.0,EDUCATION,B,12500,11.71,0.22,N,7,0.21551724137931033,4833.333333333333,2.586206896551724,Adult,3-5 years,0,0,0.21766855,0,Low Risk
26,61000,MORTGAGE,5.0,VENTURE,B,19200,11.48,0.31,N,3,0.31475409836065577,5083.333333333333,3.777049180327869,Adult,3-5 years,1,0,0.04961801,0,Low Risk
30,72000,RENT,12.0,EDUCATION,A,12400,,0.17,N,5,0.17222222222222222,6000.0,2.066666666666667,Adult,10+ years,0,0,0.09535426,0,Low Risk
22,28000,MORTGAGE,6.0,PERSONAL,B,10000,10.99,0.36,N,3,0.35714285714285715,2333.3333333333335,4.285714285714286,Young,6-10 years,1,0,0.54287213,1,Medium Risk
30,48996,RENT,1.0,HOMEIMPROVEMENT,E,10000,15.45,0.2,N,5,0.20409829373826435,4083.0,2.449179524859172,Adult,0-2 years,0,1,0.98285735,1,High Risk
34,63500,MORTGAGE,18.0,HOMEIMPROVEMENT,A,5125,8.49,0.08,N,5,0.08070866141732283,5291.666666666667,0.968503937007874,Adult,10+ years,0,0,0.13199566,0,Low Risk
25,38496,MORTGAGE,7.0,HOMEIMPROVEMENT,A,8000,6.03,0.21,N,3,0.20781379883624274,3208.0,2.493765586034913,Young,6-10 years,0,0,0.13345085,0,Low Risk
22,47000,OWN,6.0,MEDICAL,A,3000,5.42,0.06,N,3,0.06382978723404255,3916.6666666666665,0.7659574468085106,Young,6-10 years,0,0,0.0019616466,0,Low Risk
22,25200,RENT,1.0,EDUCATION,B,4000,,0.16,N,3,0.15873015873015872,2100.0,1.9047619047619047,Young,0-2 years,0,0,0.26971534,0,Low Risk
31,30000,RENT,,MEDICAL,B,4800,12.42,0.16,N,8,0.16,2500.0,1.92,Adult,,0,0,0.4007054,0,Medium Risk
24,64575,RENT,2.0,PERSONAL,A,12000,7.29,0.19,N,4,0.18583042973286876,5381.25,2.229965156794425,Young,0-2 years,0,0,0.08380279,0,Low Risk
24,56000,RENT,2.0,EDUCATION,A,10000,6.03,0.18,N,4,0.17857142857142858,4666.666666666667,2.142857142857143,Young,0-2 years,0,0,0.097786605,0,Low Risk
26,80000,OWN,5.0,PERSONAL,C,7000,13.22,0.09,Y,2,0.0875,6666.666666666667,1.05,Adult,3-5 years,0,0,0.0030513273,0,Low Risk
33,90000,MORTGAGE,12.0,PERSONAL,A,6000,5.42,0.07,N,7,0.06666666666666667,7500.0,0.8,Adult,10+ years,0,0,0.007168148,0,Low Risk
28,65007,MORTGAGE,4.0,DEBTCONSOLIDATION,F,25000,18.62,0.38,Y,9,0.3845739689571892,5417.25,4.6148876274862705,Adult,3-5 years,1,1,0.9625066,1,High Risk
55,75000,RENT,2.0,MEDICAL,B,20000,11.83,0.27,N,23,0.26666666666666666,6250.0,3.2,Senior,0-2 years,0,0,0.20146534,0,Low Risk
25,69570,OWN,0.0,PERSONAL,A,1500,7.74,0.02,N,2,0.0215610176800345,5797.5,0.258732212160414,Young,0-2 years,0,0,0.0031825185,0,Low Risk
24,67000,MORTGAGE,2.0,HOMEIMPROVEMENT,B,12150,10.37,0.18,N,3,0.18134328358208956,5583.333333333333,2.1761194029850746,Young,0-2 years,0,0,0.12390289,0,Low Risk
22,50000,MORTGAGE,6.0,VENTURE,C,10000,,0.2,N,4,0.2,4166.666666666667,2.4,Young,6-10 years,0,0,0.11782658,0,Low Risk
22,30000,MORTGAGE,6.0,PERSONAL,C,2000,12.61,0.07,N,4,0.06666666666666667,2500.0,0.8,Young,6-10 years,0,0,0.44264808,0,Medium Risk
24,85500,MORTGAGE,3.0,HOMEIMPROVEMENT,B,12000,11.49,0.14,N,4,0.14035087719298245,7125.0,1.6842105263157894,Young,3-5 years,0,0,0.11477453,0,Low Risk
22,44172,RENT,4.0,PERSONAL,B,15000,10.37,0.34,N,3,0.3395816354251562,3681.0,4.074979625101874,Young,3-5 years,1,1,0.995388,1,High Risk
24,44000,RENT,2.0,PERSONAL,A,10000,7.49,0.23,N,2,0.22727272727272727,3666.6666666666665,2.7272727272727275,Young,0-2 years,0,0,0.31716436,0,Medium Risk
24,36000,RENT,0.0,DEBTCONSOLIDATION,B,12250,11.49,0.34,N,2,0.3402777777777778,3000.0,4.083333333333333,Young,0-2 years,1,1,0.9910822,1,High Risk
42,35000,OWN,12.0,PERSONAL,A,2000,7.37,0.06,N,14,0.05714285714285714,2916.6666666666665,0.6857142857142857,Middle Age,10+ years,0,0,0.0045874836,0,Low Risk
30,98000,MORTGAGE,3.0,DEBTCONSOLIDATION,D,5200,16.49,0.05,N,6,0.053061224489795916,8166.666666666667,0.636734693877551,Adult,3-5 years,0,1,0.9736964,1,High Risk
26,60000,RENT,0.0,VENTURE,B,9000,10.59,0.15,N,3,0.15,5000.0,1.8,Adult,0-2 years,0,0,0.0065522324,0,Low Risk
22,42000,RENT,2.0,MEDICAL,D,12000,15.65,0.29,Y,3,0.2857142857142857,3500.0,3.4285714285714284,Young,0-2 years,0,1,0.9781194,1,High Risk
30,28800,RENT,1.0,MEDICAL,C,8000,13.22,0.28,N,9,0.2777777777777778,2400.0,3.3333333333333335,Adult,0-2 years,0,0,0.30945766,0,Medium Risk
30,72000,RENT,5.0,EDUCATION,C,20000,13.79,0.28,N,7,0.2777777777777778,6000.0,3.3333333333333335,Adult,3-5 years,0,0,0.29819903,0,Low Risk
21,159800,MORTGAGE,5.0,MEDICAL,D,30000,15.62,0.16,N,2,0.18773466833541927,13316.666666666666,2.2528160200250316,Young,3-5 years,0,1,0.9366054,1,High Risk
22,43600,MORTGAGE,4.0,DEBTCONSOLIDATION,D,10000,14.96,0.23,N,2,0.22935779816513763,3633.3333333333335,2.7522935779816513,Young,3-5 years,0,1,0.9748614,1,High Risk
32,25000,RENT,4.0,MEDICAL,C,11700,12.68,0.47,Y,10,0.468,2083.3333333333335,5.616,Adult,3-5 years,1,1,0.9944323,1,High Risk
24,25000,RENT,3.0,PERSONAL,C,1600,12.53,0.06,N,3,0.064,2083.3333333333335,0.7679999999999999,Young,3-5 years,0,0,0.28510514,0,Low Risk
44,36000,MORTGAGE,6.0,EDUCATION,A,1000,7.51,0.03,N,14,0.027777777777777776,3000.0,0.3333333333333333,Middle Age,6-10 years,0,0,0.056244392,0,Low Risk
30,36432,RENT,1.0,EDUCATION,D,19000,15.21,0.52,Y,5,0.5215195432586737,3036.0,6.258234519104084,Adult,0-2 years,1,1,0.99718374,1,High Risk
50,120000,MORTGAGE,0.0,HOMEIMPROVEMENT,D,5575,15.2,0.05,Y,13,0.04645833333333333,10000.0,0.5575,Middle Age,0-2 years,0,0,0.3560763,0,Medium Risk
22,39996,MORTGAGE,7.0,MEDICAL,B,6000,12.42,0.15,N,4,0.15001500150015,3333.0,1.8001800180018002,Young,6-10 years,0,0,0.20680325,0,Low Risk
48,36655,MORTGAGE,,HOMEIMPROVEMENT,B,15000,12.69,0.41,N,16,0.40922111580957576,3054.5833333333335,4.910653389714909,Middle Age,,1,1,0.25532842,0,Low Risk
23,79200,MORTGAGE,6.0,EDUCATION,A,8000,7.88,0.1,N,4,0.10101010101010101,6600.0,1.2121212121212122,Young,6-10 years,0,0,0.10765509,0,Low Risk
21,39900,RENT,3.0,EDUCATION,B,6000,11.49,0.15,N,2,0.15037593984962405,3325.0,1.8045112781954886,Young,3-5 years,0,0,0.28651983,0,Low Risk
27,83300,RENT,11.0,MEDICAL,D,20000,16.0,0.2,Y,5,0.24009603841536614,6941.666666666667,2.8811524609843935,Adult,10+ years,0,1,0.9749781,1,High Risk
23,36000,RENT,1.0,PERSONAL,D,7500,12.61,0.21,Y,2,0.20833333333333334,3000.0,2.5,Young,0-2 years,0,1,0.92640525,1,High Risk
30,54996,RENT,2.0,MEDICAL,A,4800,6.03,0.09,N,8,0.08727907484180668,4583.0,1.04734889810168,Adult,0-2 years,0,0,0.030435923,0,Low Risk
34,158000,MORTGAGE,2.0,VENTURE,C,12000,,0.08,N,8,0.0759493670886076,13166.666666666666,0.9113924050632912,Adult,0-2 years,0,1,0.13230763,0,Low Risk
24,13728,RENT,,DEBTCONSOLIDATION,B,1000,10.0,0.07,N,4,0.07284382284382285,1144.0,0.8741258741258742,Young,,0,1,0.37757874,0,Medium Risk
27,52000,MORTGAGE,2.0,HOMEIMPROVEMENT,B,7000,11.89,0.13,N,8,0.1346153846153846,4333.333333333333,1.6153846153846154,Adult,0-2 years,0,0,0.34864634,0,Medium Risk
28,44000,OWN,10.0,PERSONAL,D,7500,14.84,0.17,Y,8,0.17045454545454544,3666.6666666666665,2.0454545454545454,Adult,6-10 years,0,0,0.009378386,0,Low Risk
22,23800,RENT,2.0,PERSONAL,A,8800,9.32,0.37,N,2,0.3697478991596639,1983.3333333333333,4.436974789915967,Young,0-2 years,1,1,0.99515885,1,High Risk
25,44000,RENT,2.0,VENTURE,A,2000,7.66,0.05,N,3,0.045454545454545456,3666.6666666666665,0.5454545454545455,Young,0-2 years,0,0,0.033844456,0,Low Risk
28,14400,RENT,0.0,EDUCATION,A,3600,7.9,0.25,N,6,0.25,1200.0,3.0,Adult,0-2 years,0,1,0.9953955,1,High Risk
28,52000,MORTGAGE,0.0,PERSONAL,A,7500,9.32,0.14,N,6,0.14423076923076922,4333.333333333333,1.7307692307692308,Adult,0-2 years,0,0,0.117713794,0,Low Risk
25,23920,RENT,0.0,MEDICAL,C,4000,14.35,0.17,N,2,0.16722408026755853,1993.3333333333333,2.0066889632107023,Young,0-2 years,0,0,0.33827248,0,Medium Risk
27,51850,RENT,2.0,MEDICAL,D,3000,14.96,0.05,Y,7,0.05785920925747348,4320.833333333333,0.6943105110896818,Adult,0-2 years,0,1,0.9777265,1,High Risk
35,40000,RENT,1.0,MEDICAL,B,6000,,0.15,N,7,0.15,3333.3333333333335,1.7999999999999998,Adult,0-2 years,0,0,0.084834255,0,Low Risk
58,51252,RENT,0.0,PERSONAL,B,13500,11.58,0.26,N,21,0.2634043549520019,4271.0,3.1608522594240225,Senior,0-2 years,0,0,0.2790118,0,Low Risk
25,75000,MORTGAGE,9.0,MEDICAL,C,4800,15.27,0.06,Y,3,0.064,6250.0,0.768,Young,6-10 years,0,0,0.25974914,0,Low Risk
26,126000,MORTGAGE,3.0,PERSONAL,A,11000,7.14,0.09,N,4,0.0873015873015873,10500.0,1.0476190476190477,Adult,3-5 years,0,0,0.021294292,0,Low Risk
23,67000,RENT,3.0,EDUCATION,A,25000,7.9,0.37,N,3,0.373134328358209,5583.333333333333,4.477611940298508,Young,3-5 years,1,1,0.9883233,1,High Risk
25,96000,OWN,0.0,EDUCATION,B,4000,9.88,0.04,N,3,0.041666666666666664,8000.0,0.5,Young,0-2 years,0,0,0.0049637617,0,Low Risk
25,45000,MORTGAGE,9.0,HOMEIMPROVEMENT,A,6800,6.03,0.15,N,2,0.1511111111111111,3750.0,1.8133333333333332,Young,6-10 years,0,0,0.12660162,0,Low Risk
22,91000,RENT,6.0,PERSONAL,A,8000,6.92,0.09,N,4,0.08791208791208792,7583.333333333333,1.054945054945055,Young,6-10 years,0,0,0.03169908,0,Low Risk
26,42000,RENT,8.0,MEDICAL,C,6000,12.73,0.14,N,4,0.14285714285714285,3500.0,1.7142857142857142,Adult,6-10 years,0,0,0.31396154,0,Medium Risk
30,35004,MORTGAGE,3.0,HOMEIMPROVEMENT,B,9500,11.99,0.27,N,8,0.27139755456519254,2917.0,3.2567706547823105,Adult,3-5 years,0,0,0.28499082,0,Low Risk
29,29780,RENT,2.0,PERSONAL,D,1500,12.86,0.05,Y,10,0.050369375419744795,2481.6666666666665,0.6044325050369376,Adult,0-2 years,0,1,0.96331656,1,High Risk
22,50004,MORTGAGE,0.0,EDUCATION,A,12000,7.37,0.24,N,2,0.23998080153587714,4167.0,2.8797696184305255,Young,0-2 years,0,0,0.03542631,0,Low Risk
22,30000,RENT,3.0,PERSONAL,B,6000,10.37,0.2,N,2,0.2,2500.0,2.4,Young,3-5 years,0,0,0.44100177,0,Medium Risk
22,40000,RENT,6.0,MEDICAL,A,7000,7.9,0.17,N,2,0.175,3333.3333333333335,2.1,Young,6-10 years,0,0,0.086126275,0,Low Risk
34,36129,RENT,3.0,DEBTCONSOLIDATION,C,1800,14.22,0.05,Y,9,0.049821473054886656,3010.75,0.5978576766586399,Adult,3-5 years,0,0,0.3846171,0,Medium Risk
26,49995,MORTGAGE,10.0,EDUCATION,B,10000,11.71,0.2,N,3,0.2000200020002,4166.25,2.4002400240024,Adult,6-10 years,0,0,0.47353137,0,Medium Risk
31,15456,MORTGAGE,1.0,PERSONAL,A,4000,8.9,0.26,N,5,0.2587991718426501,1288.0,3.1055900621118013,Adult,0-2 years,0,1,0.9958248,1,High Risk
31,146000,MORTGAGE,12.0,EDUCATION,E,2500,16.7,0.02,N,9,0.017123287671232876,12166.666666666666,0.20547945205479454,Adult,10+ years,0,0,0.37663043,0,Medium Risk
33,45000,MORTGAGE,3.0,EDUCATION,D,8000,16.49,0.18,N,7,0.17777777777777778,3750.0,2.1333333333333333,Adult,3-5 years,0,1,0.29517707,0,Low Risk
29,60000,RENT,2.0,MEDICAL,A,14000,7.51,0.23,N,8,0.23333333333333334,5000.0,2.8,Adult,0-2 years,0,0,0.08461032,0,Low Risk
38,53052,RENT,0.0,MEDICAL,B,8000,,0.15,N,13,0.15079544597753147,4421.0,1.8095453517303777,Middle Age,0-2 years,0,0,0.14806478,0,Low Risk
26,27031,RENT,2.0,VENTURE,B,6000,9.99,0.22,N,4,0.22196737079649292,2252.5833333333335,2.663608449557915,Adult,0-2 years,0,0,0.027559329,0,Low Risk
24,73000,RENT,0.0,HOMEIMPROVEMENT,A,18500,7.9,0.25,N,2,0.2534246575342466,6083.333333333333,3.041095890410959,Young,0-2 years,0,1,0.3061462,0,Medium Risk
21,75000,RENT,5.0,MEDICAL,B,15000,10.37,0.2,N,4,0.2,6250.0,2.4,Young,3-5 years,0,0,0.087402254,0,Low Risk
22,61000,MORTGAGE,1.0,DEBTCONSOLIDATION,C,21000,14.26,0.34,Y,4,0.3442622950819672,5083.333333333333,4.131147540983607,Young,0-2 years,1,0,0.64907104,1,High Risk
32,30996,MORTGAGE,1.0,EDUCATION,C,2400,13.8,0.08,Y,7,0.07742934572202866,2583.0,0.9291521486643438,Adult,0-2 years,0,0,0.4160981,0,Medium Risk
21,47520,RENT,5.0,MEDICAL,D,10000,15.33,0.21,Y,4,0.21043771043771045,3960.0,2.525252525252525,Young,3-5 years,0,1,0.8762829,1,High Risk
22,85000,OWN,,EDUCATION,B,4300,,0.05,N,4,0.05058823529411765,7083.333333333333,0.6070588235294118,Young,,0,0,0.0013060805,0,Low Risk
38,90000,RENT,2.0,MEDICAL,A,5000,8.49,0.06,N,15,0.05555555555555555,7500.0,0.6666666666666666,Middle Age,0-2 years,0,0,0.026394824,0,Low Risk
22,28080,RENT,,MEDICAL,B,4200,9.91,0.15,N,4,0.14957264957264957,2340.0,1.794871794871795,Young,,0,1,0.24768358,0,Low Risk
31,50000,MORTGAGE,2.0,DEBTCONSOLIDATION,B,5000,10.62,0.1,N,10,0.1,4166.666666666667,1.2,Adult,0-2 years,0,0,0.13045564,0,Low Risk
30,50000,RENT,0.0,HOMEIMPROVEMENT,B,10000,10.36,0.2,N,7,0.2,4166.666666666667,2.4,Adult,0-2 years,0,0,0.08985509,0,Low Risk
39,76644,RENT,2.0,VENTURE,A,6400,,0.08,N,15,0.08350294869787589,6387.0,1.0020353843745107,Middle Age,0-2 years,0,0,0.013273719,0,Low Risk
25,60000,MORTGAGE,2.0,PERSONAL,B,6900,9.99,0.12,N,3,0.115,5000.0,1.38,Young,0-2 years,0,0,0.07816215,0,Low Risk
25,158000,MORTGAGE,10.0,VENTURE,C,20000,14.26,0.13,Y,2,0.12658227848101267,13166.666666666666,1.518987341772152,Young,6-10 years,0,0,0.08107833,0,Low Risk
25,76209,MORTGAGE,9.0,DEBTCONSOLIDATION,C,3000,,0.04,Y,4,0.039365429280006296,6350.75,0.4723851513600756,Young,6-10 years,0,0,0.3265118,0,Medium Risk
23,50000,MORTGAGE,2.0,PERSONAL,B,4000,11.86,0.08,N,3,0.08,4166.666666666667,0.96,Young,0-2 years,0,0,0.1293665,0,Low Risk
26,62004,RENT,9.0,DEBTCONSOLIDATION,A,24000,7.9,0.39,N,3,0.38707180181923745,5167.0,4.64486162183085,Adult,6-10 years,1,1,0.9908387,1,High Risk
24,42000,MORTGAGE,,MEDICAL,A,19000,6.99,0.45,N,3,0.4523809523809524,3500.0,5.428571428571429,Young,,1,1,0.3834254,0,Medium Risk
23,55000,RENT,1.0,MEDICAL,A,3800,6.76,0.07,N,4,0.06909090909090909,4583.333333333333,0.8290909090909091,Young,0-2 years,0,0,0.053937808,0,Low Risk
24,38700,RENT,2.0,MEDICAL,B,10000,,0.26,N,3,0.25839793281653745,3225.0,3.10077519379845,Young,0-2 years,0,0,0.111919805,0,Low Risk
22,95000,MORTGAGE,2.0,MEDICAL,B,5000,10.59,0.05,N,2,0.05263157894736842,7916.666666666667,0.631578947368421,Young,0-2 years,0,0,0.0662094,0,Low Risk
24,20000,RENT,0.0,MEDICAL,C,8000,12.41,0.4,Y,4,0.4,1666.6666666666667,4.8,Young,0-2 years,1,1,0.9934683,1,High Risk
43,43000,MORTGAGE,5.0,PERSONAL,B,15000,8.88,0.35,N,15,0.3488372093023256,3583.3333333333335,4.186046511627906,Middle Age,3-5 years,1,0,0.12602854,0,Low Risk
70,132000,MORTGAGE,0.0,PERSONAL,A,14000,,0.11,N,24,0.10606060606060606,11000.0,1.2727272727272727,Senior,0-2 years,0,0,0.036048282,0,Low Risk
30,100000,MORTGAGE,7.0,PERSONAL,A,1000,6.76,0.01,N,6,0.01,8333.333333333334,0.12,Adult,6-10 years,0,0,0.012783747,0,Low Risk
31,43000,RENT,1.0,MEDICAL,B,5000,9.99,0.12,N,10,0.11627906976744186,3583.3333333333335,1.3953488372093024,Adult,0-2 years,0,0,0.18779692,0,Low Risk
39,70000,RENT,1.0,HOMEIMPROVEMENT,A,6000,8.94,0.09,N,12,0.08571428571428572,5833.333333333333,1.0285714285714287,Middle Age,0-2 years,0,0,0.03818626,0,Low Risk
23,78000,MORTGAGE,7.0,EDUCATION,A,4600,7.66,0.06,N,2,0.05897435897435897,6500.0,0.7076923076923077,Young,6-10 years,0,0,0.2351121,0,Low Risk
24,82000,MORTGAGE,2.0,MEDICAL,A,20000,6.54,0.24,N,4,0.24390243902439024,6833.333333333333,2.926829268292683,Young,0-2 years,0,0,0.03999416,0,Low Risk
31,39000,MORTGAGE,6.0,DEBTCONSOLIDATION,D,4000,16.77,0.1,Y,9,0.10256410256410256,3250.0,1.2307692307692308,Adult,6-10 years,0,1,0.99038714,1,High Risk
22,66000,MORTGAGE,6.0,VENTURE,B,10000,11.49,0.15,N,4,0.15151515151515152,5500.0,1.8181818181818181,Young,6-10 years,0,0,0.01380458,0,Low Risk
24,40000,RENT,1.0,PERSONAL,A,7500,5.79,0.19,N,4,0.1875,3333.3333333333335,2.25,Young,0-2 years,0,0,0.03886553,0,Low Risk
24,130000,MORTGAGE,3.0,PERSONAL,B,25000,11.83,0.19,N,3,0.19230769230769232,10833.333333333334,2.3076923076923075,Young,3-5 years,0,0,0.09756676,0,Low Risk
28,95000,MORTGAGE,5.0,VENTURE,A,5000,7.88,0.05,N,7,0.05263157894736842,7916.666666666667,0.631578947368421,Adult,3-5 years,0,0,0.002660866,0,Low Risk
34,138000,RENT,0.0,HOMEIMPROVEMENT,E,21000,18.79,0.15,N,10,0.15217391304347827,11500.0,1.826086956521739,Adult,0-2 years,0,1,0.9244751,1,High Risk
25,153000,MORTGAGE,9.0,EDUCATION,C,14500,13.85,0.09,N,3,0.09477124183006536,12750.0,1.1372549019607843,Young,6-10 years,0,0,0.11274471,0,Low Risk
24,80000,MORTGAGE,0.0,EDUCATION,A,18000,7.51,0.23,N,3,0.225,6666.666666666667,2.6999999999999997,Young,0-2 years,0,0,0.06376065,0,Low Risk
30,10800,RENT,1.0,PERSONAL,B,1500,11.48,0.14,N,9,0.1388888888888889,900.0,1.6666666666666667,Adult,0-2 years,0,1,0.6916907,1,High Risk
29,21996,RENT,4.0,DEBTCONSOLIDATION,C,2500,13.11,0.11,Y,8,0.11365702855064558,1833.0,1.363884342607747,Adult,3-5 years,0,1,0.2985888,0,Low Risk
21,33000,RENT,5.0,EDUCATION,C,5000,12.84,0.15,N,2,0.15151515151515152,2750.0,1.8181818181818181,Young,3-5 years,0,0,0.37980768,0,Medium Risk
22,107004,MORTGAGE,2.0,EDUCATION,A,10000,7.29,0.09,N,3,0.09345445030092334,8917.0,1.12145340361108,Young,0-2 years,0,0,0.01215002,0,Low Risk
31,55000,MORTGAGE,2.0,PERSONAL,A,8000,7.14,0.15,N,10,0.14545454545454545,4583.333333333333,1.7454545454545456,Adult,0-2 years,0,0,0.04390883,0,Low Risk
23,50000,RENT,1.0,DEBTCONSOLIDATION,A,3000,8.49,0.06,N,2,0.06,4166.666666666667,0.72,Young,0-2 years,0,0,0.08379926,0,Low Risk
28,70000,RENT,0.0,HOMEIMPROVEMENT,B,16100,11.83,0.23,N,9,0.23,5833.333333333333,2.7600000000000002,Adult,0-2 years,0,0,0.17253695,0,Low Risk
26,54000,MORTGAGE,4.0,PERSONAL,A,9600,6.62,0.18,N,3,0.17777777777777778,4500.0,2.1333333333333333,Adult,3-5 years,0,0,0.14973769,0,Low Risk
25,50400,MORTGAGE,5.0,HOMEIMPROVEMENT,B,12000,9.62,0.24,N,4,0.23809523809523808,4200.0,2.857142857142857,Young,3-5 years,0,0,0.07393602,0,Low Risk
37,72000,MORTGAGE,12.0,VENTURE,A,5600,5.42,0.08,N,15,0.07777777777777778,6000.0,0.9333333333333333,Middle Age,10+ years,0,0,0.0023655826,0,Low Risk
22,64000,RENT,2.0,DEBTCONSOLIDATION,B,10000,12.69,0.16,N,4,0.15625,5333.333333333333,1.875,Young,0-2 years,0,1,0.22941177,0,Low Risk
28,37000,RENT,7.0,EDUCATION,D,3600,14.11,0.1,N,7,0.0972972972972973,3083.3333333333335,1.1675675675675674,Adult,6-10 years,0,0,0.5403475,1,Medium Risk
22,46000,RENT,6.0,EDUCATION,A,14000,8.49,0.3,N,4,0.30434782608695654,3833.3333333333335,3.652173913043478,Young,6-10 years,1,0,0.4970199,0,Medium Risk
23,74004,RENT,7.0,DEBTCONSOLIDATION,E,25000,16.35,0.34,N,4,0.33781957732014484,6167.0,4.053834927841739,Young,6-10 years,1,1,0.99865496,1,High Risk
22,41000,MORTGAGE,4.0,VENTURE,A,6000,8.59,0.15,N,4,0.14634146341463414,3416.6666666666665,1.7560975609756098,Young,3-5 years,0,0,0.01222197,0,Low Risk
29,90000,MORTGAGE,3.0,EDUCATION,A,15000,6.99,0.17,N,8,0.16666666666666666,7500.0,2.0,Adult,3-5 years,0,0,0.017729921,0,Low Risk
32,43200,MORTGAGE,7.0,HOMEIMPROVEMENT,A,15000,7.91,0.35,N,7,0.3472222222222222,3600.0,4.166666666666667,Adult,6-10 years,1,0,0.25131816,0,Low Risk
32,44400,MORTGAGE,3.0,EDUCATION,A,15000,8.9,0.34,N,5,0.33783783783783783,3700.0,4.054054054054054,Adult,3-5 years,1,1,0.25132105,0,Low Risk
25,59256,RENT,,MEDICAL,C,17600,12.99,0.3,N,2,0.2970163358984744,4938.0,3.564196030781693,Young,,1,0,0.47249553,0,Medium Risk
24,20856,OWN,,PERSONAL,B,10000,10.59,0.48,N,3,0.4794783275795934,1738.0,5.7537399309551205,Young,,1,0,0.00804098,0,Low Risk
22,27996,RENT,1.0,VENTURE,E,5000,17.51,0.18,N,4,0.17859694242034577,2333.0,2.1431633090441493,Young,0-2 years,0,1,0.97974485,1,High Risk
22,87000,RENT,4.0,EDUCATION,B,10000,11.26,0.11,N,3,0.11494252873563218,7250.0,1.3793103448275863,Young,3-5 years,0,0,0.057371933,0,Low Risk
29,159996,OWN,1.0,HOMEIMPROVEMENT,B,10000,11.86,0.06,N,7,0.06250156253906347,13333.0,0.7500187504687618,Adult,0-2 years,0,0,0.0024431462,0,Low Risk
23,54660,RENT,6.0,MEDICAL,B,17000,9.88,0.31,N,4,0.3110135382363703,4555.0,3.7321624588364433,Young,6-10 years,1,1,0.9900808,1,High Risk
22,18000,OWN,3.0,PERSONAL,A,3000,7.9,0.17,N,4,0.16666666666666666,1500.0,2.0,Young,3-5 years,0,1,0.9975885,1,High Risk
26,60000,MORTGAGE,6.0,HOMEIMPROVEMENT,B,5000,9.99,0.08,N,2,0.08333333333333333,5000.0,1.0,Adult,6-10 years,0,0,0.20921144,0,Low Risk
24,49000,RENT,8.0,EDUCATION,A,7000,7.49,0.14,N,4,0.14285714285714285,4083.3333333333335,1.7142857142857142,Young,6-10 years,0,1,0.24188152,0,Low Risk
22,49140,OWN,0.0,EDUCATION,C,3000,13.16,0.06,N,2,0.06105006105006105,4095.0,0.7326007326007326,Young,0-2 years,0,0,0.0054363664,0,Low Risk
31,103000,RENT,2.0,VENTURE,F,20000,18.17,0.19,N,5,0.1941747572815534,8583.333333333334,2.3300970873786406,Adult,0-2 years,0,1,0.8777716,1,High Risk
27,110000,MORTGAGE,3.0,DEBTCONSOLIDATION,B,25000,,0.23,N,6,0.22727272727272727,9166.666666666666,2.7272727272727275,Adult,3-5 years,0,0,0.12996435,0,Low Risk
25,57424,RENT,2.0,MEDICAL,D,12000,15.31,0.18,N,4,0.20897185845639454,4785.333333333333,2.5076623014767345,Young,0-2 years,0,1,0.98730564,1,High Risk
24,38000,OWN,6.0,MEDICAL,B,1000,10.08,0.03,N,4,0.02631578947368421,3166.6666666666665,0.31578947368421056,Young,6-10 years,0,0,0.0035520142,0,Low Risk
23,45204,MORTGAGE,0.0,EDUCATION,B,4750,12.21,0.11,N,4,0.10507919653128042,3767.0,1.260950358375365,Young,0-2 years,0,0,0.11753098,0,Low Risk
30,100000,MORTGAGE,11.0,EDUCATION,A,12800,6.92,0.13,N,8,0.128,8333.333333333334,1.5359999999999998,Adult,10+ years,0,0,0.01922795,0,Low Risk
25,72612,RENT,9.0,MEDICAL,C,25000,13.11,0.34,N,2,0.3442957086982868,6051.0,4.131548504379442,Young,6-10 years,1,1,0.9883189,1,High Risk
40,28800,RENT,2.0,MEDICAL,B,4000,10.74,0.14,N,15,0.1388888888888889,2400.0,1.6666666666666667,Middle Age,0-2 years,0,0,0.19125183,0,Low Risk
21,26124,RENT,3.0,EDUCATION,D,8875,15.62,0.34,Y,3,0.33972592252335015,2177.0,4.0767110702802025,Young,3-5 years,1,1,0.9905284,1,High Risk
44,38400,MORTGAGE,4.0,PERSONAL,A,6825,8.9,0.18,N,12,0.177734375,3200.0,2.1328125,Middle Age,3-5 years,0,0,0.0752927,0,Low Risk
28,52000,RENT,1.0,VENTURE,C,8000,,0.15,N,8,0.15384615384615385,4333.333333333333,1.8461538461538463,Adult,0-2 years,0,0,0.2163365,0,Low Risk
34,28704,RENT,0.0,MEDICAL,A,7000,9.32,0.24,N,10,0.24386845039018953,2392.0,2.9264214046822743,Adult,0-2 years,0,0,0.17659444,0,Low Risk
27,31850,MORTGAGE,8.0,VENTURE,B,14125,10.65,0.44,N,8,0.4434850863422292,2654.1666666666665,5.32182103610675,Adult,6-10 years,1,0,0.08148088,0,Low Risk
27,100000,RENT,7.0,PERSONAL,E,15600,17.88,0.16,Y,6,0.156,8333.333333333334,1.8719999999999999,Adult,6-10 years,0,0,0.20977762,0,Low Risk
27,30996,RENT,1.0,HOMEIMPROVEMENT,D,2600,14.74,0.08,N,5,0.08388179119886437,2583.0,1.0065814943863725,Adult,0-2 years,0,1,0.99500066,1,High Risk
29,61000,MORTGAGE,9.0,HOMEIMPROVEMENT,B,15000,9.88,0.25,N,9,0.2459016393442623,5083.333333333333,2.9508196721311477,Adult,6-10 years,0,1,0.22807807,0,Low Risk
22,20000,RENT,2.0,PERSONAL,B,4000,9.45,0.2,N,3,0.2,1666.6666666666667,2.4,Young,0-2 years,0,0,0.21890636,0,Low Risk
22,69528,RENT,6.0,PERSONAL,C,6000,12.99,0.09,Y,3,0.08629616845012081,5794.0,1.0355540214014498,Young,6-10 years,0,0,0.1257386,0,Low Risk
23,85000,RENT,1.0,DEBTCONSOLIDATION,A,10200,,0.12,N,3,0.12,7083.333333333333,1.4400000000000002,Young,0-2 years,0,0,0.043292083,0,Low Risk
31,26010,MORTGAGE,2.0,HOMEIMPROVEMENT,B,6500,9.99,0.25,N,9,0.2499038831218762,2167.5,2.9988465974625145,Adult,0-2 years,0,0,0.47246492,0,Medium Risk
25,12000,OWN,9.0,EDUCATION,C,4500,13.16,0.38,Y,4,0.375,1000.0,4.5,Young,6-10 years,1,1,0.99865365,1,High Risk
22,58000,RENT,6.0,EDUCATION,A,1500,5.42,0.03,N,2,0.02586206896551724,4833.333333333333,0.3103448275862069,Young,6-10 years,0,0,0.042718608,0,Low Risk
21,26000,RENT,1.0,DEBTCONSOLIDATION,D,9450,16.77,0.36,N,2,0.36346153846153845,2166.6666666666665,4.361538461538462,Young,0-2 years,1,1,0.99913967,1,High Risk
22,50000,MORTGAGE,6.0,VENTURE,A,7800,6.62,0.16,N,2,0.156,4166.666666666667,1.8719999999999999,Young,6-10 years,0,0,0.0019103906,0,Low Risk
32,53000,MORTGAGE,1.0,EDUCATION,C,6800,12.84,0.13,Y,7,0.12830188679245283,4416.666666666667,1.5396226415094338,Adult,0-2 years,0,0,0.23556496,0,Low Risk
45,42320,MORTGAGE,6.0,HOMEIMPROVEMENT,C,7475,13.49,0.18,N,13,0.1766304347826087,3526.6666666666665,2.1195652173913047,Middle Age,6-10 years,0,0,0.21017443,0,Low Risk
27,34000,MORTGAGE,12.0,VENTURE,C,10625,13.47,0.31,Y,10,0.3125,2833.3333333333335,3.75,Adult,10+ years,1,0,0.8002721,1,High Risk
23,28800,RENT,0.0,EDUCATION,B,5000,11.49,0.17,N,2,0.1736111111111111,2400.0,2.0833333333333335,Young,0-2 years,0,0,0.33774796,0,Medium Risk
24,200000,RENT,8.0,MEDICAL,B,12000,12.69,0.06,N,2,0.06,16666.666666666668,0.72,Young,6-10 years,0,0,0.04772822,0,Low Risk
25,50600,OWN,3.0,PERSONAL,A,3000,7.51,0.06,N,2,0.05928853754940711,4216.666666666667,0.7114624505928854,Young,3-5 years,0,0,0.001629253,0,Low Risk
26,32640,RENT,7.0,VENTURE,B,3000,10.75,0.09,N,2,0.09191176470588236,2720.0,1.1029411764705883,Adult,6-10 years,0,0,0.045683112,0,Low Risk
27,130000,RENT,6.0,EDUCATION,A,10000,7.74,0.08,N,5,0.07692307692307693,10833.333333333334,0.923076923076923,Adult,6-10 years,0,0,0.024177447,0,Low Risk
21,22000,RENT,4.0,DEBTCONSOLIDATION,A,2500,7.14,0.11,N,4,0.11363636363636363,1833.3333333333333,1.3636363636363638,Young,3-5 years,0,0,0.20113796,0,Low Risk
28,92000,RENT,4.0,DEBTCONSOLIDATION,A,15000,7.9,0.16,N,9,0.16304347826086957,7666.666666666667,1.9565217391304348,Adult,3-5 years,0,0,0.03601483,0,Low Risk
25,110000,MORTGAGE,8.0,DEBTCONSOLIDATION,A,5500,6.62,0.05,N,2,0.05,9166.666666666666,0.6000000000000001,Young,6-10 years,0,0,0.0063621174,0,Low Risk
26,130000,MORTGAGE,7.0,VENTURE,D,6500,15.99,0.05,Y,3,0.05,10833.333333333334,0.6,Adult,6-10 years,0,0,0.2963066,0,Low Risk
22,62000,MORTGAGE,6.0,PERSONAL,A,5000,6.03,0.08,N,4,0.08064516129032258,5166.666666666667,0.9677419354838709,Young,6-10 years,0,0,0.062249463,0,Low Risk
24,35000,MORTGAGE,2.0,MEDICAL,A,2950,,0.08,N,4,0.08428571428571428,2916.6666666666665,1.0114285714285716,Young,0-2 years,0,0,0.14431767,0,Low Risk
27,68000,OWN,11.0,PERSONAL,A,20000,7.9,0.29,N,9,0.29411764705882354,5666.666666666667,3.5294117647058822,Adult,10+ years,0,0,0.008666046,0,Low Risk
28,53000,MORTGAGE,12.0,HOMEIMPROVEMENT,B,17050,12.42,0.32,N,7,0.32169811320754715,4416.666666666667,3.860377358490566,Adult,10+ years,1,0,0.42825314,0,Medium Risk
24,59000,RENT,2.0,DEBTCONSOLIDATION,D,6000,16.0,0.1,N,4,0.1016949152542373,4916.666666666667,1.2203389830508473,Young,0-2 years,0,1,0.99728024,1,High Risk
25,42769,RENT,3.0,EDUCATION,A,1500,7.49,0.04,N,3,0.03507213168416377,3564.0833333333335,0.4208655802099651,Young,3-5 years,0,0,0.17734794,0,Low Risk
23,32400,RENT,6.0,VENTURE,B,3000,10.0,0.09,N,2,0.09259259259259259,2700.0,1.1111111111111112,Young,6-10 years,0,0,0.051486034,0,Low Risk
27,180000,MORTGAGE,2.0,PERSONAL,C,8000,13.23,0.04,N,9,0.044444444444444446,15000.0,0.5333333333333333,Adult,0-2 years,0,0,0.08390417,0,Low Risk
32,44500,OWN,3.0,EDUCATION,A,15000,7.51,0.34,N,5,0.33707865168539325,3708.3333333333335,4.044943820224719,Adult,3-5 years,1,0,0.004400121,0,Low Risk
24,69764,RENT,2.0,VENTURE,D,1500,14.42,0.02,Y,4,0.02150106071899547,5813.666666666667,0.2580127286279456,Young,0-2 years,0,1,0.9146807,1,High Risk
21,28000,MORTGAGE,2.0,EDUCATION,C,1000,12.99,0.04,Y,4,0.03571428571428571,2333.3333333333335,0.42857142857142855,Young,0-2 years,0,0,0.33078647,0,Medium Risk
34,50000,MORTGAGE,11.0,VENTURE,A,4000,8.9,0.08,N,8,0.08,4166.666666666667,0.96,Adult,10+ years,0,0,0.0049637803,0,Low Risk
23,50000,RENT,7.0,PERSONAL,B,9000,12.18,0.18,N,4,0.18,4166.666666666667,2.1599999999999997,Young,6-10 years,0,0,0.124794506,0,Low Risk
49,65000,MORTGAGE,0.0,PERSONAL,B,12000,10.62,0.18,N,17,0.18461538461538463,5416.666666666667,2.215384615384615,Middle Age,0-2 years,0,0,0.06357477,0,Low Risk
26,57240,RENT,3.0,VENTURE,A,9000,7.51,0.16,N,3,0.15723270440251572,4770.0,1.8867924528301887,Adult,3-5 years,0,0,0.009227583,0,Low Risk
25,24000,OWN,7.0,HOMEIMPROVEMENT,A,6000,5.42,0.25,N,4,0.25,2000.0,3.0,Young,6-10 years,0,0,0.0058827945,0,Low Risk
22,55000,RENT,4.0,DEBTCONSOLIDATION,A,4500,6.76,0.08,N,4,0.08181818181818182,4583.333333333333,0.9818181818181819,Young,3-5 years,0,0,0.07991588,0,Low Risk
21,22240,RENT,5.0,MEDICAL,B,2650,9.88,0.12,N,3,0.1191546762589928,1853.3333333333333,1.4298561151079137,Young,3-5 years,0,0,0.28244686,0,Low Risk
36,65000,MORTGAGE,6.0,EDUCATION,C,23325,15.27,0.36,Y,14,0.35884615384615387,5416.666666666667,4.306153846153846,Middle Age,6-10 years,1,0,0.27321863,0,Low Risk
24,35000,MORTGAGE,,MEDICAL,B,7775,,0.22,N,2,0.22214285714285714,2916.6666666666665,2.665714285714286,Young,,0,0,0.21828553,0,Low Risk
26,29000,RENT,0.0,HOMEIMPROVEMENT,D,3400,15.62,0.12,Y,4,0.11724137931034483,2416.6666666666665,1.406896551724138,Adult,0-2 years,0,1,0.9962931,1,High Risk
34,45000,RENT,2.0,MEDICAL,B,3000,11.11,0.07,N,7,0.06666666666666667,3750.0,0.8,Adult,0-2 years,0,0,0.11933945,0,Low Risk
28,24000,OWN,3.0,PERSONAL,B,8000,10.37,0.33,N,5,0.3333333333333333,2000.0,4.0,Adult,3-5 years,1,0,0.0038398872,0,Low Risk
33,35000,MORTGAGE,15.0,MEDICAL,C,12000,13.11,0.34,Y,7,0.34285714285714286,2916.6666666666665,4.114285714285715,Adult,10+ years,1,0,0.5134023,1,Medium Risk
24,115000,RENT,8.0,EDUCATION,A,12000,6.54,0.1,N,3,0.10434782608695652,9583.333333333334,1.2521739130434781,Young,6-10 years,0,0,0.042857047,0,Low Risk
22,35064,RENT,4.0,DEBTCONSOLIDATION,A,2000,8.38,0.06,N,2,0.05703855806525211,2922.0,0.6844626967830253,Young,3-5 years,0,0,0.16689432,0,Low Risk
22,40000,MORTGAGE,1.0,EDUCATION,B,13025,10.14,0.33,N,3,0.325625,3333.3333333333335,3.9074999999999998,Young,0-2 years,1,0,0.12609838,0,Low Risk
21,28800,RENT,5.0,MEDICAL,B,8000,9.88,0.28,N,2,0.2777777777777778,2400.0,3.3333333333333335,Young,3-5 years,0,0,0.29784155,0,Low Risk
42,32000,MORTGAGE,0.0,PERSONAL,B,10000,10.59,0.31,N,12,0.3125,2666.6666666666665,3.75,Middle Age,0-2 years,1,1,0.38259363,0,Medium Risk
31,22000,RENT,6.0,EDUCATION,B,4800,10.65,0.22,N,10,0.21818181818181817,1833.3333333333333,2.618181818181818,Adult,6-10 years,0,0,0.21680152,0,Low Risk
22,62000,MORTGAGE,5.0,EDUCATION,B,9000,10.0,0.15,N,2,0.14516129032258066,5166.666666666667,1.7419354838709677,Young,3-5 years,0,0,0.13633141,0,Low Risk
29,220000,OWN,1.0,PERSONAL,F,14725,19.41,0.07,N,6,0.06693181818181818,18333.333333333332,0.8031818181818182,Adult,0-2 years,0,0,0.30221364,0,Medium Risk
29,42000,MORTGAGE,9.0,HOMEIMPROVEMENT,A,2500,7.74,0.06,N,7,0.05952380952380952,3500.0,0.7142857142857143,Adult,6-10 years,0,0,0.21606287,0,Low Risk
25,96000,MORTGAGE,6.0,VENTURE,C,21000,14.65,0.22,N,4,0.21875,8000.0,2.625,Young,6-10 years,0,0,0.1921287,0,Low Risk
22,31356,RENT,0.0,DEBTCONSOLIDATION,A,3000,7.68,0.1,N,4,0.09567546880979717,2613.0,1.148105625717566,Young,0-2 years,0,0,0.30643725,0,Medium Risk
23,75000,RENT,3.0,PERSONAL,E,23575,14.5,0.31,N,4,0.31433333333333335,6250.0,3.772,Young,3-5 years,1,1,0.97779435,1,High Risk
25,58313,MORTGAGE,9.0,MEDICAL,E,5300,19.91,0.08,Y,2,0.0908888241044021,4859.416666666667,1.0906658892528251,Young,6-10 years,0,1,0.96564484,1,High Risk
22,42000,RENT,0.0,EDUCATION,A,5000,8.9,0.12,N,4,0.11904761904761904,3500.0,1.4285714285714286,Young,0-2 years,0,0,0.14416625,0,Low Risk
23,47004,RENT,3.0,EDUCATION,C,4000,12.53,0.09,Y,4,0.08509914049868096,3917.0,1.0211896859841716,Young,3-5 years,0,0,0.17564273,0,Low Risk
29,85000,MORTGAGE,0.0,VENTURE,E,10000,16.63,0.12,N,8,0.11764705882352941,7083.333333333333,1.411764705882353,Adult,0-2 years,0,0,0.42406633,0,Medium Risk
38,112224,MORTGAGE,5.0,EDUCATION,A,25000,6.99,0.22,N,13,0.22276874821785,9352.0,2.6732249786142,Middle Age,3-5 years,0,0,0.040968243,0,Low Risk
24,83000,MORTGAGE,6.0,MEDICAL,A,15000,6.91,0.18,N,4,0.18072289156626506,6916.666666666667,2.1686746987951806,Young,6-10 years,0,0,0.042561777,0,Low Risk
23,21360,RENT,0.0,PERSONAL,A,7500,7.14,0.35,N,3,0.351123595505618,1780.0,4.213483146067416,Young,0-2 years,1,1,0.9925217,1,High Risk
25,49600,RENT,9.0,MEDICAL,A,12000,7.14,0.24,N,3,0.24193548387096775,4133.333333333333,2.903225806451613,Young,6-10 years,0,0,0.23452489,0,Low Risk
32,52000,RENT,0.0,PERSONAL,A,7125,7.49,0.14,N,10,0.13701923076923078,4333.333333333333,1.6442307692307694,Adult,0-2 years,0,0,0.07020667,0,Low Risk
26,85000,MORTGAGE,1.0,HOMEIMPROVEMENT,C,15000,12.73,0.18,Y,4,0.17647058823529413,7083.333333333333,2.1176470588235294,Adult,0-2 years,0,0,0.2030852,0,Low Risk
25,37200,RENT,6.0,HOMEIMPROVEMENT,A,9600,5.99,0.26,N,4,0.25806451612903225,3100.0,3.096774193548387,Young,6-10 years,0,1,0.7134165,1,High Risk
22,16800,MORTGAGE,5.0,EDUCATION,B,2000,10.65,0.12,N,2,0.11904761904761904,1400.0,1.4285714285714286,Young,3-5 years,0,0,0.16097517,0,Low Risk
22,50004,RENT,0.0,VENTURE,B,25000,10.36,0.5,N,2,0.49996000319974404,4167.0,5.999520038396928,Young,0-2 years,1,1,0.98988336,1,High Risk
22,90000,MORTGAGE,6.0,EDUCATION,B,6400,9.88,0.07,N,3,0.07111111111111111,7500.0,0.8533333333333334,Young,6-10 years,0,0,0.06722664,0,Low Risk
24,54000,OWN,8.0,EDUCATION,C,1200,13.11,0.02,Y,3,0.022222222222222223,4500.0,0.26666666666666666,Young,6-10 years,0,0,0.00616271,0,Low Risk
26,216000,MORTGAGE,10.0,EDUCATION,C,20000,14.22,0.09,Y,2,0.09259259259259259,18000.0,1.1111111111111112,Adult,6-10 years,0,0,0.1384321,0,Low Risk
24,52000,RENT,3.0,HOMEIMPROVEMENT,A,6600,,0.13,N,3,0.12692307692307692,4333.333333333333,1.5230769230769232,Young,3-5 years,0,0,0.16601889,0,Low Risk
47,126000,RENT,1.0,MEDICAL,A,10000,6.91,0.08,N,17,0.07936507936507936,10500.0,0.9523809523809523,Middle Age,0-2 years,0,0,0.018194957,0,Low Risk
29,110000,MORTGAGE,11.0,VENTURE,B,12000,10.37,0.11,N,10,0.10909090909090909,9166.666666666666,1.309090909090909,Adult,10+ years,0,0,0.005143387,0,Low Risk
25,70000,RENT,9.0,EDUCATION,D,12000,13.55,0.17,Y,3,0.17142857142857143,5833.333333333333,2.0571428571428574,Young,6-10 years,0,0,0.34611642,0,Medium Risk
28,604000,MORTGAGE,12.0,PERSONAL,B,25000,9.01,0.04,N,9,0.041390728476821195,50333.333333333336,0.4966887417218543,Adult,10+ years,0,1,0.12144266,0,Low Risk
28,42000,OWN,1.0,VENTURE,C,15000,13.47,0.36,N,9,0.35714285714285715,3500.0,4.285714285714286,Adult,0-2 years,1,0,0.008657759,0,Low Risk
25,48000,OWN,7.0,EDUCATION,B,15000,10.25,0.31,N,4,0.3125,4000.0,3.75,Young,6-10 years,1,0,0.0033117204,0,Low Risk
28,78000,MORTGAGE,12.0,HOMEIMPROVEMENT,B,13000,,0.17,N,9,0.16666666666666666,6500.0,2.0,Adult,10+ years,0,0,0.38773572,0,Medium Risk
26,62000,RENT,7.0,PERSONAL,C,8000,12.99,0.13,N,4,0.12903225806451613,5166.666666666667,1.5483870967741935,Adult,6-10 years,0,0,0.19693941,0,Low Risk
27,55200,OWN,4.0,EDUCATION,B,4000,,0.07,N,10,0.07246376811594203,4600.0,0.8695652173913043,Adult,3-5 years,0,0,0.0040434985,0,Low Risk
32,95200,MORTGAGE,15.0,EDUCATION,A,15000,5.99,0.16,N,7,0.15756302521008403,7933.333333333333,1.8907563025210086,Adult,10+ years,0,0,0.01527906,0,Low Risk
29,60000,MORTGAGE,4.0,EDUCATION,A,5000,7.66,0.08,N,10,0.08333333333333333,5000.0,1.0,Adult,3-5 years,0,0,0.062709734,0,Low Risk
29,18000,RENT,4.0,HOMEIMPROVEMENT,B,6250,9.99,0.35,N,6,0.3472222222222222,1500.0,4.166666666666667,Adult,3-5 years,1,1,0.9994555,1,High Risk
44,72061,MORTGAGE,8.0,VENTURE,C,4200,14.17,0.06,Y,14,0.05828395387241365,6005.083333333333,0.6994074464689638,Middle Age,6-10 years,0,0,0.18846713,0,Low Risk
25,60000,MORTGAGE,9.0,VENTURE,A,15000,8.49,0.25,N,3,0.25,5000.0,3.0,Young,6-10 years,0,0,0.0068682907,0,Low Risk
28,34000,RENT,0.0,EDUCATION,D,12000,14.61,0.35,Y,8,0.35294117647058826,2833.3333333333335,4.235294117647059,Adult,0-2 years,1,1,0.9978136,1,High Risk
23,37000,MORTGAGE,2.0,EDUCATION,A,10000,7.74,0.27,N,3,0.2702702702702703,3083.3333333333335,3.243243243243243,Young,0-2 years,0,0,0.13514334,0,Low Risk
34,70000,MORTGAGE,7.0,DEBTCONSOLIDATION,B,17000,11.14,0.24,N,8,0.24285714285714285,5833.333333333333,2.9142857142857146,Adult,6-10 years,0,1,0.14980288,0,Low Risk
25,38000,RENT,4.0,MEDICAL,D,20000,14.59,0.53,N,4,0.5263157894736842,3166.6666666666665,6.315789473684211,Young,3-5 years,1,1,0.9951079,1,High Risk
28,20000,RENT,4.0,PERSONAL,B,5000,10.65,0.25,N,8,0.25,1666.6666666666667,3.0,Adult,3-5 years,0,0,0.250713,0,Low Risk
34,45600,RENT,,PERSONAL,B,23500,11.36,0.52,N,9,0.5153508771929824,3800.0,6.184210526315789,Adult,,1,1,0.9913863,1,High Risk
28,186000,OTHER,3.0,VENTURE,A,2500,7.4,0.01,N,9,0.013440860215053764,15500.0,0.16129032258064516,Adult,3-5 years,0,0,0.006537261,0,Low Risk
23,33000,RENT,4.0,EDUCATION,B,10000,11.99,0.3,N,4,0.30303030303030304,2750.0,3.6363636363636362,Young,3-5 years,1,0,0.7874719,1,High Risk
33,115000,MORTGAGE,10.0,MEDICAL,B,25000,11.86,0.22,N,8,0.21739130434782608,9583.333333333334,2.608695652173913,Adult,6-10 years,0,0,0.16124561,0,Low Risk
30,58000,RENT,2.0,MEDICAL,A,15000,8.49,0.26,N,10,0.25862068965517243,4833.333333333333,3.103448275862069,Adult,0-2 years,0,0,0.14013106,0,Low Risk
23,95000,RENT,4.0,EDUCATION,B,12000,9.63,0.13,N,4,0.12631578947368421,7916.666666666667,1.5157894736842106,Young,3-5 years,0,0,0.03617732,0,Low Risk
36,130000,MORTGAGE,9.0,MEDICAL,B,12000,,0.09,N,14,0.09230769230769231,10833.333333333334,1.1076923076923075,Middle Age,6-10 years,0,0,0.1574283,0,Low Risk
31,30000,RENT,1.0,HOMEIMPROVEMENT,B,2050,8.88,0.07,N,7,0.06833333333333333,2500.0,0.82,Adult,0-2 years,0,1,0.9199422,1,High Risk
37,59000,MORTGAGE,11.0,DEBTCONSOLIDATION,E,15000,17.99,0.25,N,12,0.2542372881355932,4916.666666666667,3.0508474576271185,Middle Age,10+ years,0,1,0.9880199,1,High Risk
25,35000,RENT,,DEBTCONSOLIDATION,A,1100,6.76,0.03,N,2,0.03142857142857143,2916.6666666666665,0.37714285714285717,Young,,0,0,0.11452975,0,Low Risk
33,96000,MORTGAGE,5.0,MEDICAL,A,9000,7.49,0.09,N,7,0.09375,8000.0,1.125,Adult,3-5 years,0,0,0.03419329,0,Low Risk
22,58000,MORTGAGE,4.0,MEDICAL,A,11050,6.54,0.19,N,4,0.19051724137931034,4833.333333333333,2.2862068965517244,Young,3-5 years,0,0,0.08343266,0,Low Risk
28,70000,MORTGAGE,3.0,DEBTCONSOLIDATION,A,8000,8.49,0.11,N,9,0.11428571428571428,5833.333333333333,1.3714285714285714,Adult,3-5 years,0,0,0.07544002,0,Low Risk
26,48000,MORTGAGE,10.0,VENTURE,C,13800,13.49,0.29,Y,2,0.2875,4000.0,3.45,Adult,6-10 years,0,0,0.21815325,0,Low Risk
22,125000,MORTGAGE,6.0,VENTURE,B,10000,,0.08,N,2,0.08,10416.666666666666,0.9600000000000001,Young,6-10 years,0,0,0.0104773585,0,Low Risk
26,45000,MORTGAGE,0.0,HOMEIMPROVEMENT,C,4000,13.92,0.09,N,2,0.08888888888888889,3750.0,1.0666666666666667,Adult,0-2 years,0,0,0.3652102,0,Medium Risk
33,43200,RENT,6.0,DEBTCONSOLIDATION,A,11350,7.88,0.26,N,7,0.26273148148148145,3600.0,3.1527777777777777,Adult,6-10 years,0,0,0.0800714,0,Low Risk
32,27000,RENT,2.0,EDUCATION,C,6000,12.73,0.22,Y,5,0.2222222222222222,2250.0,2.6666666666666665,Adult,0-2 years,0,0,0.30476257,0,Medium Risk
30,85000,MORTGAGE,2.0,EDUCATION,A,15000,6.03,0.18,N,8,0.17647058823529413,7083.333333333333,2.1176470588235294,Adult,0-2 years,0,0,0.01221515,0,Low Risk
40,51500,RENT,1.0,VENTURE,B,12000,12.53,0.23,N,15,0.23300970873786409,4291.666666666667,2.7961165048543686,Middle Age,0-2 years,0,0,0.038331535,0,Low Risk
29,24000,RENT,1.0,MEDICAL,A,5000,6.92,0.21,N,10,0.20833333333333334,2000.0,2.5,Adult,0-2 years,0,0,0.1627391,0,Low Risk
22,60000,MORTGAGE,5.0,VENTURE,B,20000,12.21,0.33,N,3,0.3333333333333333,5000.0,4.0,Young,3-5 years,1,0,0.045645203,0,Low Risk
22,34000,RENT,0.0,EDUCATION,D,16000,13.24,0.47,N,3,0.47058823529411764,2833.3333333333335,5.647058823529411,Young,0-2 years,1,1,0.99812204,1,High Risk
22,24000,OWN,1.0,VENTURE,A,8000,7.51,0.33,N,3,0.3333333333333333,2000.0,4.0,Young,0-2 years,1,0,0.0022307648,0,Low Risk
27,57996,RENT,8.0,DEBTCONSOLIDATION,C,13000,13.92,0.22,Y,7,0.22415338988895786,4833.0,2.6898406786674944,Adult,6-10 years,0,0,0.26951593,0,Low Risk
42,97600,RENT,0.0,EDUCATION,A,7000,8.9,0.07,N,13,0.07172131147540983,8133.333333333333,0.8606557377049181,Middle Age,0-2 years,0,0,0.052403938,0,Low Risk
22,45000,MORTGAGE,6.0,EDUCATION,A,5000,8.0,0.11,N,3,0.1111111111111111,3750.0,1.3333333333333333,Young,6-10 years,0,0,0.1145876,0,Low Risk
25,96000,MORTGAGE,6.0,EDUCATION,B,20000,,0.21,N,2,0.20833333333333334,8000.0,2.5,Young,6-10 years,0,0,0.12182611,0,Low Risk
27,51000,RENT,1.0,HOMEIMPROVEMENT,A,2000,7.74,0.04,N,6,0.0392156862745098,4250.0,0.47058823529411764,Adult,0-2 years,0,0,0.21859859,0,Low Risk
24,75000,RENT,2.0,MEDICAL,B,2000,9.99,0.03,N,2,0.02666666666666667,6250.0,0.32,Young,0-2 years,0,0,0.1327667,0,Low Risk
21,37200,RENT,5.0,MEDICAL,C,4000,13.49,0.11,Y,4,0.10752688172043011,3100.0,1.2903225806451613,Young,3-5 years,0,0,0.29198048,0,Low Risk
31,65000,MORTGAGE,4.0,DEBTCONSOLIDATION,B,20000,11.71,0.31,N,9,0.3076923076923077,5416.666666666667,3.692307692307692,Adult,3-5 years,1,0,0.28306735,0,Low Risk
25,43500,RENT,0.0,MEDICAL,A,4500,6.76,0.1,N,2,0.10344827586206896,3625.0,1.2413793103448276,Young,0-2 years,0,0,0.11186013,0,Low Risk
27,54400,MORTGAGE,11.0,MEDICAL,D,3000,,0.05,Y,5,0.05514705882352941,4533.333333333333,0.661764705882353,Adult,10+ years,0,1,0.9389035,1,High Risk
21,34500,RENT,4.0,DEBTCONSOLIDATION,E,1000,16.45,0.03,N,2,0.028985507246376812,2875.0,0.34782608695652173,Young,3-5 years,0,1,0.9768314,1,High Risk
33,61000,RENT,0.0,EDUCATION,B,6000,10.39,0.1,N,7,0.09836065573770492,5083.333333333333,1.180327868852459,Adult,0-2 years,0,0,0.15702264,0,Low Risk
26,58000,MORTGAGE,2.0,PERSONAL,A,3000,6.92,0.05,N,4,0.05172413793103448,4833.333333333333,0.6206896551724138,Adult,0-2 years,0,0,0.091661334,0,Low Risk
28,51996,MORTGAGE,4.0,PERSONAL,A,5000,7.51,0.1,N,7,0.09616124317255173,4333.0,1.1539349180706209,Adult,3-5 years,0,0,0.13828067,0,Low Risk
23,52000,OWN,3.0,MEDICAL,C,9250,13.16,0.18,N,3,0.1778846153846154,4333.333333333333,2.1346153846153846,Young,3-5 years,0,0,0.0051114056,0,Low Risk
38,20640,RENT,2.0,MEDICAL,C,3500,12.61,0.17,Y,16,0.1695736434108527,1720.0,2.0348837209302326,Middle Age,0-2 years,0,0,0.18628286,0,Low Risk
28,39000,RENT,6.0,MEDICAL,D,10000,14.96,0.26,N,6,0.2564102564102564,3250.0,3.076923076923077,Adult,6-10 years,0,1,0.9657173,1,High Risk
24,73399,RENT,0.0,VENTURE,D,27000,,0.37,N,3,0.36785242305753485,6116.583333333333,4.414229076690418,Young,0-2 years,1,1,0.9984688,1,High Risk
34,33500,RENT,4.0,MEDICAL,B,8400,10.99,0.25,N,9,0.2507462686567164,2791.6666666666665,3.008955223880597,Adult,3-5 years,0,1,0.35251898,0,Medium Risk
22,58800,MORTGAGE,,PERSONAL,D,23500,15.33,0.4,N,2,0.39965986394557823,4900.0,4.795918367346939,Young,,1,1,0.6073284,1,High Risk
28,45000,MORTGAGE,2.0,EDUCATION,A,3000,5.79,0.07,N,8,0.06666666666666667,3750.0,0.8,Adult,0-2 years,0,0,0.047246836,0,Low Risk
26,58000,RENT,0.0,HOMEIMPROVEMENT,A,3500,8.59,0.06,N,2,0.0603448275862069,4833.333333333333,0.7241379310344828,Adult,0-2 years,0,0,0.29153422,0,Low Risk
28,47500,RENT,2.0,EDUCATION,A,8500,7.88,0.18,N,10,0.17894736842105263,3958.3333333333335,2.1473684210526316,Adult,0-2 years,0,0,0.09055347,0,Low Risk
22,70000,RENT,3.0,VENTURE,C,9000,13.49,0.13,Y,2,0.12857142857142856,5833.333333333333,1.542857142857143,Young,3-5 years,0,0,0.12980078,0,Low Risk
28,66000,RENT,9.0,VENTURE,A,10000,7.9,0.15,N,9,0.15151515151515152,5500.0,1.8181818181818181,Adult,6-10 years,0,0,0.007873216,0,Low Risk
26,52000,RENT,6.0,MEDICAL,E,4800,17.99,0.09,N,4,0.09230769230769231,4333.333333333333,1.1076923076923078,Adult,6-10 years,0,1,0.91030914,1,High Risk
24,54000,RENT,5.0,PERSONAL,B,10000,10.37,0.19,N,2,0.18518518518518517,4500.0,2.2222222222222223,Young,3-5 years,0,1,0.25929874,0,Low Risk
35,48000,RENT,7.0,MEDICAL,A,8250,7.51,0.17,N,6,0.171875,4000.0,2.0625,Adult,6-10 years,0,0,0.094740644,0,Low Risk
22,32760,RENT,3.0,PERSONAL,C,5000,13.48,0.15,Y,3,0.15262515262515264,2730.0,1.8315018315018314,Young,3-5 years,0,0,0.46618026,0,Medium Risk
27,52000,MORTGAGE,4.0,HOMEIMPROVEMENT,A,8000,6.99,0.15,N,8,0.15384615384615385,4333.333333333333,1.8461538461538463,Adult,3-5 years,0,0,0.11355702,0,Low Risk
32,55000,RENT,0.0,DEBTCONSOLIDATION,B,18000,10.38,0.33,N,7,0.32727272727272727,4583.333333333333,3.9272727272727277,Adult,0-2 years,1,1,0.9925908,1,High Risk
22,48000,RENT,1.0,EDUCATION,E,30000,18.39,0.63,N,2,0.625,4000.0,7.5,Young,0-2 years,1,1,0.9968702,1,High Risk
26,125000,RENT,0.0,MEDICAL,B,8000,9.63,0.06,N,3,0.064,10416.666666666666,0.768,Adult,0-2 years,0,0,0.06016017,0,Low Risk
24,49150,RENT,,EDUCATION,B,14000,11.71,0.28,N,3,0.28484231943031535,4095.8333333333335,3.418107833163784,Young,,0,0,0.50231224,1,Medium Risk
27,65000,MORTGAGE,0.0,HOMEIMPROVEMENT,D,22000,14.09,0.34,Y,6,0.3384615384615385,5416.666666666667,4.061538461538461,Adult,0-2 years,1,0,0.64797664,1,High Risk
24,95000,MORTGAGE,8.0,VENTURE,D,16000,15.33,0.17,N,3,0.16842105263157894,7916.666666666667,2.0210526315789474,Young,6-10 years,0,0,0.12850629,0,Low Risk
24,55000,MORTGAGE,8.0,EDUCATION,B,9600,,0.17,N,3,0.17454545454545456,4583.333333333333,2.0945454545454547,Young,6-10 years,0,0,0.1968871,0,Low Risk
25,70000,RENT,2.0,HOMEIMPROVEMENT,C,7000,13.79,0.1,Y,2,0.1,5833.333333333333,1.2,Young,0-2 years,0,0,0.1789583,0,Low Risk
23,20400,RENT,3.0,PERSONAL,C,3125,12.61,0.15,N,3,0.15318627450980393,1700.0,1.838235294117647,Young,3-5 years,0,0,0.41846493,0,Medium Risk
22,60000,MORTGAGE,1.0,MEDICAL,B,6750,10.99,0.11,N,4,0.1125,5000.0,1.35,Young,0-2 years,0,0,0.10740195,0,Low Risk
24,42000,MORTGAGE,3.0,EDUCATION,A,8675,7.51,0.21,N,4,0.20654761904761904,3500.0,2.4785714285714286,Young,3-5 years,0,0,0.13504796,0,Low Risk
36,40000,RENT,2.0,EDUCATION,C,11250,14.27,0.28,N,12,0.28125,3333.3333333333335,3.375,Middle Age,0-2 years,0,0,0.1682472,0,Low Risk
23,110000,RENT,5.0,DEBTCONSOLIDATION,A,10000,7.88,0.09,N,2,0.09090909090909091,9166.666666666666,1.090909090909091,Young,3-5 years,0,0,0.023803867,0,Low Risk
23,55000,MORTGAGE,6.0,EDUCATION,B,8000,9.88,0.15,N,3,0.14545454545454545,4583.333333333333,1.7454545454545456,Young,6-10 years,0,0,0.15321489,0,Low Risk
23,39120,OWN,4.0,MEDICAL,B,7000,11.71,0.18,N,3,0.17893660531697342,3260.0,2.147239263803681,Young,3-5 years,0,0,0.014342409,0,Low Risk
25,45000,MORTGAGE,5.0,PERSONAL,B,3800,10.65,0.08,N,2,0.08444444444444445,3750.0,1.0133333333333334,Young,3-5 years,0,0,0.17991333,0,Low Risk
25,84000,RENT,2.0,VENTURE,A,6000,8.94,0.07,N,2,0.07142857142857142,7000.0,0.8571428571428571,Young,0-2 years,0,0,0.0085441,0,Low Risk
27,40000,RENT,4.0,EDUCATION,C,6125,13.23,0.15,Y,5,0.153125,3333.3333333333335,1.8375,Adult,3-5 years,0,0,0.13336053,0,Low Risk
22,70404,MORTGAGE,5.0,EDUCATION,D,14075,14.74,0.2,Y,4,0.19991761831714108,5867.0,2.3990114198056927,Young,3-5 years,0,0,0.18051383,0,Low Risk
21,70000,RENT,5.0,PERSONAL,A,14000,6.99,0.2,N,3,0.2,5833.333333333333,2.4,Young,3-5 years,0,0,0.03778963,0,Low Risk
22,21000,RENT,1.0,PERSONAL,A,8500,7.51,0.4,N,4,0.40476190476190477,1750.0,4.857142857142857,Young,0-2 years,1,1,0.99571216,1,High Risk
27,25000,RENT,9.0,VENTURE,C,2000,13.11,0.08,Y,6,0.08,2083.3333333333335,0.96,Adult,6-10 years,0,0,0.2480852,0,Low Risk
25,40000,MORTGAGE,5.0,HOMEIMPROVEMENT,B,15000,11.36,0.38,N,2,0.375,3333.3333333333335,4.5,Young,3-5 years,1,1,0.22545704,0,Low Risk
27,58000,RENT,3.0,MEDICAL,C,1400,15.27,0.02,Y,7,0.02413793103448276,4833.333333333333,0.2896551724137931,Adult,3-5 years,0,0,0.24434574,0,Low Risk
22,62000,MORTGAGE,5.0,MEDICAL,B,3000,8.7,0.05,N,3,0.04838709677419355,5166.666666666667,0.5806451612903225,Young,3-5 years,0,0,0.12726103,0,Low Risk
31,30792,MORTGAGE,15.0,HOMEIMPROVEMENT,A,5000,8.32,0.16,N,9,0.1623798389191998,2566.0,1.9485580670303975,Adult,10+ years,0,0,0.6165,1,High Risk
31,52000,MORTGAGE,0.0,VENTURE,B,25000,10.71,0.48,N,7,0.4807692307692308,4333.333333333333,5.76923076923077,Adult,0-2 years,1,0,0.06263205,0,Low Risk
25,29000,RENT,9.0,MEDICAL,B,1000,11.99,0.03,N,2,0.034482758620689655,2416.6666666666665,0.4137931034482759,Young,6-10 years,0,1,0.36139238,0,Medium Risk
50,36996,RENT,6.0,DEBTCONSOLIDATION,C,3800,12.53,0.1,N,15,0.10271380689804303,3083.0,1.2325656827765163,Middle Age,6-10 years,0,0,0.35587263,0,Medium Risk
39,12000,RENT,,DEBTCONSOLIDATION,B,2000,10.65,0.17,N,16,0.16666666666666666,1000.0,2.0,Middle Age,,0,1,0.986986,1,High Risk
31,102000,MORTGAGE,1.0,HOMEIMPROVEMENT,C,14400,,0.14,N,6,0.1411764705882353,8500.0,1.6941176470588235,Adult,0-2 years,0,0,0.10975363,0,Low Risk
24,46180,RENT,1.0,VENTURE,C,2500,13.98,0.05,Y,3,0.05413598960588999,3848.3333333333335,0.6496318752706799,Young,0-2 years,0,1,0.22846664,0,Low Risk
30,23000,RENT,5.0,VENTURE,A,14000,7.88,0.61,N,6,0.6086956521739131,1916.6666666666667,7.304347826086956,Adult,3-5 years,1,1,0.99692506,1,High Risk
27,24000,MORTGAGE,1.0,VENTURE,C,11000,,0.46,Y,6,0.4583333333333333,2000.0,5.5,Adult,0-2 years,1,0,0.6643803,1,High Risk
46,48956,RENT,0.0,MEDICAL,B,2800,10.59,0.06,N,13,0.05719421521366125,4079.6666666666665,0.686330582563935,Middle Age,0-2 years,0,0,0.19530992,0,Low Risk
24,100000,MORTGAGE,6.0,MEDICAL,A,20000,6.17,0.2,N,4,0.2,8333.333333333334,2.4,Young,6-10 years,0,0,0.013198131,0,Low Risk
22,30000,RENT,1.0,EDUCATION,C,4000,,0.13,N,3,0.13333333333333333,2500.0,1.6,Young,0-2 years,0,0,0.31864616,0,Medium Risk
25,35220,RENT,2.0,DEBTCONSOLIDATION,A,10500,7.29,0.3,N,3,0.2981260647359455,2935.0,3.577512776831346,Young,0-2 years,1,0,0.12050487,0,Low Risk
22,165500,MORTGAGE,6.0,EDUCATION,C,12000,12.99,0.07,Y,3,0.07250755287009064,13791.666666666666,0.8700906344410877,Young,6-10 years,0,0,0.07745809,0,Low Risk
24,43000,RENT,4.0,MEDICAL,B,10000,9.63,0.23,N,3,0.23255813953488372,3583.3333333333335,2.7906976744186047,Young,3-5 years,0,0,0.18729353,0,Low Risk
22,39000,RENT,3.0,EDUCATION,D,10000,,0.26,Y,3,0.2564102564102564,3250.0,3.076923076923077,Young,3-5 years,0,1,0.71615404,1,High Risk
46,27600,RENT,1.0,MEDICAL,B,5050,,0.18,N,11,0.18297101449275363,2300.0,2.1956521739130435,Middle Age,0-2 years,0,0,0.23515545,0,Low Risk
27,53400,MORTGAGE,8.0,PERSONAL,B,4000,9.99,0.07,N,6,0.0749063670411985,4450.0,0.898876404494382,Adult,6-10 years,0,0,0.22551641,0,Low Risk
23,150000,MORTGAGE,7.0,MEDICAL,A,8000,6.91,0.05,N,2,0.05333333333333334,12500.0,0.64,Young,6-10 years,0,0,0.0068723476,0,Low Risk
23,24000,OWN,0.0,PERSONAL,A,8000,5.79,0.33,N,3,0.3333333333333333,2000.0,4.0,Young,0-2 years,1,0,0.004662511,0,Low Risk
23,25000,RENT,,VENTURE,B,4000,11.71,0.16,N,4,0.16,2083.3333333333335,1.92,Young,,0,0,0.065658055,0,Low Risk
23,45000,MORTGAGE,2.0,DEBTCONSOLIDATION,A,6000,7.49,0.13,N,3,0.13333333333333333,3750.0,1.6,Young,0-2 years,0,0,0.078037515,0,Low Risk
23,75000,MORTGAGE,1.0,EDUCATION,E,4500,,0.06,Y,4,0.06,6250.0,0.72,Young,0-2 years,0,0,0.40341476,0,Medium Risk
23,60000,MORTGAGE,4.0,EDUCATION,A,10000,,0.17,N,4,0.16666666666666666,5000.0,2.0,Young,3-5 years,0,0,0.040516958,0,Low Risk
22,47000,MORTGAGE,6.0,MEDICAL,B,24000,10.37,0.51,N,4,0.5106382978723404,3916.6666666666665,6.127659574468085,Young,6-10 years,1,1,0.38366592,0,Medium Risk
22,90000,MORTGAGE,6.0,EDUCATION,A,10000,7.88,0.11,N,3,0.1111111111111111,7500.0,1.3333333333333333,Young,6-10 years,0,0,0.016952371,0,Low Risk
35,92000,MORTGAGE,11.0,VENTURE,A,12000,6.99,0.13,N,8,0.13043478260869565,7666.666666666667,1.5652173913043477,Adult,10+ years,0,0,0.0022934023,0,Low Risk
32,37000,RENT,4.0,MEDICAL,B,6000,10.36,0.16,N,6,0.16216216216216217,3083.3333333333335,1.9459459459459458,Adult,3-5 years,0,0,0.1697316,0,Low Risk
27,231252,MORTGAGE,1.0,DEBTCONSOLIDATION,B,2000,9.91,0.01,N,6,0.008648573850172106,19271.0,0.10378288620206529,Adult,0-2 years,0,0,0.09273553,0,Low Risk
29,60000,MORTGAGE,,HOMEIMPROVEMENT,C,14125,13.49,0.24,N,6,0.23541666666666666,5000.0,2.825,Adult,,0,0,0.21401061,0,Low Risk
25,40800,RENT,9.0,PERSONAL,D,5600,16.77,0.14,N,3,0.13725490196078433,3400.0,1.6470588235294117,Young,6-10 years,0,0,0.4946713,0,Medium Risk
38,57600,MORTGAGE,2.0,DEBTCONSOLIDATION,B,9000,10.99,0.16,N,12,0.15625,4800.0,1.875,Middle Age,0-2 years,0,0,0.1654548,0,Low Risk
28,42328,RENT,5.0,MEDICAL,A,6000,8.63,0.14,N,7,0.14175014175014175,3527.3333333333335,1.701001701001701,Adult,3-5 years,0,0,0.1256744,0,Low Risk
31,56000,OWN,6.0,VENTURE,A,11500,,0.21,N,9,0.20535714285714285,4666.666666666667,2.464285714285714,Adult,6-10 years,0,0,0.00079696265,0,Low Risk
29,67992,MORTGAGE,0.0,VENTURE,A,2000,7.43,0.03,N,7,0.029415225320625956,5666.0,0.35298270384751146,Adult,0-2 years,0,0,0.010366699,0,Low Risk
23,135000,MORTGAGE,8.0,EDUCATION,F,10000,18.43,0.07,N,4,0.07407407407407407,11250.0,0.8888888888888888,Young,6-10 years,0,0,0.37756795,0,Medium Risk
24,33600,RENT,5.0,PERSONAL,B,4450,11.49,0.13,N,4,0.1324404761904762,2800.0,1.5892857142857142,Young,3-5 years,0,0,0.35595596,0,Medium Risk
25,60000,MORTGAGE,3.0,DEBTCONSOLIDATION,A,3000,5.99,0.05,N,4,0.05,5000.0,0.6,Young,3-5 years,0,0,0.027879406,0,Low Risk
27,36082,MORTGAGE,5.0,EDUCATION,A,5000,6.62,0.14,N,9,0.13857324981985478,3006.8333333333335,1.6628789978382572,Adult,3-5 years,0,1,0.15755208,0,Low Risk
21,38400,OWN,0.0,VENTURE,C,12200,,0.32,N,2,0.3177083333333333,3200.0,3.8125,Young,0-2 years,1,0,0.002679117,0,Low Risk
26,5500,RENT,0.0,EDUCATION,A,1000,9.63,0.18,N,3,0.18181818181818182,458.3333333333333,2.181818181818182,Adult,0-2 years,0,1,0.99348515,1,High Risk
22,74000,RENT,6.0,PERSONAL,B,12600,10.65,0.17,N,3,0.17027027027027028,6166.666666666667,2.0432432432432432,Young,6-10 years,0,0,0.26929983,0,Low Risk
22,75000,MORTGAGE,3.0,PERSONAL,A,5600,8.0,0.07,N,2,0.07466666666666667,6250.0,0.896,Young,3-5 years,0,0,0.07357697,0,Low Risk
25,67000,RENT,9.0,PERSONAL,C,5000,13.92,0.07,Y,4,0.07462686567164178,5583.333333333333,0.8955223880597015,Young,6-10 years,0,1,0.23539387,0,Low Risk
31,60000,MORTGAGE,7.0,VENTURE,B,7000,,0.12,N,7,0.11666666666666667,5000.0,1.4,Adult,6-10 years,0,0,0.008723359,0,Low Risk
24,89000,MORTGAGE,8.0,MEDICAL,C,25000,13.11,0.28,Y,3,0.2808988764044944,7416.666666666667,3.3707865168539324,Young,6-10 years,0,0,0.4065533,0,Medium Risk
22,50000,RENT,3.0,VENTURE,C,13000,12.23,0.26,N,3,0.26,4166.666666666667,3.1199999999999997,Young,3-5 years,0,0,0.07693926,0,Low Risk
25,60000,OWN,1.0,DEBTCONSOLIDATION,D,10000,16.49,0.17,N,3,0.16666666666666666,5000.0,2.0,Young,0-2 years,0,0,0.025422452,0,Low Risk
43,36000,MORTGAGE,,HOMEIMPROVEMENT,A,4000,6.62,0.11,N,16,0.1111111111111111,3000.0,1.3333333333333333,Middle Age,,0,1,0.1950497,0,Low Risk
23,27996,RENT,7.0,DEBTCONSOLIDATION,A,10000,,0.36,N,2,0.35719388484069153,2333.0,4.286326618088299,Young,6-10 years,1,1,0.99505925,1,High Risk
38,24000,RENT,3.0,MEDICAL,C,3000,,0.13,Y,16,0.125,2000.0,1.5,Middle Age,3-5 years,0,0,0.22445722,0,Low Risk
23,68000,MORTGAGE,4.0,EDUCATION,A,1000,8.0,0.01,N,4,0.014705882352941176,5666.666666666667,0.1764705882352941,Young,3-5 years,0,0,0.09587731,0,Low Risk
23,80000,RENT,6.0,VENTURE,A,6500,7.51,0.08,N,3,0.08125,6666.666666666667,0.975,Young,6-10 years,0,0,0.008611777,0,Low Risk
22,40000,RENT,0.0,DEBTCONSOLIDATION,A,2100,6.39,0.05,N,2,0.0525,3333.3333333333335,0.63,Young,0-2 years,0,0,0.050531466,0,Low Risk
22,24000,OWN,2.0,PERSONAL,C,3000,13.61,0.13,N,2,0.125,2000.0,1.5,Young,0-2 years,0,0,0.002979549,0,Low Risk
28,44604,RENT,11.0,PERSONAL,B,1500,11.12,0.03,N,7,0.03362927091740651,3717.0,0.4035512510088781,Adult,10+ years,0,0,0.19882332,0,Low Risk
32,65000,RENT,2.0,HOMEIMPROVEMENT,C,11600,13.49,0.18,Y,8,0.17846153846153845,5416.666666666667,2.1415384615384614,Adult,0-2 years,0,0,0.16543697,0,Low Risk
26,54996,RENT,8.0,EDUCATION,B,20000,12.18,0.36,N,4,0.36366281184086113,4583.0,4.363953742090334,Adult,6-10 years,1,1,0.9919681,1,High Risk
22,31000,RENT,0.0,DEBTCONSOLIDATION,B,12000,10.25,0.39,N,4,0.3870967741935484,2583.3333333333335,4.64516129032258,Young,0-2 years,1,1,0.995723,1,High Risk
23,69000,MORTGAGE,1.0,VENTURE,B,19000,9.51,0.28,N,2,0.2753623188405797,5750.0,3.3043478260869565,Young,0-2 years,0,0,0.0269102,0,Low Risk
25,48600,RENT,0.0,MEDICAL,A,12000,,0.25,N,4,0.24691358024691357,4050.0,2.962962962962963,Young,0-2 years,0,0,0.15488586,0,Low Risk
29,40320,RENT,6.0,MEDICAL,B,7800,8.88,0.19,N,10,0.19345238095238096,3360.0,2.3214285714285716,Adult,6-10 years,0,0,0.08553891,0,Low Risk
33,66000,RENT,5.0,HOMEIMPROVEMENT,C,4800,13.57,0.07,N,7,0.07272727272727272,5500.0,0.8727272727272727,Adult,3-5 years,0,0,0.24581195,0,Low Risk
33,71000,MORTGAGE,7.0,EDUCATION,C,8000,12.68,0.11,Y,10,0.11267605633802817,5916.666666666667,1.352112676056338,Adult,6-10 years,0,0,0.26884797,0,Low Risk
25,118000,MORTGAGE,9.0,DEBTCONSOLIDATION,A,2000,7.12,0.02,N,2,0.01694915254237288,9833.333333333334,0.20338983050847456,Young,6-10 years,0,0,0.053029608,0,Low Risk
22,35000,OWN,1.0,EDUCATION,B,8000,12.69,0.23,N,4,0.22857142857142856,2916.6666666666665,2.742857142857143,Young,0-2 years,0,0,0.0023698222,0,Low Risk
34,35000,OWN,2.0,EDUCATION,C,2000,13.99,0.06,N,8,0.05714285714285714,2916.6666666666665,0.6857142857142857,Adult,0-2 years,0,0,0.002824601,0,Low Risk
27,117000,RENT,7.0,PERSONAL,B,1800,12.42,0.02,N,10,0.015384615384615385,9750.0,0.18461538461538463,Adult,6-10 years,0,0,0.114633724,0,Low Risk
23,69996,RENT,4.0,PERSONAL,C,15000,13.43,0.21,Y,4,0.2142979598834219,5833.0,2.5715755186010627,Young,3-5 years,0,0,0.16452418,0,Low Risk
46,60350,RENT,3.0,PERSONAL,A,10000,8.94,0.17,N,17,0.16570008285004142,5029.166666666667,1.988400994200497,Middle Age,3-5 years,0,0,0.041007604,0,Low Risk
24,43300,RENT,4.0,MEDICAL,A,8000,7.29,0.18,N,4,0.18475750577367206,3608.3333333333335,2.2170900692840645,Young,3-5 years,0,0,0.08430317,0,Low Risk
25,55000,RENT,0.0,DEBTCONSOLIDATION,B,6000,10.65,0.11,N,2,0.10909090909090909,4583.333333333333,1.309090909090909,Young,0-2 years,0,0,0.1325904,0,Low Risk
25,65004,RENT,0.0,DEBTCONSOLIDATION,C,6000,12.87,0.09,N,4,0.0923020121838656,5417.0,1.1076241462063874,Young,0-2 years,0,0,0.17861746,0,Low Risk
22,52000,MORTGAGE,0.0,EDUCATION,A,10000,7.88,0.19,N,3,0.19230769230769232,4333.333333333333,2.307692307692308,Young,0-2 years,0,0,0.06151677,0,Low Risk
23,21000,RENT,3.0,MEDICAL,C,10000,13.16,0.48,Y,4,0.47619047619047616,1750.0,5.714285714285714,Young,3-5 years,1,1,0.9959247,1,High Risk
25,80000,MORTGAGE,9.0,VENTURE,E,4000,19.03,0.05,Y,3,0.05,6666.666666666667,0.6,Young,6-10 years,0,0,0.21831298,0,Low Risk
24,54000,MORTGAGE,8.0,PERSONAL,A,13000,7.49,0.24,N,2,0.24074074074074073,4500.0,2.888888888888889,Young,6-10 years,0,0,0.22215228,0,Low Risk
24,10000,RENT,0.0,VENTURE,B,1400,10.83,0.14,N,4,0.14,833.3333333333334,1.68,Young,0-2 years,0,0,0.06575936,0,Low Risk
36,27600,RENT,1.0,MEDICAL,B,4000,11.86,0.14,N,12,0.14492753623188406,2300.0,1.7391304347826086,Middle Age,0-2 years,0,0,0.2688292,0,Low Risk
23,88000,MORTGAGE,4.0,HOMEIMPROVEMENT,C,8400,14.65,0.1,N,4,0.09545454545454546,7333.333333333333,1.1454545454545455,Young,3-5 years,0,1,0.81645405,1,High Risk
21,33000,RENT,0.0,HOMEIMPROVEMENT,C,2000,12.61,0.06,Y,3,0.06060606060606061,2750.0,0.7272727272727273,Young,0-2 years,0,1,0.9886468,1,High Risk
34,56400,MORTGAGE,2.0,DEBTCONSOLIDATION,A,7000,7.9,0.12,N,10,0.12411347517730496,4700.0,1.4893617021276595,Adult,0-2 years,0,0,0.1646638,0,Low Risk
32,36000,MORTGAGE,7.0,PERSONAL,A,2600,7.49,0.07,N,10,0.07222222222222222,3000.0,0.8666666666666667,Adult,6-10 years,0,0,0.14805475,0,Low Risk
29,45200,MORTGAGE,7.0,MEDICAL,D,6000,16.49,0.13,Y,10,0.13274336283185842,3766.6666666666665,1.592920353982301,Adult,6-10 years,0,1,0.9017677,1,High Risk
32,70000,MORTGAGE,7.0,PERSONAL,A,6000,5.42,0.09,N,6,0.08571428571428572,5833.333333333333,1.0285714285714287,Adult,6-10 years,0,0,0.027319213,0,Low Risk
49,88400,MORTGAGE,4.0,MEDICAL,C,20000,13.92,0.23,Y,14,0.22624434389140272,7366.666666666667,2.7149321266968323,Middle Age,3-5 years,0,0,0.5042011,1,Medium Risk
24,10000,RENT,8.0,PERSONAL,A,3000,7.9,0.3,N,3,0.3,833.3333333333334,3.5999999999999996,Young,6-10 years,1,1,0.99752873,1,High Risk
36,73000,MORTGAGE,3.0,DEBTCONSOLIDATION,D,8000,17.49,0.11,N,17,0.1095890410958904,6083.333333333333,1.315068493150685,Middle Age,3-5 years,0,1,0.9910494,1,High Risk
35,38000,RENT,3.0,VENTURE,B,8000,,0.21,N,9,0.21052631578947367,3166.6666666666665,2.5263157894736845,Adult,3-5 years,0,0,0.01969706,0,Low Risk
24,76000,MORTGAGE,8.0,EDUCATION,B,13500,9.99,0.18,N,4,0.17763157894736842,6333.333333333333,2.1315789473684212,Young,6-10 years,0,0,0.20996942,0,Low Risk
30,135000,RENT,4.0,PERSONAL,D,25000,15.21,0.19,Y,6,0.18518518518518517,11250.0,2.2222222222222223,Adult,3-5 years,0,0,0.35267028,0,Medium Risk
23,20004,RENT,2.0,DEBTCONSOLIDATION,B,1500,9.62,0.07,N,3,0.07498500299940011,1667.0,0.8998200359928015,Young,0-2 years,0,0,0.31378555,0,Medium Risk
41,52000,RENT,2.0,DEBTCONSOLIDATION,A,5000,7.88,0.1,N,13,0.09615384615384616,4333.333333333333,1.153846153846154,Middle Age,0-2 years,0,0,0.07333174,0,Low Risk
25,60000,MORTGAGE,3.0,VENTURE,B,10000,11.49,0.17,N,4,0.16666666666666666,5000.0,2.0,Young,3-5 years,0,0,0.010780122,0,Low Risk
22,52000,MORTGAGE,5.0,VENTURE,C,3000,14.35,0.06,N,2,0.057692307692307696,4333.333333333333,0.6923076923076924,Young,3-5 years,0,0,0.2266434,0,Low Risk
25,26400,MORTGAGE,5.0,MEDICAL,C,5975,12.99,0.23,Y,4,0.22632575757575757,2200.0,2.715909090909091,Young,3-5 years,0,0,0.40355587,0,Medium Risk
22,49000,MORTGAGE,2.0,VENTURE,B,8500,12.53,0.17,N,3,0.17346938775510204,4083.3333333333335,2.0816326530612246,Young,0-2 years,0,0,0.06631485,0,Low Risk
24,192000,RENT,0.0,MEDICAL,C,22000,,0.11,Y,2,0.11458333333333333,16000.0,1.375,Young,0-2 years,0,0,0.19348565,0,Low Risk
45,69600,OWN,11.0,VENTURE,A,6000,7.9,0.09,N,12,0.08620689655172414,5800.0,1.0344827586206897,Middle Age,10+ years,0,0,0.0002993174,0,Low Risk
22,47540,MORTGAGE,4.0,MEDICAL,B,12250,10.62,0.26,N,2,0.2576777450567943,3961.6666666666665,3.0921329406815317,Young,3-5 years,0,0,0.22276287,0,Low Risk
24,85000,MORTGAGE,4.0,DEBTCONSOLIDATION,B,7750,11.12,0.09,N,4,0.09117647058823529,7083.333333333333,1.0941176470588236,Young,3-5 years,0,0,0.123098135,0,Low Risk
21,39996,MORTGAGE,5.0,PERSONAL,B,8000,10.25,0.2,N,4,0.2000200020002,3333.0,2.4002400240024,Young,3-5 years,0,0,0.14632352,0,Low Risk
28,133000,MORTGAGE,6.0,DEBTCONSOLIDATION,E,20000,,0.15,Y,5,0.15037593984962405,11083.333333333334,1.8045112781954886,Adult,6-10 years,0,1,0.7726785,1,High Risk
21,40000,RENT,4.0,VENTURE,A,5000,5.79,0.13,N,2,0.125,3333.3333333333335,1.5,Young,3-5 years,0,0,0.0033392548,0,Low Risk
25,34000,MORTGAGE,1.0,HOMEIMPROVEMENT,A,2500,6.03,0.07,N,2,0.07352941176470588,2833.3333333333335,0.8823529411764706,Young,0-2 years,0,0,0.54634345,1,Medium Risk
26,115200,MORTGAGE,10.0,DEBTCONSOLIDATION,C,4500,11.97,0.04,Y,2,0.0390625,9600.0,0.46875,Adult,6-10 years,0,0,0.30671397,0,Medium Risk
29,92000,MORTGAGE,8.0,PERSONAL,B,10000,11.26,0.11,N,9,0.10869565217391304,7666.666666666667,1.3043478260869565,Adult,6-10 years,0,0,0.11414412,0,Low Risk
24,165000,MORTGAGE,5.0,PERSONAL,B,20000,10.37,0.12,N,4,0.12121212121212122,13750.0,1.4545454545454546,Young,3-5 years,0,0,0.07400199,0,Low Risk
28,65000,OWN,1.0,MEDICAL,C,2500,13.22,0.04,Y,7,0.038461538461538464,5416.666666666667,0.4615384615384615,Adult,0-2 years,0,0,0.003565535,0,Low Risk
33,25200,RENT,3.0,MEDICAL,E,1600,16.69,0.06,N,6,0.06349206349206349,2100.0,0.7619047619047619,Adult,3-5 years,0,1,0.8739954,1,High Risk
28,170000,MORTGAGE,4.0,EDUCATION,D,20000,,0.12,Y,10,0.11764705882352941,14166.666666666666,1.411764705882353,Adult,3-5 years,0,0,0.2828961,0,Low Risk
36,155000,MORTGAGE,12.0,VENTURE,B,25000,10.74,0.16,N,11,0.16129032258064516,12916.666666666666,1.935483870967742,Middle Age,10+ years,0,0,0.009278474,0,Low Risk
22,50000,RENT,7.0,MEDICAL,C,4800,12.68,0.1,N,3,0.096,4166.666666666667,1.152,Young,6-10 years,0,0,0.14507952,0,Low Risk
24,22044,RENT,3.0,HOMEIMPROVEMENT,E,4375,16.4,0.2,Y,3,0.19846670295772093,1837.0,2.381600435492651,Young,3-5 years,0,1,0.94217,1,High Risk
24,82726,MORTGAGE,7.0,EDUCATION,C,20000,,0.24,Y,4,0.24176196117302903,6893.833333333333,2.9011435340763487,Young,6-10 years,0,0,0.31921726,0,Medium Risk
30,120000,MORTGAGE,12.0,DEBTCONSOLIDATION,B,7200,9.99,0.06,N,9,0.06,10000.0,0.72,Adult,10+ years,0,0,0.045253,0,Low Risk
32,45000,MORTGAGE,,PERSONAL,B,7200,12.69,0.16,N,9,0.16,3750.0,1.92,Adult,,0,0,0.22665796,0,Low Risk
22,32400,MORTGAGE,,PERSONAL,A,5000,7.49,0.15,N,3,0.15432098765432098,2700.0,1.8518518518518519,Young,,0,0,0.23743443,0,Low Risk
24,90100,RENT,6.0,MEDICAL,B,13000,12.69,0.12,N,4,0.14428412874583796,7508.333333333333,1.7314095449500555,Young,6-10 years,0,1,0.13167633,0,Low Risk
23,54000,MORTGAGE,0.0,EDUCATION,B,10000,11.49,0.19,N,4,0.18518518518518517,4500.0,2.2222222222222223,Young,0-2 years,0,0,0.39817548,0,Medium Risk
28,110000,MORTGAGE,7.0,HOMEIMPROVEMENT,B,10750,11.86,0.1,N,9,0.09772727272727273,9166.666666666666,1.1727272727272728,Adult,6-10 years,0,0,0.12186945,0,Low Risk
22,96384,MORTGAGE,6.0,VENTURE,B,18000,10.25,0.19,N,3,0.18675298804780877,8032.0,2.241035856573705,Young,6-10 years,0,0,0.0056279725,0,Low Risk
36,80000,RENT,20.0,VENTURE,B,21000,11.36,0.26,N,12,0.2625,6666.666666666667,3.15,Middle Age,10+ years,0,0,0.012827227,0,Low Risk
30,120000,MORTGAGE,3.0,PERSONAL,B,6000,10.99,0.05,N,7,0.05,10000.0,0.6,Adult,3-5 years,0,0,0.05293559,0,Low Risk
28,81120,RENT,0.0,PERSONAL,A,8350,7.49,0.1,N,8,0.10293392504930966,6760.0,1.235207100591716,Adult,0-2 years,0,0,0.09333142,0,Low Risk
22,114000,RENT,2.0,VENTURE,D,5000,15.31,0.04,N,3,0.043859649122807015,9500.0,0.5263157894736842,Young,0-2 years,0,1,0.9307277,1,High Risk
28,36000,MORTGAGE,4.0,VENTURE,B,2400,10.71,0.07,N,7,0.06666666666666667,3000.0,0.8,Adult,3-5 years,0,0,0.0117100105,0,Low Risk
26,47000,RENT,8.0,PERSONAL,C,3800,13.49,0.08,N,3,0.08085106382978724,3916.6666666666665,0.9702127659574469,Adult,6-10 years,0,0,0.20614992,0,Low Risk
32,40000,RENT,3.0,DEBTCONSOLIDATION,B,8000,9.62,0.2,N,9,0.2,3333.3333333333335,2.4,Adult,3-5 years,0,0,0.11194086,0,Low Risk
41,37200,RENT,4.0,PERSONAL,A,7000,9.32,0.19,N,16,0.1881720430107527,3100.0,2.2580645161290325,Middle Age,3-5 years,0,0,0.11105894,0,Low Risk
27,51000,RENT,9.0,PERSONAL,B,1600,10.59,0.03,N,8,0.03137254901960784,4250.0,0.3764705882352941,Adult,6-10 years,0,0,0.21175765,0,Low Risk
29,60000,MORTGAGE,0.0,PERSONAL,E,10000,15.25,0.17,Y,5,0.16666666666666666,5000.0,2.0,Adult,0-2 years,0,0,0.36198053,0,Medium Risk
27,96000,RENT,11.0,HOMEIMPROVEMENT,E,25000,,0.26,N,6,0.2604166666666667,8000.0,3.125,Adult,10+ years,0,0,0.55441713,1,Medium Risk
24,52500,RENT,1.0,EDUCATION,C,9500,14.79,0.18,Y,3,0.18095238095238095,4375.0,2.1714285714285713,Young,0-2 years,0,0,0.27508512,0,Low Risk
27,118000,RENT,1.0,PERSONAL,D,13425,15.99,0.11,Y,10,0.11377118644067796,9833.333333333334,1.3652542372881356,Adult,0-2 years,0,1,0.9315223,1,High Risk
41,100000,RENT,3.0,VENTURE,B,12000,10.74,0.12,N,12,0.12,8333.333333333334,1.44,Middle Age,3-5 years,0,0,0.003263473,0,Low Risk
26,110400,MORTGAGE,3.0,PERSONAL,F,9800,,0.09,Y,3,0.08876811594202899,9200.0,1.065217391304348,Adult,3-5 years,0,0,0.33980966,0,Medium Risk
23,37500,RENT,2.0,VENTURE,C,8000,14.26,0.21,N,4,0.21333333333333335,3125.0,2.56,Young,0-2 years,0,0,0.44345483,0,Medium Risk
26,19200,RENT,3.0,MEDICAL,A,2000,6.17,0.1,N,4,0.10416666666666667,1600.0,1.25,Adult,3-5 years,0,0,0.43629268,0,Medium Risk
29,120000,MORTGAGE,7.0,DEBTCONSOLIDATION,B,20000,12.42,0.17,N,6,0.16666666666666666,10000.0,2.0,Adult,6-10 years,0,0,0.13014677,0,Low Risk
26,67000,RENT,4.0,MEDICAL,C,2400,12.99,0.04,Y,2,0.03582089552238806,5583.333333333333,0.4298507462686567,Adult,3-5 years,0,0,0.19962662,0,Low Risk
37,74400,OWN,21.0,VENTURE,A,7500,7.05,0.1,N,11,0.10080645161290322,6200.0,1.2096774193548387,Middle Age,10+ years,0,0,0.0007371802,0,Low Risk
25,36000,MORTGAGE,3.0,VENTURE,B,5000,,0.14,N,4,0.1388888888888889,3000.0,1.6666666666666667,Young,3-5 years,0,0,0.020205425,0,Low Risk
23,85000,MORTGAGE,7.0,DEBTCONSOLIDATION,A,7000,8.63,0.08,N,2,0.08235294117647059,7083.333333333333,0.9882352941176471,Young,6-10 years,0,0,0.11901915,0,Low Risk
22,100000,MORTGAGE,6.0,EDUCATION,A,15000,7.49,0.15,N,2,0.15,8333.333333333334,1.7999999999999998,Young,6-10 years,0,0,0.013616697,0,Low Risk
21,34000,RENT,5.0,DEBTCONSOLIDATION,C,7800,13.79,0.23,N,2,0.22941176470588234,2833.3333333333335,2.7529411764705882,Young,3-5 years,0,1,0.7457823,1,High Risk
23,48000,MORTGAGE,3.0,VENTURE,B,12000,11.36,0.25,N,3,0.25,4000.0,3.0,Young,3-5 years,0,0,0.025819318,0,Low Risk
22,81500,MORTGAGE,0.0,EDUCATION,A,7575,6.54,0.09,N,3,0.09294478527607362,6791.666666666667,1.1153374233128834,Young,0-2 years,0,0,0.01952891,0,Low Risk
24,53000,RENT,1.0,DEBTCONSOLIDATION,D,15000,16.77,0.28,N,2,0.2830188679245283,4416.666666666667,3.3962264150943393,Young,0-2 years,0,1,0.9928086,1,High Risk
28,90000,RENT,0.0,VENTURE,A,7200,5.42,0.08,N,5,0.08,7500.0,0.96,Adult,0-2 years,0,0,0.002442498,0,Low Risk
23,51000,RENT,4.0,DEBTCONSOLIDATION,A,10400,,0.2,N,2,0.20392156862745098,4250.0,2.447058823529412,Young,3-5 years,0,0,0.2220649,0,Low Risk
25,21000,RENT,0.0,VENTURE,B,5175,12.53,0.25,N,4,0.24642857142857144,1750.0,2.9571428571428573,Young,0-2 years,0,0,0.13229638,0,Low Risk
29,40000,RENT,0.0,DEBTCONSOLIDATION,C,3600,12.23,0.09,Y,7,0.09,3333.3333333333335,1.0799999999999998,Adult,0-2 years,0,0,0.15069064,0,Low Risk
29,46873,MORTGAGE,9.0,PERSONAL,A,11200,7.14,0.24,N,6,0.23894352825720563,3906.0833333333335,2.8673223390864675,Adult,6-10 years,0,0,0.17814277,0,Low Risk
27,49200,MORTGAGE,2.0,DEBTCONSOLIDATION,E,7500,16.32,0.15,N,7,0.1524390243902439,4100.0,1.829268292682927,Adult,0-2 years,0,1,0.97220594,1,High Risk
52,29000,OWN,23.0,PERSONAL,A,7000,7.49,0.24,N,20,0.2413793103448276,2416.6666666666665,2.896551724137931,Senior,10+ years,0,0,0.017418189,0,Low Risk
22,43000,MORTGAGE,5.0,MEDICAL,B,7000,10.62,0.16,N,4,0.16279069767441862,3583.3333333333335,1.9534883720930232,Young,3-5 years,0,0,0.24290954,0,Low Risk
23,86000,MORTGAGE,5.0,EDUCATION,A,21000,8.9,0.24,N,4,0.2441860465116279,7166.666666666667,2.9302325581395348,Young,3-5 years,0,0,0.1437081,0,Low Risk
27,89000,MORTGAGE,2.0,DEBTCONSOLIDATION,B,10000,10.65,0.11,N,7,0.11235955056179775,7416.666666666667,1.348314606741573,Adult,0-2 years,0,0,0.08140402,0,Low Risk
25,85000,MORTGAGE,4.0,HOMEIMPROVEMENT,A,5000,6.17,0.06,N,2,0.058823529411764705,7083.333333333333,0.7058823529411765,Young,3-5 years,0,0,0.023820769,0,Low Risk
31,32000,OWN,10.0,VENTURE,B,12375,9.91,0.39,N,7,0.38671875,2666.6666666666665,4.640625,Adult,6-10 years,1,0,0.0024836503,0,Low Risk
23,66000,MORTGAGE,5.0,VENTURE,A,6000,6.62,0.09,N,2,0.09090909090909091,5500.0,1.0909090909090908,Young,3-5 years,0,0,0.006248503,0,Low Risk
36,110000,MORTGAGE,9.0,HOMEIMPROVEMENT,A,15000,9.63,0.14,N,15,0.13636363636363635,9166.666666666666,1.6363636363636365,Middle Age,6-10 years,0,0,0.039250344,0,Low Risk
31,40000,MORTGAGE,5.0,PERSONAL,A,14000,6.03,0.35,N,10,0.35,3333.3333333333335,4.2,Adult,3-5 years,1,0,0.06715668,0,Low Risk
24,14400,RENT,0.0,PERSONAL,D,1600,18.25,0.11,N,3,0.1111111111111111,1200.0,1.3333333333333333,Young,0-2 years,0,1,0.99049944,1,High Risk
23,60000,RENT,,MEDICAL,C,2000,13.06,0.03,Y,3,0.03333333333333333,5000.0,0.4,Young,,0,0,0.10389537,0,Low Risk
22,69528,RENT,6.0,VENTURE,C,6000,12.99,0.09,N,3,0.08629616845012081,5794.0,1.0355540214014498,Young,6-10 years,0,0,0.09116515,0,Low Risk
29,58000,RENT,3.0,PERSONAL,A,10000,6.99,0.17,N,5,0.1724137931034483,4833.333333333333,2.0689655172413794,Adult,3-5 years,0,0,0.07728493,0,Low Risk
43,48000,MORTGAGE,7.0,VENTURE,A,4500,5.42,0.09,N,14,0.09375,4000.0,1.125,Middle Age,6-10 years,0,0,0.0038940015,0,Low Risk
32,114000,RENT,17.0,MEDICAL,B,6000,10.37,0.05,N,9,0.05263157894736842,9500.0,0.631578947368421,Adult,10+ years,0,0,0.05698346,0,Low Risk
23,40000,MORTGAGE,7.0,MEDICAL,A,4000,7.51,0.1,N,2,0.1,3333.3333333333335,1.2,Young,6-10 years,0,0,0.12011835,0,Low Risk
26,30000,RENT,4.0,PERSONAL,C,5000,,0.17,Y,2,0.16666666666666666,2500.0,2.0,Adult,3-5 years,0,0,0.41227058,0,Medium Risk
23,59004,RENT,5.0,DEBTCONSOLIDATION,B,20000,10.83,0.34,N,2,0.33896007050369464,4917.0,4.067520846044336,Young,3-5 years,1,1,0.99604356,1,High Risk
37,80000,MORTGAGE,18.0,MEDICAL,B,20000,11.83,0.25,N,13,0.25,6666.666666666667,3.0,Middle Age,10+ years,0,0,0.0672985,0,Low Risk
33,41000,MORTGAGE,6.0,MEDICAL,A,9000,,0.22,N,9,0.21951219512195122,3416.6666666666665,2.6341463414634148,Adult,6-10 years,0,0,0.1562474,0,Low Risk
25,111262,MORTGAGE,2.0,PERSONAL,B,20000,12.53,0.18,N,3,0.1797558914993439,9271.833333333334,2.1570706979921264,Young,0-2 years,0,0,0.10043798,0,Low Risk
32,42000,RENT,4.0,MEDICAL,A,3000,7.49,0.07,N,10,0.07142857142857142,3500.0,0.8571428571428571,Adult,3-5 years,0,0,0.13682528,0,Low Risk
28,83004,RENT,3.0,DEBTCONSOLIDATION,B,10000,11.86,0.12,N,10,0.1204761216326924,6917.0,1.445713459592309,Adult,3-5 years,0,0,0.16026457,0,Low Risk
29,30000,MORTGAGE,3.0,EDUCATION,B,4000,,0.13,N,6,0.13333333333333333,2500.0,1.6,Adult,3-5 years,0,0,0.36112183,0,Medium Risk
27,52000,RENT,0.0,HOMEIMPROVEMENT,B,5100,10.37,0.1,N,7,0.09807692307692308,4333.333333333333,1.176923076923077,Adult,0-2 years,0,0,0.2707099,0,Low Risk
22,95004,OWN,6.0,EDUCATION,B,7200,10.95,0.08,N,4,0.07578628268283441,7917.0,0.9094353921940129,Young,6-10 years,0,0,0.0026850034,0,Low Risk
35,61600,RENT,4.0,MEDICAL,A,4200,7.29,0.07,N,9,0.06818181818181818,5133.333333333333,0.8181818181818182,Adult,3-5 years,0,0,0.040919982,0,Low Risk
32,138000,MORTGAGE,16.0,EDUCATION,A,20000,7.88,0.14,N,7,0.14492753623188406,11500.0,1.7391304347826086,Adult,10+ years,0,0,0.029686349,0,Low Risk
28,30000,RENT,13.0,MEDICAL,B,14800,11.14,0.49,N,7,0.49333333333333335,2500.0,5.92,Adult,10+ years,1,1,0.99270105,1,High Risk
23,57000,RENT,4.0,DEBTCONSOLIDATION,A,12000,8.94,0.21,N,2,0.21052631578947367,4750.0,2.526315789473684,Young,3-5 years,0,0,0.12786731,0,Low Risk
32,63000,MORTGAGE,12.0,EDUCATION,C,7000,13.57,0.11,Y,7,0.1111111111111111,5250.0,1.3333333333333333,Adult,10+ years,0,0,0.3378974,0,Medium Risk
24,60000,MORTGAGE,2.0,PERSONAL,B,2600,11.49,0.04,N,4,0.043333333333333335,5000.0,0.52,Young,0-2 years,0,0,0.13623719,0,Low Risk
24,120000,RENT,4.0,HOMEIMPROVEMENT,C,10000,13.61,0.08,N,2,0.08333333333333333,10000.0,1.0,Young,3-5 years,0,0,0.19806316,0,Low Risk
24,30000,RENT,8.0,MEDICAL,B,3000,11.86,0.1,N,4,0.1,2500.0,1.2,Young,6-10 years,0,0,0.44875503,0,Medium Risk
30,138000,MORTGAGE,3.0,EDUCATION,E,23975,17.93,0.17,Y,6,0.17373188405797102,11500.0,2.0847826086956522,Adult,3-5 years,0,1,0.35166845,0,Medium Risk
34,83200,MORTGAGE,3.0,PERSONAL,C,5000,14.79,0.06,Y,8,0.06009615384615385,6933.333333333333,0.7211538461538461,Adult,3-5 years,0,0,0.15142909,0,Low Risk
27,21112,RENT,0.0,PERSONAL,D,3600,15.99,0.17,Y,10,0.17051913603637742,1759.3333333333333,2.0462296324365292,Adult,0-2 years,0,1,0.9787235,1,High Risk
28,35000,RENT,12.0,PERSONAL,D,10000,16.29,0.29,N,5,0.2857142857142857,2916.6666666666665,3.428571428571429,Adult,10+ years,0,0,0.37505758,0,Medium Risk
25,46000,RENT,3.0,DEBTCONSOLIDATION,A,7000,9.07,0.15,N,3,0.15217391304347827,3833.3333333333335,1.826086956521739,Young,3-5 years,0,0,0.13705374,0,Low Risk
25,31008,RENT,2.0,DEBTCONSOLIDATION,C,12000,13.79,0.39,N,4,0.38699690402476783,2584.0,4.643962848297214,Young,0-2 years,1,1,0.9939276,1,High Risk
24,44000,RENT,5.0,PERSONAL,C,2800,14.17,0.06,N,2,0.06363636363636363,3666.6666666666665,0.7636363636363637,Young,3-5 years,0,1,0.5043499,1,Medium Risk
23,97600,MORTGAGE,7.0,MEDICAL,A,14500,7.51,0.15,N,2,0.14856557377049182,8133.333333333333,1.7827868852459017,Young,6-10 years,0,0,0.03015745,0,Low Risk
22,35000,RENT,2.0,MEDICAL,B,5000,11.71,0.14,N,2,0.14285714285714285,2916.6666666666665,1.7142857142857144,Young,0-2 years,0,0,0.23474608,0,Low Risk
24,40800,RENT,0.0,VENTURE,A,2800,6.99,0.07,N,4,0.06862745098039216,3400.0,0.8235294117647058,Young,0-2 years,0,0,0.0110646915,0,Low Risk
27,24600,RENT,0.0,DEBTCONSOLIDATION,A,10000,,0.41,N,8,0.4065040650406504,2050.0,4.878048780487805,Adult,0-2 years,1,1,0.9937815,1,High Risk
36,166000,RENT,4.0,MEDICAL,A,10000,7.88,0.06,N,17,0.060240963855421686,13833.333333333334,0.7228915662650602,Middle Age,3-5 years,0,0,0.015179979,0,Low Risk
26,50004,RENT,3.0,VENTURE,C,15000,13.72,0.3,Y,4,0.2999760019198464,4167.0,3.599712023038157,Adult,3-5 years,1,0,0.09668819,0,Low Risk
31,30000,RENT,5.0,MEDICAL,B,1000,9.25,0.03,N,6,0.03333333333333333,2500.0,0.4,Adult,3-5 years,0,0,0.29269418,0,Low Risk
23,74196,MORTGAGE,5.0,VENTURE,B,17000,11.26,0.23,N,4,0.22912286376624078,6183.0,2.749474365194889,Young,3-5 years,0,0,0.049849663,0,Low Risk
29,25400,RENT,1.0,EDUCATION,D,7500,14.59,0.3,Y,5,0.2952755905511811,2116.6666666666665,3.5433070866141736,Adult,0-2 years,1,1,0.96549046,1,High Risk
22,63000,RENT,5.0,EDUCATION,B,4000,,0.06,N,4,0.06349206349206349,5250.0,0.7619047619047619,Young,3-5 years,0,0,0.14671925,0,Low Risk
27,107000,MORTGAGE,2.0,EDUCATION,A,10800,9.63,0.1,N,5,0.10093457943925234,8916.666666666666,1.2112149532710281,Adult,0-2 years,0,0,0.0395731,0,Low Risk
36,35256,MORTGAGE,5.0,HOMEIMPROVEMENT,A,5000,5.99,0.14,N,11,0.14181983208531881,2938.0,1.7018379850238257,Middle Age,3-5 years,0,0,0.077729926,0,Low Risk
27,42000,RENT,6.0,PERSONAL,A,5950,5.99,0.14,N,5,0.14166666666666666,3500.0,1.7,Adult,6-10 years,0,0,0.12236794,0,Low Risk
26,63180,OWN,4.0,HOMEIMPROVEMENT,C,5825,13.43,0.09,Y,2,0.09219689775245331,5265.0,1.1063627730294396,Adult,3-5 years,0,0,0.0066447654,0,Low Risk
28,48876,RENT,5.0,PERSONAL,D,3000,14.59,0.06,N,8,0.061379818315737786,4073.0,0.7365578197888534,Adult,3-5 years,0,0,0.4543699,0,Medium Risk
25,77000,MORTGAGE,1.0,DEBTCONSOLIDATION,F,7200,18.53,0.09,N,3,0.09350649350649351,6416.666666666667,1.122077922077922,Young,0-2 years,0,1,0.9729724,1,High Risk
25,112000,MORTGAGE,0.0,HOMEIMPROVEMENT,A,16000,6.99,0.14,N,4,0.14285714285714285,9333.333333333334,1.7142857142857142,Young,0-2 years,0,0,0.05511974,0,Low Risk
26,26000,MORTGAGE,7.0,HOMEIMPROVEMENT,B,7000,10.99,0.27,N,4,0.2692307692307692,2166.6666666666665,3.230769230769231,Adult,6-10 years,0,0,0.56588817,1,Medium Risk
24,10668,RENT,0.0,HOMEIMPROVEMENT,A,5000,7.88,0.47,N,3,0.46869141357330335,889.0,5.62429696287964,Young,0-2 years,1,1,0.9996749,1,High Risk
39,24000,RENT,0.0,MEDICAL,B,2000,10.99,0.08,N,11,0.08333333333333333,2000.0,1.0,Middle Age,0-2 years,0,0,0.27547088,0,Low Risk
28,41400,RENT,2.0,DEBTCONSOLIDATION,C,14000,13.48,0.34,N,6,0.33816425120772947,3450.0,4.057971014492754,Adult,0-2 years,1,1,0.9919552,1,High Risk
26,62000,MORTGAGE,5.0,MEDICAL,A,10000,7.88,0.16,N,2,0.16129032258064516,5166.666666666667,1.9354838709677418,Adult,3-5 years,0,0,0.06379352,0,Low Risk
39,62000,OWN,3.0,PERSONAL,A,7200,7.49,0.12,N,12,0.11612903225806452,5166.666666666667,1.3935483870967742,Middle Age,3-5 years,0,0,0.0015035535,0,Low Risk
22,57996,MORTGAGE,2.0,VENTURE,B,2500,12.53,0.04,N,4,0.0431064211324919,4833.0,0.5172770535899027,Young,0-2 years,0,0,0.025112702,0,Low Risk
45,54981,RENT,2.0,MEDICAL,A,6000,,0.11,N,17,0.10912860806460413,4581.75,1.3095432967752496,Middle Age,0-2 years,0,0,0.23928417,0,Low Risk
25,72000,MORTGAGE,,HOMEIMPROVEMENT,A,2000,7.66,0.03,N,4,0.027777777777777776,6000.0,0.3333333333333333,Young,,0,0,0.13711634,0,Low Risk
26,98000,MORTGAGE,5.0,MEDICAL,A,12000,8.49,0.12,N,3,0.12244897959183673,8166.666666666667,1.4693877551020407,Adult,3-5 years,0,0,0.05427153,0,Low Risk
29,54000,RENT,5.0,HOMEIMPROVEMENT,C,10000,13.49,0.19,Y,9,0.18518518518518517,4500.0,2.2222222222222223,Adult,3-5 years,0,1,0.63146746,1,High Risk
22,55000,RENT,6.0,VENTURE,C,10000,15.27,0.18,N,3,0.18181818181818182,4583.333333333333,2.181818181818182,Young,6-10 years,0,0,0.26867756,0,Low Risk
28,24000,RENT,8.0,EDUCATION,B,8875,10.65,0.37,N,7,0.3697916666666667,2000.0,4.4375,Adult,6-10 years,1,1,0.99243873,1,High Risk
27,35000,RENT,3.0,PERSONAL,A,4200,,0.12,N,5,0.12,2916.6666666666665,1.4400000000000002,Adult,3-5 years,0,0,0.06759377,0,Low Risk
24,71000,OWN,,HOMEIMPROVEMENT,A,10000,5.79,0.14,N,3,0.14084507042253522,5916.666666666667,1.6901408450704225,Young,,0,0,0.0023047295,0,Low Risk
25,59000,RENT,0.0,VENTURE,C,10000,14.17,0.17,N,3,0.1694915254237288,4916.666666666667,2.0338983050847457,Young,0-2 years,0,0,0.67565185,1,High Risk
55,94000,MORTGAGE,11.0,PERSONAL,A,4000,6.62,0.04,N,26,0.0425531914893617,7833.333333333333,0.5106382978723405,Senior,10+ years,0,0,0.011355765,0,Low Risk
27,63000,MORTGAGE,12.0,DEBTCONSOLIDATION,C,15500,14.65,0.25,N,5,0.24603174603174602,5250.0,2.9523809523809526,Adult,10+ years,0,0,0.52908295,1,Medium Risk
35,94000,MORTGAGE,9.0,DEBTCONSOLIDATION,B,15000,9.88,0.16,N,9,0.1595744680851064,7833.333333333333,1.9148936170212767,Adult,6-10 years,0,0,0.065603696,0,Low Risk
29,120000,OWN,11.0,DEBTCONSOLIDATION,D,5000,14.09,0.04,Y,6,0.041666666666666664,10000.0,0.5,Adult,10+ years,0,0,0.032920767,0,Low Risk
24,42000,MORTGAGE,9.0,PERSONAL,A,11000,5.42,0.26,N,4,0.2619047619047619,3500.0,3.142857142857143,Young,6-10 years,0,0,0.12445401,0,Low Risk
51,62046,RENT,8.0,VENTURE,A,8000,,0.13,N,30,0.1289365954291977,5170.5,1.5472391451503722,Senior,6-10 years,0,0,0.013495711,0,Low Risk
37,35000,OWN,2.0,PERSONAL,B,13250,11.71,0.38,N,14,0.37857142857142856,2916.6666666666665,4.542857142857143,Middle Age,0-2 years,1,0,0.003239506,0,Low Risk
42,62000,RENT,26.0,VENTURE,A,10000,8.49,0.16,N,14,0.16129032258064516,5166.666666666667,1.9354838709677418,Middle Age,10+ years,0,0,0.0044467854,0,Low Risk
26,28000,MORTGAGE,8.0,PERSONAL,A,4500,,0.16,N,2,0.16071428571428573,2333.3333333333335,1.9285714285714284,Adult,6-10 years,0,1,0.27025172,0,Low Risk
22,62000,RENT,6.0,MEDICAL,A,12500,7.29,0.2,N,2,0.20161290322580644,5166.666666666667,2.4193548387096775,Young,6-10 years,0,0,0.065139264,0,Low Risk
25,58650,RENT,5.0,MEDICAL,D,7500,15.37,0.11,N,4,0.1278772378516624,4887.5,1.5345268542199488,Young,3-5 years,0,1,0.98549783,1,High Risk
39,48279,OWN,7.0,VENTURE,C,4800,13.98,0.1,N,13,0.09942210899148698,4023.25,1.1930653078978437,Middle Age,6-10 years,0,0,0.0022515045,0,Low Risk
22,40000,OWN,5.0,MEDICAL,B,6000,9.25,0.15,N,3,0.15,3333.3333333333335,1.7999999999999998,Young,3-5 years,0,0,0.002541858,0,Low Risk
24,61000,RENT,2.0,HOMEIMPROVEMENT,B,20000,12.18,0.33,N,4,0.32786885245901637,5083.333333333333,3.934426229508197,Young,0-2 years,1,1,0.98739004,1,High Risk
25,78000,MORTGAGE,4.0,DEBTCONSOLIDATION,B,2400,11.86,0.03,N,4,0.03076923076923077,6500.0,0.36923076923076925,Young,3-5 years,0,0,0.3613557,0,Medium Risk
26,65000,RENT,3.0,MEDICAL,B,9000,11.86,0.14,N,4,0.13846153846153847,5416.666666666667,1.6615384615384614,Adult,3-5 years,0,0,0.09304222,0,Low Risk
27,70000,OWN,2.0,HOMEIMPROVEMENT,B,2250,10.36,0.03,N,7,0.03214285714285714,5833.333333333333,0.38571428571428573,Adult,0-2 years,0,0,0.0029229536,0,Low Risk
25,120000,RENT,9.0,EDUCATION,A,30000,7.9,0.25,N,4,0.25,10000.0,3.0,Young,6-10 years,0,0,0.040609792,0,Low Risk
28,75000,RENT,3.0,EDUCATION,B,7500,,0.1,N,6,0.1,6250.0,1.2,Adult,3-5 years,0,0,0.1250885,0,Low Risk
26,54000,RENT,6.0,EDUCATION,A,10000,7.9,0.19,N,2,0.18518518518518517,4500.0,2.2222222222222223,Adult,6-10 years,0,0,0.29211026,0,Low Risk
27,68000,RENT,0.0,DEBTCONSOLIDATION,B,10000,,0.15,N,5,0.14705882352941177,5666.666666666667,1.7647058823529411,Adult,0-2 years,0,0,0.12710568,0,Low Risk
22,50000,MORTGAGE,6.0,VENTURE,C,10500,14.26,0.21,Y,2,0.21,4166.666666666667,2.52,Young,6-10 years,0,0,0.1662287,0,Low Risk
21,55000,RENT,3.0,EDUCATION,B,6000,10.99,0.11,N,3,0.10909090909090909,4583.333333333333,1.309090909090909,Young,3-5 years,0,0,0.08678696,0,Low Risk
25,30000,RENT,1.0,MEDICAL,B,7000,10.62,0.23,N,3,0.23333333333333334,2500.0,2.8,Young,0-2 years,0,0,0.37455255,0,Medium Risk
30,37017,MORTGAGE,3.0,PERSONAL,A,9000,6.54,0.24,N,7,0.24313153415998054,3084.75,2.917578409919767,Adult,3-5 years,0,0,0.1311661,0,Low Risk
26,28800,MORTGAGE,2.0,VENTURE,A,5150,6.62,0.18,N,2,0.17881944444444445,2400.0,2.1458333333333335,Adult,0-2 years,0,0,0.027598044,0,Low Risk
22,48000,RENT,7.0,DEBTCONSOLIDATION,E,10000,17.99,0.21,Y,4,0.20833333333333334,4000.0,2.5,Young,6-10 years,0,1,0.96895725,1,High Risk
21,6000,OWN,1.0,PERSONAL,D,1600,14.61,0.27,Y,3,0.26666666666666666,500.0,3.2,Young,0-2 years,0,1,0.99763024,1,High Risk
36,27000,OWN,4.0,HOMEIMPROVEMENT,A,6000,7.14,0.22,N,15,0.2222222222222222,2250.0,2.6666666666666665,Middle Age,3-5 years,0,0,0.005411392,0,Low Risk
42,55308,OWN,8.0,VENTURE,B,2000,11.49,0.04,N,15,0.036161134013162656,4609.0,0.43393360815795184,Middle Age,6-10 years,0,0,0.00073520036,0,Low Risk
39,48000,MORTGAGE,,DEBTCONSOLIDATION,A,3000,5.42,0.06,N,11,0.0625,4000.0,0.75,Middle Age,,0,0,0.045163333,0,Low Risk
25,32004,RENT,0.0,MEDICAL,C,7200,12.84,0.22,N,4,0.2249718785151856,2667.0,2.699662542182227,Young,0-2 years,0,0,0.46314704,0,Medium Risk
40,50004,RENT,3.0,DEBTCONSOLIDATION,B,20000,,0.4,N,17,0.3999680025597952,4167.0,4.799616030717543,Middle Age,3-5 years,1,1,0.98907244,1,High Risk
34,41600,MORTGAGE,16.0,DEBTCONSOLIDATION,A,17500,6.17,0.42,N,8,0.4206730769230769,3466.6666666666665,5.048076923076923,Adult,10+ years,1,0,0.1501501,0,Low Risk
27,76788,MORTGAGE,0.0,DEBTCONSOLIDATION,B,17000,12.42,0.22,N,10,0.22138875866020732,6399.0,2.656665103922488,Adult,0-2 years,0,0,0.2931696,0,Low Risk
22,126000,MORTGAGE,6.0,EDUCATION,D,3600,15.99,0.03,N,3,0.02857142857142857,10500.0,0.34285714285714286,Young,6-10 years,0,0,0.14040884,0,Low Risk
33,97200,MORTGAGE,4.0,PERSONAL,C,20000,12.29,0.21,N,9,0.205761316872428,8100.0,2.4691358024691357,Adult,3-5 years,0,0,0.20848021,0,Low Risk
25,34800,MORTGAGE,6.0,DEBTCONSOLIDATION,A,5125,6.99,0.15,N,2,0.14727011494252873,2900.0,1.7672413793103448,Young,6-10 years,0,1,0.123474725,0,Low Risk
22,55000,MORTGAGE,7.0,MEDICAL,B,13500,9.67,0.25,N,4,0.24545454545454545,4583.333333333333,2.9454545454545458,Young,6-10 years,0,0,0.1613753,0,Low Risk
24,34000,OWN,8.0,VENTURE,C,10000,,0.29,Y,3,0.29411764705882354,2833.3333333333335,3.5294117647058822,Young,6-10 years,0,0,0.012322797,0,Low Risk
23,54000,MORTGAGE,5.0,VENTURE,B,8500,12.42,0.16,N,2,0.1574074074074074,4500.0,1.8888888888888888,Young,3-5 years,0,0,0.069839545,0,Low Risk
27,85000,MORTGAGE,9.0,MEDICAL,B,24000,11.71,0.28,N,10,0.2823529411764706,7083.333333333333,3.388235294117647,Adult,6-10 years,0,0,0.1673672,0,Low Risk
24,30000,RENT,2.0,EDUCATION,A,3000,6.03,0.1,N,3,0.1,2500.0,1.2,Young,0-2 years,0,0,0.16049562,0,Low Risk
29,15000,RENT,,DEBTCONSOLIDATION,D,2600,16.29,0.17,N,10,0.17333333333333334,1250.0,2.08,Adult,,0,1,0.99912804,1,High Risk
33,91384,MORTGAGE,17.0,EDUCATION,B,1600,10.25,0.02,N,5,0.017508535411012868,7615.333333333333,0.21010242493215445,Adult,10+ years,0,0,0.12861183,0,Low Risk
33,40000,RENT,2.0,DEBTCONSOLIDATION,A,4000,7.88,0.1,N,10,0.1,3333.3333333333335,1.2,Adult,0-2 years,0,0,0.03800697,0,Low Risk
24,36000,RENT,2.0,HOMEIMPROVEMENT,D,2500,16.77,0.07,N,3,0.06944444444444445,3000.0,0.8333333333333334,Young,0-2 years,0,1,0.99356633,1,High Risk
35,30720,MORTGAGE,4.0,HOMEIMPROVEMENT,A,6000,7.49,0.2,N,6,0.1953125,2560.0,2.34375,Adult,3-5 years,0,0,0.43790293,0,Medium Risk
25,65000,MORTGAGE,3.0,VENTURE,C,7000,14.72,0.11,N,3,0.1076923076923077,5416.666666666667,1.2923076923076922,Young,3-5 years,0,0,0.2362823,0,Low Risk
36,24000,OWN,5.0,VENTURE,C,4000,14.72,0.17,Y,15,0.16666666666666666,2000.0,2.0,Middle Age,3-5 years,0,0,0.0019213395,0,Low Risk
22,78000,RENT,6.0,DEBTCONSOLIDATION,B,21600,11.26,0.28,N,3,0.27692307692307694,6500.0,3.3230769230769233,Young,6-10 years,0,1,0.46155545,0,Medium Risk
26,125000,RENT,10.0,MEDICAL,B,3000,12.21,0.02,N,4,0.024,10416.666666666666,0.28800000000000003,Adult,6-10 years,0,0,0.08373364,0,Low Risk
21,55000,RENT,5.0,DEBTCONSOLIDATION,C,4000,13.35,0.07,Y,2,0.07272727272727272,4583.333333333333,0.8727272727272728,Young,3-5 years,0,0,0.21664545,0,Low Risk
25,49200,MORTGAGE,6.0,MEDICAL,A,5600,7.49,0.11,N,2,0.11382113821138211,4100.0,1.3658536585365855,Young,6-10 years,0,0,0.2714941,0,Low Risk
22,70000,OWN,,VENTURE,A,1250,5.42,0.02,N,4,0.017857142857142856,5833.333333333333,0.2142857142857143,Young,,0,0,0.00040611546,0,Low Risk
26,263000,MORTGAGE,0.0,EDUCATION,B,10000,,0.04,N,4,0.03802281368821293,21916.666666666668,0.4562737642585551,Adult,0-2 years,0,1,0.10844889,0,Low Risk
23,58000,RENT,4.0,EDUCATION,C,1200,15.23,0.02,N,4,0.020689655172413793,4833.333333333333,0.24827586206896554,Young,3-5 years,0,0,0.303177,0,Medium Risk
27,18835,RENT,2.0,MEDICAL,D,6000,16.49,0.32,Y,8,0.3185558800106185,1569.5833333333333,3.8226705601274227,Adult,0-2 years,1,1,0.9993561,1,High Risk
36,160000,OWN,20.0,VENTURE,D,24000,14.96,0.15,Y,15,0.15,13333.333333333334,1.7999999999999998,Middle Age,10+ years,0,0,0.011222369,0,Low Risk
50,85000,RENT,1.0,HOMEIMPROVEMENT,C,17500,13.49,0.21,N,17,0.20588235294117646,7083.333333333333,2.4705882352941178,Middle Age,0-2 years,0,0,0.16843131,0,Low Risk
24,60000,RENT,5.0,MEDICAL,A,12000,9.63,0.2,N,2,0.2,5000.0,2.4,Young,3-5 years,0,0,0.0515803,0,Low Risk
24,49000,OTHER,1.0,PERSONAL,C,20000,11.34,0.41,Y,4,0.40816326530612246,4083.3333333333335,4.8979591836734695,Young,0-2 years,1,1,0.9545053,1,High Risk
35,62217,RENT,15.0,EDUCATION,A,3700,,0.06,N,8,0.05946927688573862,5184.75,0.7136313226288635,Adult,10+ years,0,0,0.155508,0,Low Risk
22,81500,MORTGAGE,6.0,PERSONAL,A,20000,6.54,0.25,N,2,0.24539877300613497,6791.666666666667,2.9447852760736195,Young,6-10 years,0,0,0.06158756,0,Low Risk
38,80000,RENT,17.0,PERSONAL,B,6000,11.83,0.07,N,12,0.075,6666.666666666667,0.8999999999999999,Middle Age,10+ years,0,0,0.074071616,0,Low Risk
25,121000,MORTGAGE,1.0,EDUCATION,B,3600,11.83,0.03,N,3,0.02975206611570248,10083.333333333334,0.35702479338842974,Young,0-2 years,0,0,0.15050222,0,Low Risk
43,350000,MORTGAGE,3.0,PERSONAL,B,18000,11.49,0.05,N,14,0.05142857142857143,29166.666666666668,0.6171428571428571,Middle Age,3-5 years,0,0,0.050420336,0,Low Risk
31,82000,MORTGAGE,4.0,EDUCATION,A,10000,7.29,0.12,N,5,0.12195121951219512,6833.333333333333,1.4634146341463414,Adult,3-5 years,0,0,0.035177913,0,Low Risk
22,72000,RENT,6.0,EDUCATION,E,15000,17.19,0.21,N,4,0.20833333333333334,6000.0,2.5,Young,6-10 years,0,0,0.44445753,0,Medium Risk
22,24000,RENT,4.0,EDUCATION,D,5000,16.49,0.21,N,4,0.20833333333333334,2000.0,2.5,Young,3-5 years,0,0,0.51300657,1,Medium Risk
25,57000,RENT,1.0,PERSONAL,C,10000,14.27,0.18,Y,4,0.17543859649122806,4750.0,2.1052631578947367,Young,0-2 years,0,0,0.23998877,0,Low Risk
31,78411,RENT,9.0,DEBTCONSOLIDATION,A,1400,,0.02,N,6,0.017854637742153526,6534.25,0.21425565290584228,Adult,6-10 years,0,0,0.18850456,0,Low Risk
54,79864,MORTGAGE,5.0,PERSONAL,B,1800,9.88,0.02,N,21,0.022538315135730742,6655.333333333333,0.27045978162876894,Senior,3-5 years,0,0,0.16060793,0,Low Risk
23,29520,RENT,7.0,EDUCATION,D,8500,15.37,0.29,Y,2,0.287940379403794,2460.0,3.4552845528455283,Young,6-10 years,0,0,0.77631605,1,High Risk
29,48000,RENT,9.0,HOMEIMPROVEMENT,C,25000,13.61,0.52,Y,8,0.5208333333333334,4000.0,6.25,Adult,6-10 years,1,1,0.997274,1,High Risk
22,67000,MORTGAGE,7.0,DEBTCONSOLIDATION,A,8800,7.51,0.13,N,2,0.13134328358208955,5583.333333333333,1.5761194029850747,Young,6-10 years,0,0,0.10425204,0,Low Risk
35,35000,MORTGAGE,,EDUCATION,B,4000,9.63,0.11,N,8,0.11428571428571428,2916.6666666666665,1.3714285714285714,Adult,,0,0,0.23535232,0,Low Risk
39,86000,MORTGAGE,10.0,HOMEIMPROVEMENT,A,8500,6.03,0.1,N,11,0.09883720930232558,7166.666666666667,1.1860465116279069,Middle Age,6-10 years,0,0,0.030105585,0,Low Risk
23,51000,MORTGAGE,2.0,PERSONAL,A,8000,7.49,0.16,N,3,0.1568627450980392,4250.0,1.8823529411764706,Young,0-2 years,0,0,0.12786955,0,Low Risk
40,125000,MORTGAGE,3.0,HOMEIMPROVEMENT,A,10200,7.49,0.08,N,14,0.0816,10416.666666666666,0.9792000000000001,Middle Age,3-5 years,0,0,0.03435407,0,Low Risk
24,15120,RENT,4.0,MEDICAL,A,1600,7.51,0.11,N,3,0.10582010582010581,1260.0,1.2698412698412698,Young,3-5 years,0,0,0.3688151,0,Medium Risk
26,45900,MORTGAGE,10.0,PERSONAL,C,11500,13.79,0.25,N,4,0.25054466230936817,3825.0,3.0065359477124183,Adult,6-10 years,0,0,0.22168715,0,Low Risk
22,49000,RENT,0.0,EDUCATION,D,7600,15.62,0.16,N,4,0.15510204081632653,4083.3333333333335,1.8612244897959183,Young,0-2 years,0,1,0.9775904,1,High Risk
24,101000,OWN,5.0,VENTURE,B,24250,12.53,0.24,N,3,0.2400990099009901,8416.666666666666,2.8811881188118815,Young,3-5 years,0,0,0.0014126409,0,Low Risk
37,160000,MORTGAGE,3.0,PERSONAL,A,24000,6.54,0.15,N,15,0.15,13333.333333333334,1.7999999999999998,Middle Age,3-5 years,0,0,0.012852303,0,Low Risk
34,113000,RENT,6.0,EDUCATION,C,9600,,0.08,Y,9,0.08495575221238938,9416.666666666666,1.0194690265486726,Adult,6-10 years,0,0,0.45212787,0,Medium Risk
27,15600,RENT,11.0,HOMEIMPROVEMENT,B,2800,10.65,0.18,N,5,0.1794871794871795,1300.0,2.1538461538461537,Adult,10+ years,0,1,0.998111,1,High Risk
58,45600,MORTGAGE,20.0,PERSONAL,C,6000,12.99,0.13,N,25,0.13157894736842105,3800.0,1.5789473684210527,Senior,10+ years,0,0,0.24632299,0,Low Risk
22,46800,RENT,6.0,MEDICAL,C,18000,15.23,0.38,Y,2,0.38461538461538464,3900.0,4.615384615384615,Young,6-10 years,1,1,0.991471,1,High Risk
29,70000,RENT,3.0,PERSONAL,D,25000,14.83,0.36,N,6,0.35714285714285715,5833.333333333333,4.285714285714286,Adult,3-5 years,1,1,0.98556817,1,High Risk
27,57996,RENT,11.0,EDUCATION,B,7500,12.21,0.13,N,10,0.12931926339747568,4833.0,1.5518311607697082,Adult,10+ years,0,0,0.28577557,0,Low Risk
34,148750,RENT,3.0,MEDICAL,A,12000,7.9,0.07,N,8,0.08067226890756303,12395.833333333334,0.9680672268907563,Adult,3-5 years,0,1,0.041839033,0,Low Risk
30,20520,RENT,0.0,DEBTCONSOLIDATION,B,5000,9.99,0.24,N,5,0.24366471734892786,1710.0,2.9239766081871346,Adult,0-2 years,0,0,0.20359394,0,Low Risk
23,130000,MORTGAGE,,MEDICAL,A,6000,5.42,0.05,N,4,0.046153846153846156,10833.333333333334,0.5538461538461538,Young,,0,0,0.005769747,0,Low Risk
27,15120,RENT,6.0,PERSONAL,B,3050,10.38,0.2,N,5,0.20171957671957672,1260.0,2.4206349206349205,Adult,6-10 years,0,1,0.9946162,1,High Risk
23,28800,RENT,0.0,EDUCATION,A,4000,5.42,0.14,N,2,0.1388888888888889,2400.0,1.6666666666666667,Young,0-2 years,0,0,0.06419573,0,Low Risk
32,50000,RENT,0.0,HOMEIMPROVEMENT,A,3775,6.17,0.08,N,8,0.0755,4166.666666666667,0.9059999999999999,Adult,0-2 years,0,0,0.047083408,0,Low Risk
38,30000,RENT,0.0,EDUCATION,B,5600,9.99,0.19,N,15,0.18666666666666668,2500.0,2.24,Middle Age,0-2 years,0,1,0.29947522,0,Low Risk
23,120000,MORTGAGE,2.0,PERSONAL,D,24250,16.02,0.2,Y,4,0.20208333333333334,10000.0,2.425,Young,0-2 years,0,0,0.4285016,0,Medium Risk
33,23004,RENT,6.0,PERSONAL,C,3000,13.43,0.13,Y,5,0.13041210224308816,1917.0,1.5649452269170578,Adult,6-10 years,0,0,0.3754934,0,Medium Risk
32,32004,RENT,1.0,DEBTCONSOLIDATION,D,3400,,0.11,N,7,0.10623672040994876,2667.0,1.274840644919385,Adult,0-2 years,0,1,0.9628985,1,High Risk
33,21600,RENT,3.0,DEBTCONSOLIDATION,B,10000,12.53,0.46,N,8,0.46296296296296297,1800.0,5.555555555555555,Adult,3-5 years,1,1,0.99524236,1,High Risk
65,93000,MORTGAGE,27.0,PERSONAL,B,25000,9.99,0.27,N,27,0.26881720430107525,7750.0,3.225806451612903,Senior,10+ years,0,0,0.26994333,0,Low Risk
43,86004,MORTGAGE,2.0,HOMEIMPROVEMENT,B,10000,9.99,0.12,N,14,0.11627366169015395,7167.0,1.3952839402818473,Middle Age,0-2 years,0,0,0.08669822,0,Low Risk
33,54000,MORTGAGE,7.0,MEDICAL,C,32000,15.23,0.59,Y,7,0.5925925925925926,4500.0,7.111111111111111,Adult,6-10 years,1,1,0.8972035,1,High Risk
23,38500,MORTGAGE,2.0,DEBTCONSOLIDATION,A,3000,,0.08,N,2,0.07792207792207792,3208.3333333333335,0.935064935064935,Young,0-2 years,0,0,0.16408715,0,Low Risk
25,55000,RENT,7.0,HOMEIMPROVEMENT,C,8500,14.22,0.15,Y,3,0.15454545454545454,4583.333333333333,1.8545454545454547,Young,6-10 years,0,0,0.29276603,0,Low Risk
25,66420,MORTGAGE,1.0,MEDICAL,B,4000,12.18,0.06,N,3,0.06022282445046673,5535.0,0.7226738934056007,Young,0-2 years,0,0,0.17306845,0,Low Risk
29,97000,OWN,3.0,MEDICAL,D,14600,15.65,0.15,N,9,0.15051546391752577,8083.333333333333,1.8061855670103093,Adult,3-5 years,0,0,0.014010653,0,Low Risk
23,45000,RENT,4.0,PERSONAL,C,4800,13.98,0.11,Y,2,0.10666666666666667,3750.0,1.28,Young,3-5 years,0,0,0.1780854,0,Low Risk
36,136000,MORTGAGE,0.0,VENTURE,C,4800,14.72,0.04,N,15,0.03529411764705882,11333.333333333334,0.4235294117647059,Middle Age,0-2 years,0,0,0.061521232,0,Low Risk
25,80000,RENT,2.0,PERSONAL,C,12375,10.91,0.15,N,4,0.1546875,6666.666666666667,1.85625,Young,0-2 years,0,0,0.041103207,0,Low Risk
35,32900,RENT,4.0,HOMEIMPROVEMENT,C,4800,13.23,0.15,Y,8,0.1458966565349544,2741.6666666666665,1.750759878419453,Adult,3-5 years,0,1,0.9261411,1,High Risk
25,95000,RENT,1.0,DEBTCONSOLIDATION,A,7000,6.99,0.07,N,2,0.07368421052631578,7916.666666666667,0.8842105263157894,Young,0-2 years,0,0,0.02236784,0,Low Risk
29,7200,RENT,,VENTURE,B,2200,9.91,0.31,N,9,0.3055555555555556,600.0,3.6666666666666665,Adult,,1,1,0.9973598,1,High Risk
24,48000,MORTGAGE,8.0,EDUCATION,A,3100,8.94,0.06,N,3,0.06458333333333334,4000.0,0.775,Young,6-10 years,0,0,0.21639317,0,Low Risk
32,52256,RENT,13.0,PERSONAL,B,4400,,0.08,N,5,0.08420085731781997,4354.666666666667,1.0104102878138395,Adult,10+ years,0,0,0.29465216,0,Low Risk
24,100000,RENT,5.0,PERSONAL,A,10000,7.51,0.1,N,3,0.1,8333.333333333334,1.2,Young,3-5 years,0,0,0.03409817,0,Low Risk
27,18000,RENT,0.0,DEBTCONSOLIDATION,A,6000,7.49,0.33,N,5,0.3333333333333333,1500.0,4.0,Adult,0-2 years,1,1,0.99893135,1,High Risk
44,80000,MORTGAGE,3.0,DEBTCONSOLIDATION,C,15000,13.11,0.19,N,16,0.1875,6666.666666666667,2.25,Middle Age,3-5 years,0,0,0.14300318,0,Low Risk
27,44544,RENT,4.0,MEDICAL,C,16425,14.27,0.37,Y,5,0.3687365301724138,3712.0,4.424838362068965,Adult,3-5 years,1,1,0.99167913,1,High Risk
26,33189,RENT,4.0,EDUCATION,B,3000,11.12,0.09,N,2,0.09039139473922082,2765.75,1.08469673687065,Adult,3-5 years,0,0,0.42364767,0,Medium Risk
23,90000,MORTGAGE,5.0,PERSONAL,B,6000,11.89,0.07,N,4,0.06666666666666667,7500.0,0.8,Young,3-5 years,0,0,0.062061414,0,Low Risk
25,90000,RENT,2.0,HOMEIMPROVEMENT,B,12000,11.48,0.13,N,3,0.13333333333333333,7500.0,1.6,Young,0-2 years,0,0,0.09080617,0,Low Risk
25,29000,RENT,5.0,VENTURE,A,10000,7.49,0.34,N,2,0.3448275862068966,2416.6666666666665,4.137931034482759,Young,3-5 years,1,1,0.9962842,1,High Risk
29,125000,MORTGAGE,13.0,EDUCATION,A,14400,5.79,0.12,N,10,0.1152,10416.666666666666,1.3824,Adult,10+ years,0,0,0.04835766,0,Low Risk
22,60500,RENT,3.0,DEBTCONSOLIDATION,C,7000,12.84,0.12,N,2,0.11570247933884298,5041.666666666667,1.3884297520661155,Young,3-5 years,0,0,0.16797298,0,Low Risk
25,120000,MORTGAGE,9.0,HOMEIMPROVEMENT,B,20000,11.14,0.17,N,4,0.16666666666666666,10000.0,2.0,Young,6-10 years,0,0,0.13192229,0,Low Risk
34,185000,MORTGAGE,18.0,DEBTCONSOLIDATION,C,18250,,0.1,Y,5,0.09864864864864865,15416.666666666666,1.183783783783784,Adult,10+ years,0,0,0.18179926,0,Low Risk
28,81000,MORTGAGE,0.0,VENTURE,C,5000,12.53,0.06,N,9,0.06172839506172839,6750.0,0.7407407407407407,Adult,0-2 years,0,0,0.18684523,0,Low Risk
38,90000,MORTGAGE,1.0,DEBTCONSOLIDATION,A,7000,6.99,0.08,N,16,0.07777777777777778,7500.0,0.9333333333333333,Middle Age,0-2 years,0,0,0.021092523,0,Low Risk
23,70000,MORTGAGE,1.0,PERSONAL,B,5000,11.12,0.07,N,3,0.07142857142857142,5833.333333333333,0.8571428571428572,Young,0-2 years,0,0,0.16127157,0,Low Risk
23,100000,MORTGAGE,4.0,EDUCATION,C,10000,12.87,0.1,Y,3,0.1,8333.333333333334,1.2,Young,3-5 years,0,0,0.05894769,0,Low Risk
42,96000,MORTGAGE,9.0,PERSONAL,A,5100,5.42,0.05,N,14,0.053125,8000.0,0.6375,Middle Age,6-10 years,0,0,0.0066288807,0,Low Risk
27,56000,OWN,7.0,VENTURE,C,1000,14.65,0.02,N,8,0.017857142857142856,4666.666666666667,0.21428571428571427,Adult,6-10 years,0,0,0.007514272,0,Low Risk
22,40000,RENT,2.0,EDUCATION,B,8000,12.18,0.2,N,4,0.2,3333.3333333333335,2.4,Young,0-2 years,0,0,0.12010085,0,Low Risk
21,104740,MORTGAGE,5.0,EDUCATION,B,19200,11.99,0.18,N,2,0.18331105594806188,8728.333333333334,2.199732671376742,Young,3-5 years,0,0,0.06518198,0,Low Risk
37,30000,RENT,6.0,MEDICAL,C,3000,11.03,0.1,N,13,0.1,2500.0,1.2,Middle Age,6-10 years,0,0,0.44255158,0,Medium Risk
24,96000,MORTGAGE,5.0,DEBTCONSOLIDATION,A,5000,8.9,0.05,N,4,0.052083333333333336,8000.0,0.625,Young,3-5 years,0,0,0.07178463,0,Low Risk
25,22000,OWN,0.0,VENTURE,E,7500,,0.34,Y,3,0.3409090909090909,1833.3333333333333,4.090909090909091,Young,0-2 years,1,0,0.211715,0,Low Risk
33,60000,MORTGAGE,4.0,PERSONAL,B,6300,9.62,0.1,N,10,0.105,5000.0,1.26,Adult,3-5 years,0,0,0.06775215,0,Low Risk
24,65544,OWN,4.0,EDUCATION,B,5000,10.74,0.08,N,2,0.07628463322348346,5462.0,0.9154155986818016,Young,3-5 years,0,0,0.0053078933,0,Low Risk
24,40000,RENT,4.0,MEDICAL,B,8000,9.63,0.2,N,3,0.2,3333.3333333333335,2.4,Young,3-5 years,0,0,0.09100365,0,Low Risk
27,120000,MORTGAGE,2.0,EDUCATION,A,7000,7.14,0.06,N,7,0.058333333333333334,10000.0,0.7,Adult,0-2 years,0,0,0.019299898,0,Low Risk
28,65000,RENT,3.0,HOMEIMPROVEMENT,A,7000,8.49,0.11,N,6,0.1076923076923077,5416.666666666667,1.2923076923076922,Adult,3-5 years,0,0,0.10783663,0,Low Risk
32,108000,RENT,16.0,PERSONAL,A,6125,5.99,0.06,N,5,0.056712962962962965,9000.0,0.6805555555555556,Adult,10+ years,0,1,0.012136281,0,Low Risk
22,54996,RENT,6.0,VENTURE,A,12000,8.32,0.22,N,4,0.2181976871045167,4583.0,2.6183722452542004,Young,6-10 years,0,0,0.006668385,0,Low Risk
25,61000,MORTGAGE,4.0,EDUCATION,A,7000,5.79,0.11,N,4,0.11475409836065574,5083.333333333333,1.3770491803278688,Young,3-5 years,0,0,0.05829962,0,Low Risk
22,128474,MORTGAGE,6.0,DEBTCONSOLIDATION,A,30000,7.29,0.23,N,2,0.23351028223609446,10706.166666666666,2.802123386833134,Young,6-10 years,0,0,0.026833719,0,Low Risk
29,118374,MORTGAGE,13.0,VENTURE,C,3500,13.49,0.03,Y,6,0.029567303630864884,9864.5,0.35480764357037864,Adult,10+ years,0,0,0.25111666,0,Low Risk
24,120000,MORTGAGE,2.0,PERSONAL,A,12000,7.51,0.1,N,3,0.1,10000.0,1.2,Young,0-2 years,0,0,0.025001677,0,Low Risk
25,43200,RENT,3.0,PERSONAL,C,3000,13.8,0.07,Y,3,0.06944444444444445,3600.0,0.8333333333333334,Young,3-5 years,0,0,0.29106995,0,Low Risk
39,48000,RENT,0.0,VENTURE,C,10000,13.22,0.21,N,16,0.20833333333333334,4000.0,2.5,Middle Age,0-2 years,0,0,0.14485076,0,Low Risk
40,81120,MORTGAGE,1.0,EDUCATION,B,24000,9.25,0.3,N,15,0.2958579881656805,6760.0,3.5502958579881656,Middle Age,0-2 years,1,0,0.08232467,0,Low Risk
24,45600,RENT,2.0,VENTURE,C,18250,13.35,0.4,N,4,0.40021929824561403,3800.0,4.802631578947368,Young,0-2 years,1,1,0.9897007,1,High Risk
27,36996,RENT,4.0,PERSONAL,D,5775,14.91,0.16,N,7,0.15609795653584171,3083.0,1.8731754784301005,Adult,3-5 years,0,0,0.48832744,0,Medium Risk
24,37000,RENT,8.0,MEDICAL,D,10500,,0.28,N,2,0.28378378378378377,3083.3333333333335,3.4054054054054053,Young,6-10 years,0,0,0.8182134,1,High Risk
23,80000,RENT,0.0,VENTURE,C,14000,14.27,0.17,Y,2,0.175,6666.666666666667,2.1,Young,0-2 years,0,0,0.15378101,0,Low Risk
34,53000,MORTGAGE,7.0,DEBTCONSOLIDATION,A,3100,7.9,0.06,N,6,0.05849056603773585,4416.666666666667,0.7018867924528301,Adult,6-10 years,0,0,0.11493778,0,Low Risk
37,65000,RENT,4.0,PERSONAL,D,12000,16.49,0.18,N,17,0.18461538461538463,5416.666666666667,2.215384615384615,Middle Age,3-5 years,0,0,0.23161013,0,Low Risk
28,70000,MORTGAGE,12.0,PERSONAL,A,3000,6.39,0.04,N,8,0.04285714285714286,5833.333333333333,0.5142857142857143,Adult,10+ years,0,0,0.041371554,0,Low Risk
23,77000,OWN,3.0,VENTURE,A,3500,5.99,0.05,N,2,0.045454545454545456,6416.666666666667,0.5454545454545454,Young,3-5 years,0,0,0.00029564634,0,Low Risk
30,95000,MORTGAGE,6.0,PERSONAL,A,4000,5.99,0.04,N,9,0.042105263157894736,7916.666666666667,0.5052631578947369,Adult,6-10 years,0,0,0.011197221,0,Low Risk
21,59000,MORTGAGE,5.0,PERSONAL,B,5600,11.49,0.09,N,4,0.09491525423728814,4916.666666666667,1.1389830508474577,Young,3-5 years,0,0,0.45007616,0,Medium Risk
27,70000,RENT,11.0,VENTURE,B,10000,10.65,0.14,N,5,0.14285714285714285,5833.333333333333,1.7142857142857144,Adult,10+ years,0,0,0.006271528,0,Low Risk
22,59000,OTHER,1.0,DEBTCONSOLIDATION,D,15000,,0.25,Y,2,0.2542372881355932,4916.666666666667,3.0508474576271185,Young,0-2 years,0,1,0.9751124,1,High Risk
24,120000,RENT,5.0,MEDICAL,A,15000,,0.13,N,3,0.125,10000.0,1.5,Young,3-5 years,0,0,0.030380549,0,Low Risk
22,96000,MORTGAGE,4.0,VENTURE,A,8000,7.88,0.08,N,4,0.08333333333333333,8000.0,1.0,Young,3-5 years,0,0,0.00242321,0,Low Risk
31,20743,RENT,0.0,MEDICAL,A,5000,7.51,0.24,N,5,0.24104517186520755,1728.5833333333333,2.8925420623824905,Adult,0-2 years,0,0,0.16854179,0,Low Risk
37,21600,RENT,4.0,MEDICAL,D,3800,,0.18,N,11,0.17592592592592593,1800.0,2.111111111111111,Middle Age,3-5 years,0,1,0.59284955,1,Medium Risk
22,48000,MORTGAGE,0.0,MEDICAL,A,3500,6.54,0.07,N,3,0.07291666666666667,4000.0,0.875,Young,0-2 years,0,0,0.14780733,0,Low Risk
23,39000,RENT,3.0,DEBTCONSOLIDATION,D,5000,15.37,0.13,Y,4,0.1282051282051282,3250.0,1.5384615384615385,Young,3-5 years,0,1,0.99453676,1,High Risk
27,54000,RENT,2.0,PERSONAL,D,20000,16.0,0.37,N,6,0.37037037037037035,4500.0,4.444444444444445,Adult,0-2 years,1,1,0.99803776,1,High Risk
23,95004,RENT,2.0,EDUCATION,A,5000,9.63,0.05,N,4,0.05262936297419056,7917.0,0.6315523556902867,Young,0-2 years,0,0,0.039289337,0,Low Risk
22,74800,RENT,3.0,MEDICAL,D,20000,14.96,0.23,Y,4,0.26737967914438504,6233.333333333333,3.2085561497326203,Young,3-5 years,0,1,0.96460885,1,High Risk
24,98000,MORTGAGE,8.0,VENTURE,A,10000,6.62,0.1,N,3,0.10204081632653061,8166.666666666667,1.2244897959183674,Young,6-10 years,0,0,0.0027889658,0,Low Risk
24,83000,RENT,4.0,HOMEIMPROVEMENT,A,8300,7.88,0.1,N,2,0.1,6916.666666666667,1.2,Young,3-5 years,0,0,0.04931828,0,Low Risk
24,75000,MORTGAGE,5.0,HOMEIMPROVEMENT,A,12000,5.99,0.16,N,2,0.16,6250.0,1.92,Young,3-5 years,0,0,0.023787763,0,Low Risk
30,27996,RENT,9.0,MEDICAL,C,1500,,0.05,Y,8,0.053579082726103726,2333.0,0.6429489927132448,Adult,6-10 years,0,0,0.37693617,0,Medium Risk
23,105000,RENT,7.0,MEDICAL,B,7200,11.71,0.07,N,2,0.06857142857142857,8750.0,0.8228571428571428,Young,6-10 years,0,0,0.10131937,0,Low Risk
37,78000,MORTGAGE,5.0,DEBTCONSOLIDATION,B,12000,9.83,0.15,N,11,0.15384615384615385,6500.0,1.8461538461538463,Middle Age,3-5 years,0,0,0.15934351,0,Low Risk
41,24000,OWN,3.0,EDUCATION,C,4500,12.99,0.19,Y,14,0.1875,2000.0,2.25,Middle Age,3-5 years,0,0,0.0019942778,0,Low Risk
29,54000,MORTGAGE,8.0,MEDICAL,D,14800,15.31,0.27,Y,10,0.2740740740740741,4500.0,3.2888888888888888,Adult,6-10 years,0,1,0.9809841,1,High Risk
29,98000,MORTGAGE,11.0,DEBTCONSOLIDATION,C,1825,14.27,0.02,N,6,0.018622448979591838,8166.666666666667,0.22346938775510203,Adult,10+ years,0,0,0.17856772,0,Low Risk
35,14400,RENT,1.0,HOMEIMPROVEMENT,B,3000,,0.21,N,7,0.20833333333333334,1200.0,2.5,Adult,0-2 years,0,1,0.99831235,1,High Risk
22,66500,RENT,0.0,VENTURE,D,10000,14.11,0.15,Y,2,0.15037593984962405,5541.666666666667,1.8045112781954886,Young,0-2 years,0,1,0.9488225,1,High Risk
25,65004,RENT,1.0,HOMEIMPROVEMENT,C,4800,13.49,0.07,N,3,0.07384160974709249,5417.0,0.8860993169651098,Young,0-2 years,0,0,0.22628188,0,Low Risk
26,54000,RENT,1.0,HOMEIMPROVEMENT,C,1500,13.98,0.03,Y,4,0.027777777777777776,4500.0,0.3333333333333333,Adult,0-2 years,0,0,0.5868114,1,Medium Risk
22,52000,MORTGAGE,6.0,DEBTCONSOLIDATION,D,14825,15.62,0.29,N,3,0.28509615384615383,4333.333333333333,3.4211538461538464,Young,6-10 years,0,1,0.97714907,1,High Risk
27,39600,MORTGAGE,4.0,VENTURE,G,2500,20.86,0.06,Y,8,0.06313131313131314,3300.0,0.7575757575757576,Adult,3-5 years,0,1,0.84051865,1,High Risk
23,48672,RENT,6.0,EDUCATION,A,12000,7.42,0.25,N,3,0.2465483234714004,4056.0,2.9585798816568047,Young,6-10 years,0,0,0.18974835,0,Low Risk
27,107000,MORTGAGE,4.0,EDUCATION,A,11500,8.38,0.11,N,10,0.10747663551401869,8916.666666666666,1.2897196261682244,Adult,3-5 years,0,0,0.034606826,0,Low Risk
26,67500,RENT,0.0,EDUCATION,B,3000,8.88,0.04,N,2,0.044444444444444446,5625.0,0.5333333333333333,Adult,0-2 years,0,0,0.16520765,0,Low Risk
22,37440,RENT,1.0,EDUCATION,C,3200,13.04,0.09,Y,2,0.08547008547008547,3120.0,1.0256410256410255,Young,0-2 years,0,0,0.22303556,0,Low Risk
31,45000,RENT,5.0,PERSONAL,A,14000,7.91,0.31,N,8,0.3111111111111111,3750.0,3.7333333333333334,Adult,3-5 years,1,1,0.97757417,1,High Risk
45,74600,RENT,2.0,MEDICAL,C,1500,13.61,0.02,N,13,0.020107238605898123,6216.666666666667,0.24128686327077747,Middle Age,0-2 years,0,0,0.26622158,0,Low Risk
25,50000,RENT,0.0,PERSONAL,A,5000,,0.1,N,2,0.1,4166.666666666667,1.2,Young,0-2 years,0,0,0.052854944,0,Low Risk
32,125000,MORTGAGE,3.0,VENTURE,B,21000,11.71,0.17,N,10,0.168,10416.666666666666,2.016,Adult,3-5 years,0,0,0.013199405,0,Low Risk
31,67200,MORTGAGE,2.0,PERSONAL,A,10000,6.03,0.15,N,7,0.1488095238095238,5600.0,1.7857142857142858,Adult,0-2 years,0,0,0.017444143,0,Low Risk
23,47000,RENT,7.0,PERSONAL,E,2400,13.75,0.05,Y,4,0.05106382978723404,3916.6666666666665,0.6127659574468085,Young,6-10 years,0,0,0.30385557,0,Medium Risk
25,80000,RENT,0.0,HOMEIMPROVEMENT,B,11200,,0.14,N,3,0.14,6666.666666666667,1.68,Young,0-2 years,0,0,0.07936896,0,Low Risk
22,55000,OWN,,PERSONAL,A,1275,6.91,0.02,N,4,0.023181818181818182,4583.333333333333,0.2781818181818182,Young,,0,0,0.0034793233,0,Low Risk
21,160000,OTHER,5.0,EDUCATION,A,6000,8.0,0.04,N,4,0.0375,13333.333333333334,0.44999999999999996,Young,3-5 years,0,0,0.016391035,0,Low Risk
21,30000,RENT,3.0,MEDICAL,B,14000,10.65,0.47,N,2,0.4666666666666667,2500.0,5.6,Young,3-5 years,1,1,0.9958199,1,High Risk
23,36000,RENT,0.0,EDUCATION,A,10000,8.59,0.28,N,2,0.2777777777777778,3000.0,3.3333333333333335,Young,0-2 years,0,0,0.17550217,0,Low Risk
23,26000,RENT,0.0,DEBTCONSOLIDATION,A,3500,6.91,0.13,N,3,0.1346153846153846,2166.6666666666665,1.6153846153846154,Young,0-2 years,0,0,0.18784074,0,Low Risk
22,23900,RENT,0.0,PERSONAL,B,9000,,0.38,N,2,0.37656903765690375,1991.6666666666667,4.518828451882845,Young,0-2 years,1,1,0.9940958,1,High Risk
26,58000,MORTGAGE,1.0,MEDICAL,D,25000,13.55,0.43,Y,4,0.43103448275862066,4833.333333333333,5.172413793103448,Adult,0-2 years,1,1,0.94773555,1,High Risk
32,38400,RENT,1.0,VENTURE,B,10000,10.39,0.26,N,10,0.2604166666666667,3200.0,3.125,Adult,0-2 years,0,0,0.012072931,0,Low Risk
24,85000,MORTGAGE,2.0,DEBTCONSOLIDATION,B,7000,12.69,0.08,N,3,0.08235294117647059,7083.333333333333,0.9882352941176471,Young,0-2 years,0,0,0.10969546,0,Low Risk
22,62236,OWN,,MEDICAL,B,5000,9.99,0.08,N,4,0.0803393534288836,5186.333333333333,0.9640722411466033,Young,,0,0,0.007705471,0,Low Risk
22,65000,RENT,3.0,MEDICAL,A,14000,7.49,0.22,N,2,0.2153846153846154,5416.666666666667,2.5846153846153843,Young,3-5 years,0,0,0.0938116,0,Low Risk
25,63000,MORTGAGE,5.0,DEBTCONSOLIDATION,A,11600,,0.18,N,4,0.18412698412698414,5250.0,2.2095238095238097,Young,3-5 years,0,0,0.122355975,0,Low Risk
25,62000,RENT,0.0,DEBTCONSOLIDATION,C,14400,13.47,0.23,Y,3,0.23225806451612904,5166.666666666667,2.7870967741935484,Young,0-2 years,0,0,0.21243604,0,Low Risk
22,35000,MORTGAGE,6.0,EDUCATION,C,7500,13.92,0.21,N,3,0.21428571428571427,2916.6666666666665,2.5714285714285716,Young,6-10 years,0,0,0.23995622,0,Low Risk
24,120000,MORTGAGE,8.0,PERSONAL,C,20000,12.99,0.17,Y,2,0.16666666666666666,10000.0,2.0,Young,6-10 years,0,0,0.15810141,0,Low Risk
25,48000,RENT,3.0,DEBTCONSOLIDATION,B,2000,10.74,0.04,N,2,0.041666666666666664,4000.0,0.5,Young,3-5 years,0,0,0.16265577,0,Low Risk
35,38400,MORTGAGE,0.0,EDUCATION,A,5000,,0.13,N,9,0.13020833333333334,3200.0,1.5625,Adult,0-2 years,0,0,0.1239315,0,Low Risk
39,57000,MORTGAGE,0.0,DEBTCONSOLIDATION,A,3000,9.63,0.05,N,14,0.05263157894736842,4750.0,0.631578947368421,Middle Age,0-2 years,0,0,0.1143742,0,Low Risk
28,98400,MORTGAGE,12.0,PERSONAL,A,1500,5.42,0.02,N,5,0.01524390243902439,8200.0,0.18292682926829268,Adult,10+ years,0,0,0.023611434,0,Low Risk
25,80000,OWN,3.0,EDUCATION,C,10000,14.72,0.13,Y,3,0.125,6666.666666666667,1.5,Young,3-5 years,0,0,0.0016878246,0,Low Risk
30,33000,RENT,4.0,MEDICAL,C,1000,14.79,0.03,N,10,0.030303030303030304,2750.0,0.36363636363636365,Adult,3-5 years,0,0,0.30125666,0,Medium Risk
24,60000,RENT,0.0,PERSONAL,B,20000,10.99,0.33,N,2,0.3333333333333333,5000.0,4.0,Young,0-2 years,1,1,0.9865644,1,High Risk
25,121000,MORTGAGE,6.0,VENTURE,B,13000,,0.11,N,2,0.10743801652892562,10083.333333333334,1.2892561983471074,Young,6-10 years,0,0,0.012021495,0,Low Risk
25,26729,RENT,5.0,VENTURE,B,7300,11.14,0.27,N,4,0.2731116016311871,2227.4166666666665,3.2773392195742455,Young,3-5 years,0,0,0.050501637,0,Low Risk
28,15360,RENT,2.0,PERSONAL,B,5375,9.91,0.35,N,5,0.3499348958333333,1280.0,4.19921875,Adult,0-2 years,1,1,0.99911445,1,High Risk
34,30000,RENT,2.0,PERSONAL,A,12000,,0.4,N,6,0.4,2500.0,4.8,Adult,0-2 years,1,1,0.994672,1,High Risk
22,91000,OWN,5.0,EDUCATION,A,15000,7.88,0.16,N,3,0.16483516483516483,7583.333333333333,1.978021978021978,Young,3-5 years,0,0,0.0009117937,0,Low Risk
27,37404,OWN,,HOMEIMPROVEMENT,A,6000,5.42,0.16,N,6,0.16041065126724416,3117.0,1.9249278152069298,Adult,,0,0,0.0068848594,0,Low Risk
30,125000,RENT,3.0,HOMEIMPROVEMENT,B,10000,10.74,0.08,N,6,0.08,10416.666666666666,0.9600000000000001,Adult,3-5 years,0,0,0.12431731,0,Low Risk
25,46000,RENT,1.0,MEDICAL,B,9500,,0.21,N,3,0.20652173913043478,3833.3333333333335,2.4782608695652173,Young,0-2 years,0,0,0.2177846,0,Low Risk
28,123000,MORTGAGE,3.0,DEBTCONSOLIDATION,C,15000,13.85,0.12,Y,9,0.12195121951219512,10250.0,1.4634146341463414,Adult,3-5 years,0,1,0.19973996,0,Low Risk
24,96000,MORTGAGE,8.0,VENTURE,A,4200,5.99,0.04,N,3,0.04375,8000.0,0.525,Young,6-10 years,0,0,0.0009860998,0,Low Risk
22,18000,RENT,0.0,VENTURE,C,3500,13.48,0.19,Y,2,0.19444444444444445,1500.0,2.3333333333333335,Young,0-2 years,0,1,0.9875502,1,High Risk
27,40800,MORTGAGE,6.0,HOMEIMPROVEMENT,B,8000,12.69,0.2,N,6,0.19607843137254902,3400.0,2.3529411764705883,Adult,6-10 years,0,0,0.34312248,0,Medium Risk
21,15996,RENT,3.0,MEDICAL,D,4800,15.37,0.3,Y,3,0.30007501875468867,1333.0,3.600900225056264,Young,3-5 years,1,1,0.9958112,1,High Risk
28,96000,MORTGAGE,5.0,HOMEIMPROVEMENT,D,11250,17.58,0.12,N,5,0.1171875,8000.0,1.40625,Adult,3-5 years,0,0,0.22677727,0,Low Risk
24,72096,RENT,2.0,HOMEIMPROVEMENT,A,4800,7.14,0.07,N,2,0.06657789613848203,6008.0,0.7989347536617842,Young,0-2 years,0,0,0.0593259,0,Low Risk
37,77000,RENT,6.0,MEDICAL,A,10800,7.14,0.14,N,17,0.14025974025974025,6416.666666666667,1.683116883116883,Middle Age,6-10 years,0,0,0.02320519,0,Low Risk
27,70000,MORTGAGE,8.0,VENTURE,B,12000,9.91,0.17,N,6,0.17142857142857143,5833.333333333333,2.0571428571428574,Adult,6-10 years,0,0,0.0062581073,0,Low Risk
29,54000,RENT,12.0,PERSONAL,B,10000,11.71,0.19,N,7,0.18518518518518517,4500.0,2.2222222222222223,Adult,10+ years,0,1,0.39761725,0,Medium Risk
24,52000,OWN,8.0,EDUCATION,B,4000,10.62,0.08,N,4,0.07692307692307693,4333.333333333333,0.9230769230769231,Young,6-10 years,0,0,0.0043667564,0,Low Risk
28,40000,RENT,1.0,MEDICAL,B,6500,10.74,0.16,N,6,0.1625,3333.3333333333335,1.95,Adult,0-2 years,0,0,0.0709116,0,Low Risk
25,34000,MORTGAGE,0.0,MEDICAL,C,10000,12.87,0.29,Y,4,0.29411764705882354,2833.3333333333335,3.5294117647058822,Young,0-2 years,0,0,0.77802426,1,High Risk
31,12000,RENT,2.0,EDUCATION,B,2400,11.71,0.2,N,10,0.2,1000.0,2.4,Adult,0-2 years,0,1,0.9927395,1,High Risk
30,32004,RENT,1.0,PERSONAL,B,24250,11.12,0.76,N,5,0.7577177852768404,2667.0,9.092613423322085,Adult,0-2 years,1,1,0.99576074,1,High Risk
34,108000,RENT,0.0,HOMEIMPROVEMENT,D,12350,14.96,0.11,Y,7,0.11435185185185186,9000.0,1.3722222222222222,Adult,0-2 years,0,1,0.9626742,1,High Risk
26,72000,MORTGAGE,10.0,MEDICAL,B,17000,10.65,0.24,N,4,0.2361111111111111,6000.0,2.8333333333333335,Adult,6-10 years,0,0,0.16506281,0,Low Risk
25,86004,MORTGAGE,3.0,PERSONAL,A,15000,6.91,0.17,N,4,0.17441049253523092,7167.0,2.092925910422771,Young,3-5 years,0,1,0.029705338,0,Low Risk
25,12000,RENT,,DEBTCONSOLIDATION,B,3600,9.62,0.3,N,2,0.3,1000.0,3.6,Young,,1,1,0.9935935,1,High Risk
23,65000,MORTGAGE,0.0,EDUCATION,A,8200,6.62,0.13,N,4,0.12615384615384614,5416.666666666667,1.5138461538461538,Young,0-2 years,0,0,0.017287785,0,Low Risk
24,74000,RENT,1.0,HOMEIMPROVEMENT,D,16800,15.65,0.23,Y,3,0.22702702702702704,6166.666666666667,2.724324324324324,Young,0-2 years,0,1,0.9684381,1,High Risk
24,56000,OWN,8.0,EDUCATION,B,2000,11.49,0.04,N,2,0.03571428571428571,4666.666666666667,0.42857142857142855,Young,6-10 years,0,0,0.005716671,0,Low Risk
23,45000,RENT,2.0,PERSONAL,B,11200,10.59,0.25,N,4,0.24888888888888888,3750.0,2.986666666666667,Young,0-2 years,0,0,0.16009453,0,Low Risk
23,116000,RENT,7.0,VENTURE,A,11000,8.94,0.09,N,2,0.09482758620689655,9666.666666666666,1.1379310344827587,Young,6-10 years,0,0,0.0066885473,0,Low Risk
24,60629,RENT,7.0,HOMEIMPROVEMENT,A,10000,7.51,0.16,N,2,0.16493757112932755,5052.416666666667,1.9792508535519304,Young,6-10 years,0,0,0.09303239,0,Low Risk
24,40000,OWN,4.0,MEDICAL,A,1000,7.37,0.03,N,2,0.025,3333.3333333333335,0.3,Young,3-5 years,0,0,0.0026498567,0,Low Risk
24,39000,RENT,8.0,PERSONAL,D,7000,14.42,0.18,N,4,0.1794871794871795,3250.0,2.1538461538461537,Young,6-10 years,0,1,0.8232774,1,High Risk
22,33000,RENT,4.0,MEDICAL,A,6500,6.17,0.2,N,4,0.19696969696969696,2750.0,2.3636363636363638,Young,3-5 years,0,0,0.15240699,0,Low Risk
23,50000,RENT,7.0,EDUCATION,B,4800,10.37,0.1,N,3,0.096,4166.666666666667,1.152,Young,6-10 years,0,0,0.07481866,0,Low Risk
32,42000,RENT,1.0,DEBTCONSOLIDATION,A,5800,9.32,0.14,N,10,0.1380952380952381,3500.0,1.6571428571428573,Adult,0-2 years,0,0,0.12865593,0,Low Risk
36,76800,MORTGAGE,18.0,PERSONAL,A,6200,5.99,0.08,N,17,0.08072916666666667,6400.0,0.96875,Middle Age,10+ years,0,0,0.03821148,0,Low Risk
26,51500,OWN,10.0,HOMEIMPROVEMENT,A,15000,6.92,0.29,N,2,0.2912621359223301,4291.666666666667,3.495145631067961,Adult,6-10 years,0,0,0.018122671,0,Low Risk
27,52000,RENT,3.0,PERSONAL,B,12250,11.36,0.24,N,5,0.23557692307692307,4333.333333333333,2.826923076923077,Adult,3-5 years,0,0,0.16294034,0,Low Risk
22,18996,RENT,3.0,EDUCATION,D,3200,15.28,0.17,Y,3,0.1684565171615077,1583.0,2.021478205938092,Young,3-5 years,0,1,0.93779373,1,High Risk
25,31000,RENT,1.0,HOMEIMPROVEMENT,D,6450,14.42,0.21,Y,3,0.20806451612903226,2583.3333333333335,2.496774193548387,Young,0-2 years,0,1,0.99321175,1,High Risk
23,43949,RENT,7.0,MEDICAL,B,3000,11.49,0.07,N,2,0.06826093881544518,3662.4166666666665,0.8191312657853421,Young,6-10 years,0,0,0.39220083,0,Medium Risk
33,153000,MORTGAGE,11.0,VENTURE,C,10000,14.79,0.07,Y,5,0.06535947712418301,12750.0,0.7843137254901961,Adult,10+ years,0,0,0.061663684,0,Low Risk
26,42000,RENT,4.0,DEBTCONSOLIDATION,B,14000,9.45,0.33,N,2,0.3333333333333333,3500.0,4.0,Adult,3-5 years,1,1,0.99231356,1,High Risk
21,32000,RENT,6.0,MEDICAL,D,12000,,0.38,Y,2,0.375,2666.6666666666665,4.5,Young,6-10 years,1,1,0.9966799,1,High Risk
25,70000,RENT,9.0,HOMEIMPROVEMENT,D,15000,16.02,0.21,N,4,0.21428571428571427,5833.333333333333,2.5714285714285716,Young,6-10 years,0,0,0.4358653,0,Medium Risk
25,42288,RENT,2.0,EDUCATION,B,5000,10.99,0.12,N,2,0.1182368520620507,3524.0,1.4188422247446084,Young,0-2 years,0,0,0.26397777,0,Low Risk
28,200000,MORTGAGE,7.0,PERSONAL,A,10000,6.99,0.05,N,7,0.05,16666.666666666668,0.6,Adult,6-10 years,0,0,0.008966935,0,Low Risk
38,40246,MORTGAGE,7.0,HOMEIMPROVEMENT,A,12000,8.9,0.3,N,15,0.29816627739402674,3353.8333333333335,3.5779953287283206,Middle Age,6-10 years,1,0,0.029824695,0,Low Risk
23,122000,MORTGAGE,7.0,EDUCATION,C,16000,13.49,0.13,N,2,0.13114754098360656,10166.666666666666,1.5737704918032789,Young,6-10 years,0,0,0.08290934,0,Low Risk
28,65004,RENT,12.0,PERSONAL,A,10000,7.88,0.15,N,6,0.15383668697310934,5417.0,1.8460402436773122,Adult,10+ years,0,0,0.06930273,0,Low Risk
32,75000,RENT,3.0,HOMEIMPROVEMENT,A,10000,7.29,0.13,N,10,0.13333333333333333,6250.0,1.6,Adult,3-5 years,0,0,0.032713085,0,Low Risk
37,71400,MORTGAGE,7.0,MEDICAL,E,3100,20.69,0.04,Y,14,0.04341736694677871,5950.0,0.5210084033613446,Middle Age,6-10 years,0,1,0.8876064,1,High Risk
25,72000,MORTGAGE,9.0,DEBTCONSOLIDATION,C,10000,14.27,0.14,N,3,0.1388888888888889,6000.0,1.6666666666666667,Young,6-10 years,0,1,0.36307335,0,Medium Risk
25,39000,RENT,9.0,MEDICAL,A,5000,7.49,0.13,N,4,0.1282051282051282,3250.0,1.5384615384615385,Young,6-10 years,0,0,0.3149796,0,Medium Risk
24,57000,MORTGAGE,9.0,MEDICAL,C,6500,13.04,0.11,Y,4,0.11403508771929824,4750.0,1.368421052631579,Young,6-10 years,0,1,0.4410125,0,Medium Risk
34,33600,MORTGAGE,4.0,EDUCATION,B,6000,10.99,0.18,N,6,0.17857142857142858,2800.0,2.142857142857143,Adult,3-5 years,0,0,0.31965485,0,Medium Risk
24,75000,MORTGAGE,8.0,PERSONAL,B,1200,11.49,0.02,N,2,0.016,6250.0,0.192,Young,6-10 years,0,0,0.09651408,0,Low Risk
22,21600,RENT,6.0,PERSONAL,D,1600,,0.07,Y,4,0.07407407407407407,1800.0,0.8888888888888888,Young,6-10 years,0,0,0.6180181,1,High Risk
37,55236,MORTGAGE,9.0,VENTURE,A,6500,6.03,0.12,N,16,0.11767687739879788,4603.0,1.4121225287855745,Middle Age,6-10 years,0,0,0.005377238,0,Low Risk
31,150000,RENT,0.0,HOMEIMPROVEMENT,B,12000,10.74,0.08,N,9,0.08,12500.0,0.96,Adult,0-2 years,0,0,0.088962816,0,Low Risk
35,38000,MORTGAGE,10.0,VENTURE,A,9600,7.49,0.25,N,9,0.25263157894736843,3166.6666666666665,3.031578947368421,Adult,6-10 years,0,0,0.008066557,0,Low Risk
26,38400,RENT,7.0,VENTURE,C,3200,13.49,0.08,N,2,0.08333333333333333,3200.0,1.0,Adult,6-10 years,0,0,0.19300199,0,Low Risk
25,30500,RENT,5.0,MEDICAL,B,6400,11.49,0.21,N,4,0.2098360655737705,2541.6666666666665,2.518032786885246,Young,3-5 years,0,0,0.38241753,0,Medium Risk
22,37000,RENT,0.0,PERSONAL,B,7000,10.95,0.19,N,4,0.1891891891891892,3083.3333333333335,2.27027027027027,Young,0-2 years,0,0,0.2867438,0,Low Risk
31,81000,RENT,1.0,PERSONAL,D,15000,14.42,0.19,N,6,0.18518518518518517,6750.0,2.2222222222222223,Adult,0-2 years,0,1,0.88280886,1,High Risk
26,56000,MORTGAGE,10.0,EDUCATION,A,6000,5.42,0.11,N,4,0.10714285714285714,4666.666666666667,1.2857142857142856,Adult,6-10 years,0,0,0.39600956,0,Medium Risk
29,96000,RENT,3.0,HOMEIMPROVEMENT,B,6400,11.49,0.07,N,8,0.06666666666666667,8000.0,0.8,Adult,3-5 years,0,0,0.06808039,0,Low Risk
25,54503,RENT,9.0,EDUCATION,A,6300,7.51,0.12,N,2,0.1155899675247234,4541.916666666667,1.387079610296681,Young,6-10 years,0,0,0.1641399,0,Low Risk
31,42000,RENT,1.0,VENTURE,C,20000,13.57,0.48,N,6,0.47619047619047616,3500.0,5.714285714285714,Adult,0-2 years,1,1,0.9926237,1,High Risk
22,60000,MORTGAGE,7.0,EDUCATION,B,10950,11.11,0.18,N,3,0.1825,5000.0,2.19,Young,6-10 years,0,0,0.09300137,0,Low Risk
35,52000,RENT,2.0,VENTURE,B,9000,,0.17,N,9,0.17307692307692307,4333.333333333333,2.076923076923077,Adult,0-2 years,0,0,0.018902928,0,Low Risk
24,98004,MORTGAGE,5.0,HOMEIMPROVEMENT,A,2500,8.49,0.03,N,3,0.02550916289131056,8167.0,0.3061099546957267,Young,3-5 years,0,1,0.09228466,0,Low Risk
23,55000,RENT,8.0,MEDICAL,B,4000,10.99,0.07,N,2,0.07272727272727272,4583.333333333333,0.8727272727272728,Young,6-10 years,0,0,0.23117675,0,Low Risk
21,68100,MORTGAGE,5.0,DEBTCONSOLIDATION,E,17500,17.19,0.26,N,4,0.25697503671071953,5675.0,3.0837004405286343,Young,3-5 years,0,1,0.984253,1,High Risk
27,48000,OWN,3.0,VENTURE,B,24000,9.91,0.5,N,9,0.5,4000.0,6.0,Adult,3-5 years,1,0,0.005057236,0,Low Risk
27,60500,RENT,6.0,MEDICAL,B,2400,12.69,0.04,N,8,0.03966942148760331,5041.666666666667,0.4760330578512396,Adult,6-10 years,0,0,0.13329148,0,Low Risk
23,75000,MORTGAGE,3.0,EDUCATION,A,4900,7.74,0.07,N,4,0.06533333333333333,6250.0,0.784,Young,3-5 years,0,0,0.03643522,0,Low Risk
24,47000,RENT,7.0,VENTURE,A,6000,8.9,0.13,N,3,0.1276595744680851,3916.6666666666665,1.5319148936170213,Young,6-10 years,0,0,0.01139366,0,Low Risk
22,55000,RENT,6.0,EDUCATION,A,6000,6.62,0.11,N,2,0.10909090909090909,4583.333333333333,1.309090909090909,Young,6-10 years,0,0,0.0546035,0,Low Risk
37,900000,MORTGAGE,5.0,PERSONAL,C,25000,12.87,0.03,Y,13,0.027777777777777776,75000.0,0.3333333333333333,Middle Age,3-5 years,0,0,0.15426742,0,Low Risk
25,34000,MORTGAGE,9.0,DEBTCONSOLIDATION,A,2000,7.66,0.06,N,4,0.058823529411764705,2833.3333333333335,0.7058823529411764,Young,6-10 years,0,1,0.5182189,1,Medium Risk
30,108000,RENT,1.0,PERSONAL,D,8000,14.96,0.07,Y,7,0.07407407407407407,9000.0,0.8888888888888888,Adult,0-2 years,0,1,0.9573048,1,High Risk
21,29760,RENT,1.0,DEBTCONSOLIDATION,B,8500,10.62,0.29,N,2,0.2856182795698925,2480.0,3.4274193548387095,Young,0-2 years,0,0,0.5429207,1,Medium Risk
24,64000,MORTGAGE,8.0,VENTURE,B,4000,10.0,0.06,N,2,0.0625,5333.333333333333,0.75,Young,6-10 years,0,0,0.019752614,0,Low Risk
33,84000,MORTGAGE,17.0,VENTURE,A,20000,5.99,0.24,N,8,0.23809523809523808,7000.0,2.857142857142857,Adult,10+ years,0,0,0.0058855335,0,Low Risk
43,28000,MORTGAGE,4.0,HOMEIMPROVEMENT,D,6250,,0.22,Y,13,0.22321428571428573,2333.3333333333335,2.6785714285714284,Middle Age,3-5 years,0,1,0.37811777,0,Medium Risk
22,39300,MORTGAGE,5.0,EDUCATION,D,5325,14.59,0.14,Y,3,0.13549618320610687,3275.0,1.6259541984732824,Young,3-5 years,0,0,0.34108174,0,Medium Risk
33,130000,MORTGAGE,7.0,PERSONAL,A,2400,5.42,0.02,N,7,0.018461538461538463,10833.333333333334,0.22153846153846152,Adult,6-10 years,0,0,0.013897354,0,Low Risk
26,45000,MORTGAGE,6.0,VENTURE,A,5000,6.99,0.11,N,2,0.1111111111111111,3750.0,1.3333333333333333,Adult,6-10 years,0,0,0.00798416,0,Low Risk
23,46800,MORTGAGE,,PERSONAL,A,5000,6.99,0.11,N,2,0.10683760683760683,3900.0,1.2820512820512822,Young,,0,0,0.16612498,0,Low Risk
22,36000,RENT,3.0,EDUCATION,D,9600,17.27,0.27,Y,4,0.26666666666666666,3000.0,3.2,Young,3-5 years,0,1,0.44506896,0,Medium Risk
40,36100,RENT,9.0,VENTURE,B,15250,12.53,0.42,N,16,0.4224376731301939,3008.3333333333335,5.069252077562327,Middle Age,6-10 years,1,1,0.9914579,1,High Risk
22,78000,OTHER,4.0,PERSONAL,B,5600,,0.07,N,2,0.07179487179487179,6500.0,0.8615384615384616,Young,3-5 years,0,0,0.2838655,0,Low Risk
28,145000,MORTGAGE,9.0,VENTURE,B,25000,,0.17,N,9,0.1724137931034483,12083.333333333334,2.068965517241379,Adult,6-10 years,0,0,0.013321531,0,Low Risk
21,35000,RENT,6.0,PERSONAL,C,5000,14.79,0.14,N,2,0.14285714285714285,2916.6666666666665,1.7142857142857144,Young,6-10 years,0,1,0.3948395,0,Medium Risk
30,72000,MORTGAGE,3.0,MEDICAL,C,9000,14.22,0.13,Y,6,0.125,6000.0,1.5,Adult,3-5 years,0,0,0.35128105,0,Medium Risk
36,117000,MORTGAGE,3.0,HOMEIMPROVEMENT,C,20400,13.06,0.17,N,11,0.17435897435897435,9750.0,2.0923076923076924,Middle Age,3-5 years,0,0,0.22560944,0,Low Risk
34,25000,RENT,0.0,VENTURE,B,5325,10.99,0.21,N,7,0.213,2083.3333333333335,2.5559999999999996,Adult,0-2 years,0,0,0.037626408,0,Low Risk
30,85000,MORTGAGE,14.0,MEDICAL,A,6000,5.42,0.07,N,8,0.07058823529411765,7083.333333333333,0.8470588235294118,Adult,10+ years,0,0,0.01244568,0,Low Risk
39,55000,MORTGAGE,8.0,PERSONAL,A,10000,5.42,0.18,N,16,0.18181818181818182,4583.333333333333,2.181818181818182,Middle Age,6-10 years,0,0,0.028877707,0,Low Risk
27,38000,MORTGAGE,3.0,VENTURE,B,4500,9.99,0.12,N,7,0.11842105263157894,3166.6666666666665,1.4210526315789473,Adult,3-5 years,0,0,0.010201151,0,Low Risk
39,708000,MORTGAGE,14.0,DEBTCONSOLIDATION,B,25000,12.18,0.04,N,12,0.03531073446327684,59000.0,0.423728813559322,Middle Age,10+ years,0,0,0.098362125,0,Low Risk
25,115000,MORTGAGE,4.0,PERSONAL,A,20000,6.91,0.17,N,4,0.17391304347826086,9583.333333333334,2.0869565217391304,Young,3-5 years,0,0,0.028362917,0,Low Risk
26,36000,MORTGAGE,3.0,HOMEIMPROVEMENT,A,5400,7.51,0.15,N,4,0.15,3000.0,1.8,Adult,3-5 years,0,0,0.19069433,0,Low Risk
22,51000,RENT,6.0,VENTURE,B,5650,9.91,0.11,N,4,0.11078431372549019,4250.0,1.3294117647058823,Young,6-10 years,0,0,0.01241237,0,Low Risk
24,41500,MORTGAGE,8.0,EDUCATION,A,8500,7.14,0.2,N,4,0.20481927710843373,3458.3333333333335,2.4578313253012047,Young,6-10 years,0,0,0.19706158,0,Low Risk
32,80000,RENT,6.0,HOMEIMPROVEMENT,B,1500,10.74,0.02,N,10,0.01875,6666.666666666667,0.22499999999999998,Adult,6-10 years,0,0,0.056937624,0,Low Risk
28,75000,RENT,6.0,EDUCATION,A,8000,7.9,0.11,N,6,0.10666666666666667,6250.0,1.28,Adult,6-10 years,0,0,0.124752864,0,Low Risk
22,85000,MORTGAGE,7.0,EDUCATION,A,11700,8.59,0.14,N,3,0.1376470588235294,7083.333333333333,1.651764705882353,Young,6-10 years,0,0,0.03533044,0,Low Risk
38,66690,RENT,12.0,EDUCATION,D,20000,14.59,0.3,N,14,0.299895036737142,5557.5,3.598740440845704,Middle Age,10+ years,1,0,0.63003355,1,High Risk
24,45204,RENT,0.0,MEDICAL,A,12000,7.51,0.27,N,4,0.2654632333421821,3767.0,3.185558800106185,Young,0-2 years,0,0,0.07641376,0,Low Risk
22,24000,RENT,3.0,PERSONAL,B,3000,,0.13,N,4,0.125,2000.0,1.5,Young,3-5 years,0,0,0.33254024,0,Medium Risk
24,44208,MORTGAGE,2.0,VENTURE,A,7000,7.51,0.16,N,3,0.1583423814694173,3684.0,1.9001085776330076,Young,0-2 years,0,0,0.013175428,0,Low Risk
27,150792,MORTGAGE,11.0,PERSONAL,B,6000,11.71,0.04,N,9,0.039789909279006844,12566.0,0.4774789113480821,Adult,10+ years,0,0,0.120549336,0,Low Risk
30,30000,RENT,11.0,MEDICAL,B,1000,,0.03,N,10,0.03333333333333333,2500.0,0.4,Adult,10+ years,0,1,0.3646415,0,Medium Risk
25,85000,MORTGAGE,9.0,DEBTCONSOLIDATION,B,24000,10.99,0.28,N,4,0.2823529411764706,7083.333333333333,3.388235294117647,Young,6-10 years,0,0,0.17699274,0,Low Risk
29,25000,MORTGAGE,5.0,DEBTCONSOLIDATION,A,7475,8.49,0.3,N,6,0.299,2083.3333333333335,3.5879999999999996,Adult,3-5 years,1,0,0.14656793,0,Low Risk
26,59000,RENT,7.0,MEDICAL,D,6000,16.49,0.1,N,2,0.1016949152542373,4916.666666666667,1.2203389830508473,Adult,6-10 years,0,1,0.97313863,1,High Risk
23,48000,RENT,0.0,VENTURE,B,10000,9.25,0.21,N,3,0.20833333333333334,4000.0,2.5,Young,0-2 years,0,0,0.012480998,0,Low Risk
29,89520,OWN,13.0,EDUCATION,C,8000,13.23,0.09,Y,5,0.08936550491510277,7460.0,1.0723860589812333,Adult,10+ years,0,0,0.0035486189,0,Low Risk
23,56400,MORTGAGE,,EDUCATION,B,4000,11.49,0.07,N,4,0.07092198581560284,4700.0,0.851063829787234,Young,,0,0,0.3464258,0,Medium Risk
26,84000,MORTGAGE,6.0,HOMEIMPROVEMENT,C,2150,13.47,0.03,N,2,0.025595238095238095,7000.0,0.30714285714285716,Adult,6-10 years,0,0,0.18491949,0,Low Risk
24,79000,RENT,3.0,PERSONAL,C,7000,12.54,0.09,N,3,0.08860759493670886,6583.333333333333,1.0632911392405064,Young,3-5 years,0,0,0.44550908,0,Medium Risk
30,62000,MORTGAGE,4.0,PERSONAL,B,8000,,0.13,N,10,0.12903225806451613,5166.666666666667,1.5483870967741935,Adult,3-5 years,0,0,0.120554104,0,Low Risk
23,80800,RENT,6.0,PERSONAL,A,12000,8.9,0.15,N,3,0.1485148514851485,6733.333333333333,1.7821782178217822,Young,6-10 years,0,0,0.06290874,0,Low Risk
25,30000,RENT,3.0,EDUCATION,C,8500,13.98,0.28,Y,4,0.2833333333333333,2500.0,3.4,Young,3-5 years,0,0,0.51373315,1,Medium Risk
28,37090,RENT,2.0,DEBTCONSOLIDATION,B,3000,11.12,0.08,N,5,0.08088433540037746,3090.8333333333335,0.9706120248045295,Adult,0-2 years,0,0,0.3094217,0,Medium Risk
22,71400,RENT,3.0,VENTURE,C,5000,12.99,0.07,Y,4,0.0700280112044818,5950.0,0.8403361344537815,Young,3-5 years,0,0,0.17917947,0,Low Risk
26,65000,RENT,7.0,EDUCATION,D,6000,16.49,0.09,Y,2,0.09230769230769231,5416.666666666667,1.1076923076923075,Adult,6-10 years,0,0,0.24466579,0,Low Risk
24,57996,RENT,8.0,MEDICAL,D,2000,15.37,0.03,N,4,0.034485136905993516,4833.0,0.4138216428719222,Young,6-10 years,0,1,0.9218866,1,High Risk
25,365000,MORTGAGE,7.0,VENTURE,B,35000,10.65,0.1,N,2,0.0958904109589041,30416.666666666668,1.1506849315068493,Young,6-10 years,0,0,0.0095205875,0,Low Risk
23,44500,MORTGAGE,4.0,EDUCATION,B,9250,9.62,0.21,N,3,0.20786516853932585,3708.3333333333335,2.49438202247191,Young,3-5 years,0,0,0.25396773,0,Low Risk
29,120000,MORTGAGE,1.0,VENTURE,B,5000,9.91,0.04,N,7,0.041666666666666664,10000.0,0.5,Adult,0-2 years,0,0,0.0084900465,0,Low Risk
31,17676,OWN,1.0,VENTURE,D,2500,14.74,0.14,Y,7,0.1414347137361394,1473.0,1.6972165648336728,Adult,0-2 years,0,0,0.14438319,0,Low Risk
23,30000,RENT,0.0,EDUCATION,C,6300,14.35,0.21,N,4,0.21,2500.0,2.52,Young,0-2 years,0,0,0.4085894,0,Medium Risk
28,54400,RENT,1.0,MEDICAL,D,8000,15.65,0.13,N,10,0.14705882352941177,4533.333333333333,1.7647058823529413,Adult,0-2 years,0,1,0.9950334,1,High Risk
29,75996,OWN,3.0,VENTURE,B,8000,10.74,0.11,N,10,0.10526869835254488,6333.0,1.2632243802305385,Adult,3-5 years,0,0,0.00064491894,0,Low Risk
37,74000,RENT,0.0,EDUCATION,D,8000,16.89,0.11,N,15,0.10810810810810811,6166.666666666667,1.2972972972972971,Middle Age,0-2 years,0,1,0.9846628,1,High Risk
33,98000,RENT,2.0,HOMEIMPROVEMENT,A,20000,6.91,0.2,N,7,0.20408163265306123,8166.666666666667,2.4489795918367347,Adult,0-2 years,0,0,0.04608189,0,Low Risk
25,53000,MORTGAGE,9.0,VENTURE,A,10800,7.51,0.2,N,2,0.2037735849056604,4416.666666666667,2.4452830188679244,Young,6-10 years,0,0,0.013259736,0,Low Risk
23,150000,RENT,4.0,EDUCATION,B,25000,10.36,0.17,N,3,0.16666666666666666,12500.0,2.0,Young,3-5 years,0,0,0.05293222,0,Low Risk
23,86400,OWN,0.0,EDUCATION,D,16000,11.86,0.19,N,3,0.18518518518518517,7200.0,2.2222222222222223,Young,0-2 years,0,0,0.0074690026,0,Low Risk
27,66240,RENT,7.0,MEDICAL,A,5000,5.79,0.08,N,9,0.07548309178743962,5520.0,0.9057971014492754,Adult,6-10 years,0,0,0.054657087,0,Low Risk
37,84000,MORTGAGE,11.0,HOMEIMPROVEMENT,C,8225,12.99,0.1,Y,11,0.09791666666666667,7000.0,1.175,Middle Age,10+ years,0,0,0.26620573,0,Low Risk
44,57600,RENT,12.0,PERSONAL,A,7000,7.4,0.12,N,11,0.12152777777777778,4800.0,1.4583333333333333,Middle Age,10+ years,0,0,0.06525242,0,Low Risk
22,38400,RENT,6.0,DEBTCONSOLIDATION,B,3600,12.69,0.09,N,3,0.09375,3200.0,1.125,Young,6-10 years,0,0,0.2698319,0,Low Risk
27,80500,RENT,2.0,PERSONAL,A,8000,8.49,0.1,N,9,0.09937888198757763,6708.333333333333,1.1925465838509317,Adult,0-2 years,0,0,0.06755075,0,Low Risk
27,31200,RENT,0.0,VENTURE,C,6000,13.49,0.19,Y,7,0.19230769230769232,2600.0,2.3076923076923075,Adult,0-2 years,0,0,0.42865348,0,Medium Risk
43,69996,RENT,18.0,MEDICAL,A,19200,,0.27,N,11,0.27430138865078,5833.0,3.2916166638093607,Middle Age,10+ years,0,0,0.050799888,0,Low Risk
32,65000,OWN,3.0,PERSONAL,C,12000,13.35,0.18,Y,9,0.18461538461538463,5416.666666666667,2.215384615384615,Adult,3-5 years,0,0,0.0025223047,0,Low Risk
24,64000,RENT,4.0,HOMEIMPROVEMENT,B,2500,11.14,0.04,N,3,0.0390625,5333.333333333333,0.46875,Young,3-5 years,0,1,0.44542643,0,Medium Risk
29,76000,MORTGAGE,9.0,DEBTCONSOLIDATION,D,4400,16.29,0.06,Y,10,0.05789473684210526,6333.333333333333,0.6947368421052632,Adult,6-10 years,0,1,0.97992617,1,High Risk
33,32400,RENT,6.0,MEDICAL,D,2500,15.33,0.08,Y,10,0.07716049382716049,2700.0,0.9259259259259259,Adult,6-10 years,0,1,0.90503955,1,High Risk
27,100000,MORTGAGE,2.0,MEDICAL,A,16000,6.54,0.16,N,5,0.16,8333.333333333334,1.92,Adult,0-2 years,0,0,0.011958495,0,Low Risk
28,25000,RENT,2.0,EDUCATION,C,3000,13.22,0.12,Y,8,0.12,2083.3333333333335,1.44,Adult,0-2 years,0,0,0.2832106,0,Low Risk
24,22000,RENT,3.0,MEDICAL,C,4000,13.92,0.18,N,3,0.18181818181818182,1833.3333333333333,2.181818181818182,Young,3-5 years,0,0,0.26050428,0,Low Risk
29,68000,RENT,1.0,EDUCATION,B,10000,10.65,0.15,N,5,0.14705882352941177,5666.666666666667,1.7647058823529411,Adult,0-2 years,0,0,0.111064635,0,Low Risk
23,90000,MORTGAGE,2.0,EDUCATION,A,5000,5.42,0.06,N,4,0.05555555555555555,7500.0,0.6666666666666666,Young,0-2 years,0,0,0.008314013,0,Low Risk
34,33666,RENT,4.0,DEBTCONSOLIDATION,D,8000,17.49,0.24,Y,5,0.23762846789045328,2805.5,2.851541614685439,Adult,3-5 years,0,1,0.98371756,1,High Risk
34,53500,RENT,0.0,MEDICAL,A,3200,6.76,0.06,N,10,0.059813084112149535,4458.333333333333,0.7177570093457945,Adult,0-2 years,0,0,0.044034895,0,Low Risk
23,287000,RENT,3.0,EDUCATION,B,24250,12.53,0.08,N,3,0.08449477351916376,23916.666666666668,1.013937282229965,Young,3-5 years,0,0,0.09067424,0,Low Risk
26,50000,OWN,10.0,PERSONAL,A,14400,7.49,0.29,N,4,0.288,4166.666666666667,3.456,Adult,6-10 years,0,0,0.0037783182,0,Low Risk
27,57240,OWN,4.0,MEDICAL,B,15000,11.99,0.26,N,10,0.2620545073375262,4770.0,3.1446540880503147,Adult,3-5 years,0,0,0.0050154715,0,Low Risk
24,47211,OWN,8.0,VENTURE,B,10000,11.83,0.21,N,3,0.21181504310436128,3934.25,2.5417805172523353,Young,6-10 years,0,0,0.0007130114,0,Low Risk
39,52273,RENT,3.0,EDUCATION,B,5000,,0.1,N,17,0.09565167486082682,4356.083333333333,1.1478200983299218,Middle Age,3-5 years,0,0,0.37252572,0,Medium Risk
30,66000,MORTGAGE,,VENTURE,A,12000,7.51,0.18,N,9,0.18181818181818182,5500.0,2.1818181818181817,Adult,,0,0,0.0078095347,0,Low Risk
22,100000,MORTGAGE,3.0,EDUCATION,B,12000,11.11,0.12,N,4,0.12,8333.333333333334,1.44,Young,3-5 years,0,0,0.02667911,0,Low Risk
36,42000,RENT,21.0,HOMEIMPROVEMENT,A,1000,7.51,0.02,N,14,0.023809523809523808,3500.0,0.2857142857142857,Middle Age,10+ years,0,1,0.7327543,1,High Risk
27,90000,OWN,1.0,VENTURE,A,7500,7.51,0.08,N,6,0.08333333333333333,7500.0,1.0,Adult,0-2 years,0,0,0.0006234412,0,Low Risk
26,95459,RENT,10.0,DEBTCONSOLIDATION,C,4400,13.8,0.05,N,4,0.04609308708450748,7954.916666666667,0.5531170450140898,Adult,6-10 years,0,0,0.088483065,0,Low Risk
23,60000,MORTGAGE,6.0,DEBTCONSOLIDATION,C,7000,12.99,0.12,N,4,0.11666666666666667,5000.0,1.4,Young,6-10 years,0,0,0.17711669,0,Low Risk
27,73000,MORTGAGE,11.0,EDUCATION,A,17000,7.88,0.23,N,6,0.2328767123287671,6083.333333333333,2.7945205479452055,Adult,10+ years,0,0,0.28832236,0,Low Risk
23,75000,MORTGAGE,0.0,MEDICAL,C,9500,,0.13,Y,4,0.12666666666666668,6250.0,1.52,Young,0-2 years,0,0,0.14863212,0,Low Risk
30,38000,RENT,0.0,MEDICAL,A,12800,5.79,0.34,N,8,0.3368421052631579,3166.6666666666665,4.042105263157895,Adult,0-2 years,1,1,0.9783124,1,High Risk
28,99996,MORTGAGE,6.0,VENTURE,A,10000,5.42,0.1,N,8,0.1000040001600064,8333.0,1.2000480019200768,Adult,6-10 years,0,0,0.0011275584,0,Low Risk
28,47000,RENT,4.0,PERSONAL,A,2800,6.99,0.06,N,7,0.059574468085106386,3916.6666666666665,0.7148936170212766,Adult,3-5 years,0,0,0.09360762,0,Low Risk
31,54996,RENT,6.0,PERSONAL,A,5000,,0.09,N,10,0.09091570296021528,4583.0,1.0909884355225834,Adult,6-10 years,0,0,0.08683023,0,Low Risk
23,42500,RENT,1.0,PERSONAL,C,6200,13.92,0.15,N,2,0.14588235294117646,3541.6666666666665,1.7505882352941178,Young,0-2 years,0,0,0.29533267,0,Low Risk
26,27600,RENT,0.0,MEDICAL,A,4725,6.54,0.17,N,2,0.17119565217391305,2300.0,2.0543478260869565,Adult,0-2 years,0,0,0.13832195,0,Low Risk
32,54000,RENT,7.0,DEBTCONSOLIDATION,D,1500,14.42,0.03,N,9,0.027777777777777776,4500.0,0.3333333333333333,Adult,6-10 years,0,1,0.9917977,1,High Risk
26,78000,RENT,0.0,HOMEIMPROVEMENT,E,24250,17.56,0.31,Y,3,0.3108974358974359,6500.0,3.730769230769231,Adult,0-2 years,1,1,0.99539304,1,High Risk
27,36000,MORTGAGE,5.0,PERSONAL,A,5000,,0.14,N,10,0.1388888888888889,3000.0,1.6666666666666667,Adult,3-5 years,0,0,0.13588263,0,Low Risk
37,25000,RENT,5.0,MEDICAL,D,10000,16.29,0.4,N,11,0.4,2083.3333333333335,4.8,Middle Age,3-5 years,1,1,0.9933181,1,High Risk
24,41000,RENT,2.0,HOMEIMPROVEMENT,D,25000,,0.61,N,3,0.6097560975609756,3416.6666666666665,7.317073170731708,Young,0-2 years,1,1,0.9983102,1,High Risk
35,88020,RENT,6.0,PERSONAL,D,6000,15.37,0.07,Y,8,0.0681663258350375,7335.0,0.8179959100204499,Adult,6-10 years,0,0,0.6827606,1,High Risk
23,85000,MORTGAGE,3.0,EDUCATION,C,20000,,0.24,Y,4,0.23529411764705882,7083.333333333333,2.823529411764706,Young,3-5 years,0,0,0.23125401,0,Low Risk
25,17400,RENT,0.0,EDUCATION,B,3000,11.83,0.17,N,4,0.1724137931034483,1450.0,2.0689655172413794,Young,0-2 years,0,1,0.98998636,1,High Risk
35,67600,RENT,7.0,PERSONAL,B,16000,11.58,0.24,N,5,0.23668639053254437,5633.333333333333,2.840236686390533,Adult,6-10 years,0,0,0.23649478,0,Low Risk
32,140000,MORTGAGE,14.0,HOMEIMPROVEMENT,A,12000,,0.09,N,8,0.08571428571428572,11666.666666666666,1.0285714285714287,Adult,10+ years,0,0,0.10117146,0,Low Risk
22,108000,RENT,1.0,HOMEIMPROVEMENT,D,24150,14.96,0.22,Y,3,0.22361111111111112,9000.0,2.683333333333333,Young,0-2 years,0,1,0.992137,1,High Risk
23,42500,MORTGAGE,7.0,EDUCATION,A,7500,8.49,0.18,N,3,0.17647058823529413,3541.6666666666665,2.1176470588235294,Young,6-10 years,0,0,0.18126969,0,Low Risk
33,26000,MORTGAGE,1.0,DEBTCONSOLIDATION,B,15000,9.76,0.58,N,6,0.5769230769230769,2166.6666666666665,6.923076923076923,Adult,0-2 years,1,1,0.4515343,0,Medium Risk
22,26000,OWN,2.0,EDUCATION,A,7100,7.49,0.27,N,2,0.27307692307692305,2166.6666666666665,3.2769230769230773,Young,0-2 years,0,0,0.0037504346,0,Low Risk
31,57000,MORTGAGE,10.0,EDUCATION,B,8000,9.88,0.14,N,9,0.14035087719298245,4750.0,1.6842105263157894,Adult,6-10 years,0,0,0.28906074,0,Low Risk
25,118000,MORTGAGE,8.0,HOMEIMPROVEMENT,A,15000,7.88,0.13,N,4,0.1271186440677966,9833.333333333334,1.5254237288135593,Young,6-10 years,0,0,0.041562315,0,Low Risk
23,65000,MORTGAGE,0.0,EDUCATION,C,8500,15.23,0.13,Y,3,0.13076923076923078,5416.666666666667,1.5692307692307692,Young,0-2 years,0,0,0.17954667,0,Low Risk
24,55200,MORTGAGE,0.0,MEDICAL,D,6000,14.42,0.11,Y,2,0.10869565217391304,4600.0,1.3043478260869565,Young,0-2 years,0,1,0.9534762,1,High Risk
30,113000,MORTGAGE,4.0,DEBTCONSOLIDATION,D,30000,15.62,0.27,Y,8,0.26548672566371684,9416.666666666666,3.185840707964602,Adult,3-5 years,0,1,0.9838748,1,High Risk
45,88000,RENT,12.0,HOMEIMPROVEMENT,D,15000,14.83,0.17,Y,12,0.17045454545454544,7333.333333333333,2.0454545454545454,Middle Age,10+ years,0,0,0.47559103,0,Medium Risk
40,133000,RENT,2.0,EDUCATION,D,35000,14.54,0.26,Y,17,0.2631578947368421,11083.333333333334,3.1578947368421053,Middle Age,0-2 years,0,1,0.9266122,1,High Risk
31,28800,RENT,1.0,VENTURE,B,5000,9.25,0.17,N,7,0.1736111111111111,2400.0,2.0833333333333335,Adult,0-2 years,0,0,0.032546528,0,Low Risk
24,36000,OWN,5.0,PERSONAL,B,8000,10.65,0.22,N,2,0.2222222222222222,3000.0,2.6666666666666665,Young,3-5 years,0,0,0.0047665625,0,Low Risk
35,20000,RENT,4.0,EDUCATION,D,6000,15.99,0.3,N,5,0.3,1666.6666666666667,3.5999999999999996,Adult,3-5 years,1,0,0.49369192,0,Medium Risk
26,125000,MORTGAGE,3.0,EDUCATION,D,24000,15.28,0.19,Y,4,0.192,10416.666666666666,2.3040000000000003,Adult,3-5 years,0,0,0.25204983,0,Low Risk
28,58800,MORTGAGE,11.0,VENTURE,A,5500,6.76,0.09,N,9,0.0935374149659864,4900.0,1.1224489795918366,Adult,10+ years,0,0,0.036378697,0,Low Risk
31,101000,RENT,2.0,EDUCATION,C,7500,13.22,0.07,Y,5,0.07425742574257425,8416.666666666666,0.8910891089108911,Adult,0-2 years,0,0,0.20030576,0,Low Risk
28,46000,MORTGAGE,3.0,EDUCATION,D,16750,14.96,0.36,N,6,0.3641304347826087,3833.3333333333335,4.369565217391304,Adult,3-5 years,1,0,0.37548277,0,Medium Risk
23,45000,MORTGAGE,7.0,VENTURE,A,5000,6.76,0.11,N,3,0.1111111111111111,3750.0,1.3333333333333333,Young,6-10 years,0,0,0.008707914,0,Low Risk
28,105000,MORTGAGE,8.0,VENTURE,B,12000,9.63,0.11,N,10,0.11428571428571428,8750.0,1.3714285714285714,Adult,6-10 years,0,0,0.0043247393,0,Low Risk
26,63000,RENT,4.0,VENTURE,D,7000,14.84,0.11,N,2,0.1111111111111111,5250.0,1.3333333333333333,Adult,3-5 years,0,0,0.38988864,0,Medium Risk
29,148716,RENT,4.0,PERSONAL,C,24250,13.23,0.16,Y,9,0.16306248150837838,12393.0,1.9567497781005407,Adult,3-5 years,0,0,0.17167673,0,Low Risk
23,99000,RENT,7.0,EDUCATION,D,20000,15.28,0.2,N,4,0.20202020202020202,8250.0,2.4242424242424243,Young,6-10 years,0,0,0.40478614,0,Medium Risk
33,55259,RENT,15.0,EDUCATION,D,11200,17.49,0.2,N,5,0.20268191606797084,4604.916666666667,2.4321829928156498,Adult,10+ years,0,0,0.5107358,1,Medium Risk
21,36000,RENT,1.0,MEDICAL,D,4500,17.27,0.13,N,4,0.125,3000.0,1.5,Young,0-2 years,0,1,0.98693836,1,High Risk
31,371000,MORTGAGE,0.0,HOMEIMPROVEMENT,A,5875,7.74,0.02,N,9,0.015835579514824796,30916.666666666668,0.19002695417789756,Adult,0-2 years,0,0,0.029195627,0,Low Risk
23,60000,RENT,2.0,EDUCATION,A,8000,8.94,0.13,N,3,0.13333333333333333,5000.0,1.6,Young,0-2 years,0,0,0.04236099,0,Low Risk
22,108000,OWN,2.0,VENTURE,C,8000,15.27,0.07,Y,2,0.07407407407407407,9000.0,0.8888888888888888,Young,0-2 years,0,0,0.0046706013,0,Low Risk
22,22000,MORTGAGE,6.0,EDUCATION,B,7000,11.71,0.32,N,2,0.3181818181818182,1833.3333333333333,3.8181818181818183,Young,6-10 years,1,0,0.37823188,0,Medium Risk
22,25000,OWN,,VENTURE,A,5000,6.03,0.2,N,3,0.2,2083.3333333333335,2.4,Young,,0,0,0.0005333209,0,Low Risk
31,110000,MORTGAGE,5.0,VENTURE,D,5000,14.96,0.05,Y,9,0.045454545454545456,9166.666666666666,0.5454545454545455,Adult,3-5 years,0,0,0.14912187,0,Low Risk
28,201000,OWN,4.0,VENTURE,A,12000,,0.06,N,8,0.05970149253731343,16750.0,0.7164179104477612,Adult,3-5 years,0,0,0.00039119786,0,Low Risk
22,72204,RENT,2.0,EDUCATION,C,6700,13.47,0.09,Y,4,0.0927926430668661,6017.0,1.1135117168023931,Young,0-2 years,0,0,0.1272711,0,Low Risk
30,168000,MORTGAGE,8.0,EDUCATION,A,10000,8.94,0.06,N,5,0.05952380952380952,14000.0,0.7142857142857143,Adult,6-10 years,0,1,0.034644235,0,Low Risk
25,48000,RENT,3.0,DEBTCONSOLIDATION,B,2000,10.74,0.04,N,3,0.041666666666666664,4000.0,0.5,Young,3-5 years,0,0,0.16186254,0,Low Risk
27,130000,RENT,11.0,EDUCATION,C,12000,15.23,0.09,Y,10,0.09230769230769231,10833.333333333334,1.1076923076923075,Adult,10+ years,0,0,0.1286849,0,Low Risk
29,54000,MORTGAGE,1.0,VENTURE,D,10000,16.89,0.19,N,5,0.18518518518518517,4500.0,2.2222222222222223,Adult,0-2 years,0,0,0.78149945,1,High Risk
24,80000,RENT,2.0,MEDICAL,B,24000,10.25,0.3,N,2,0.3,6666.666666666667,3.5999999999999996,Young,0-2 years,1,0,0.063552335,0,Low Risk
29,22500,RENT,1.0,EDUCATION,B,6000,11.83,0.27,N,9,0.26666666666666666,1875.0,3.2,Adult,0-2 years,0,0,0.29092982,0,Low Risk
22,50000,RENT,6.0,DEBTCONSOLIDATION,B,7200,,0.14,N,4,0.144,4166.666666666667,1.728,Young,6-10 years,0,0,0.11444753,0,Low Risk
35,120000,RENT,4.0,VENTURE,B,12000,10.99,0.1,N,5,0.1,10000.0,1.2,Adult,3-5 years,0,0,0.011331369,0,Low Risk
27,47000,RENT,0.0,DEBTCONSOLIDATION,E,24000,17.14,0.51,N,5,0.5106382978723404,3916.6666666666665,6.127659574468085,Adult,0-2 years,1,1,0.99904114,1,High Risk
27,138000,RENT,2.0,DEBTCONSOLIDATION,B,4000,11.71,0.03,N,10,0.028985507246376812,11500.0,0.34782608695652173,Adult,0-2 years,0,1,0.14143977,0,Low Risk
33,28800,RENT,5.0,MEDICAL,B,4000,9.88,0.14,N,5,0.1388888888888889,2400.0,1.6666666666666667,Adult,3-5 years,0,0,0.19080208,0,Low Risk
27,65000,MORTGAGE,2.0,DEBTCONSOLIDATION,B,10000,12.53,0.15,N,7,0.15384615384615385,5416.666666666667,1.846153846153846,Adult,0-2 years,0,0,0.0850515,0,Low Risk
43,54000,RENT,0.0,PERSONAL,D,9000,15.65,0.17,Y,14,0.16666666666666666,4500.0,2.0,Middle Age,0-2 years,0,1,0.9800432,1,High Risk
26,26004,MORTGAGE,5.0,HOMEIMPROVEMENT,B,6000,11.99,0.23,N,2,0.23073373327180433,2167.0,2.7688047992616522,Adult,3-5 years,0,0,0.7052766,1,High Risk
33,115000,OWN,2.0,VENTURE,B,14400,11.14,0.13,N,5,0.12521739130434784,9583.333333333334,1.5026086956521738,Adult,0-2 years,0,0,0.00065950555,0,Low Risk
26,30000,RENT,9.0,VENTURE,B,2000,11.49,0.07,N,3,0.06666666666666667,2500.0,0.8,Adult,6-10 years,0,0,0.076628454,0,Low Risk
31,76000,MORTGAGE,5.0,PERSONAL,C,5000,12.41,0.07,Y,9,0.06578947368421052,6333.333333333333,0.7894736842105263,Adult,3-5 years,0,1,0.31423524,0,Medium Risk
26,67260,MORTGAGE,9.0,HOMEIMPROVEMENT,A,6500,7.14,0.1,N,2,0.09663990484686293,5605.0,1.159678858162355,Adult,6-10 years,0,0,0.14917266,0,Low Risk
21,20000,RENT,2.0,MEDICAL,A,9000,7.51,0.45,N,4,0.45,1666.6666666666667,5.3999999999999995,Young,0-2 years,1,1,0.99505556,1,High Risk
24,100000,MORTGAGE,8.0,MEDICAL,A,10750,6.99,0.11,N,4,0.1075,8333.333333333334,1.2899999999999998,Young,6-10 years,0,0,0.019152483,0,Low Risk
33,115000,MORTGAGE,1.0,DEBTCONSOLIDATION,A,16800,5.42,0.15,N,6,0.14608695652173914,9583.333333333334,1.7530434782608695,Adult,0-2 years,0,0,0.013057013,0,Low Risk
26,90000,MORTGAGE,2.0,EDUCATION,C,25000,11.09,0.28,N,4,0.2777777777777778,7500.0,3.3333333333333335,Adult,0-2 years,0,0,0.1829937,0,Low Risk
35,36000,RENT,1.0,EDUCATION,A,3000,5.42,0.08,N,5,0.08333333333333333,3000.0,1.0,Adult,0-2 years,0,0,0.068379596,0,Low Risk
25,25000,RENT,3.0,PERSONAL,D,10000,14.11,0.4,Y,2,0.4,2083.3333333333335,4.8,Young,3-5 years,1,1,0.994709,1,High Risk
24,40000,RENT,1.0,MEDICAL,C,3000,14.22,0.07,N,4,0.075,3333.3333333333335,0.8999999999999999,Young,0-2 years,0,0,0.17203215,0,Low Risk
25,64000,MORTGAGE,10.0,MEDICAL,A,5000,7.29,0.08,N,2,0.078125,5333.333333333333,0.9375,Young,6-10 years,0,0,0.33333084,0,Medium Risk
22,38400,OWN,5.0,EDUCATION,C,10000,13.99,0.26,N,4,0.2604166666666667,3200.0,3.125,Young,3-5 years,0,0,0.0022109593,0,Low Risk
34,50725,RENT,1.0,PERSONAL,C,5400,13.16,0.11,Y,9,0.10645638245441104,4227.083333333333,1.2774765894529325,Adult,0-2 years,0,0,0.074801154,0,Low Risk
27,95800,RENT,1.0,DEBTCONSOLIDATION,B,2500,11.58,0.03,N,9,0.026096033402922755,7983.333333333333,0.31315240083507306,Adult,0-2 years,0,0,0.093529835,0,Low Risk
32,99996,MORTGAGE,16.0,DEBTCONSOLIDATION,A,7000,7.14,0.07,N,10,0.07000280011200448,8333.0,0.8400336013440538,Adult,10+ years,0,0,0.019054273,0,Low Risk
40,58000,MORTGAGE,9.0,EDUCATION,E,8000,18.79,0.14,Y,12,0.13793103448275862,4833.333333333333,1.6551724137931036,Middle Age,6-10 years,0,0,0.47119725,0,Medium Risk
23,23000,RENT,2.0,EDUCATION,A,8875,8.9,0.39,N,2,0.3858695652173913,1916.6666666666667,4.630434782608695,Young,0-2 years,1,1,0.9925734,1,High Risk
36,100000,RENT,14.0,DEBTCONSOLIDATION,A,5000,7.66,0.05,N,11,0.05,8333.333333333334,0.6,Middle Age,10+ years,0,0,0.026416007,0,Low Risk
62,62050,MORTGAGE,29.0,MEDICAL,C,25000,13.43,0.34,Y,28,0.40290088638195004,5170.833333333333,4.834810636583401,Senior,10+ years,1,1,0.87954575,1,High Risk
22,29000,RENT,6.0,MEDICAL,C,4800,12.99,0.17,Y,4,0.16551724137931034,2416.6666666666665,1.9862068965517243,Young,6-10 years,0,0,0.5454437,1,Medium Risk
23,21600,RENT,2.0,HOMEIMPROVEMENT,D,6000,14.42,0.28,N,2,0.2777777777777778,1800.0,3.3333333333333335,Young,0-2 years,0,1,0.997285,1,High Risk
29,56500,RENT,3.0,MEDICAL,B,7000,,0.12,N,8,0.12389380530973451,4708.333333333333,1.4867256637168142,Adult,3-5 years,0,1,0.29891327,0,Low Risk
28,45000,RENT,0.0,EDUCATION,A,4000,,0.09,N,8,0.08888888888888889,3750.0,1.0666666666666667,Adult,0-2 years,0,0,0.09689696,0,Low Risk
29,25000,RENT,3.0,MEDICAL,B,5000,10.95,0.2,N,10,0.2,2083.3333333333335,2.4,Adult,3-5 years,0,0,0.1988329,0,Low Risk
21,36000,RENT,3.0,EDUCATION,C,5000,12.99,0.14,N,4,0.1388888888888889,3000.0,1.6666666666666667,Young,3-5 years,0,0,0.3203118,0,Medium Risk
23,45600,MORTGAGE,3.0,VENTURE,C,12000,14.65,0.26,Y,2,0.2631578947368421,3800.0,3.1578947368421053,Young,3-5 years,0,0,0.2971738,0,Low Risk
21,85000,RENT,5.0,PERSONAL,B,3200,10.25,0.04,N,4,0.03764705882352941,7083.333333333333,0.45176470588235296,Young,3-5 years,0,0,0.095309705,0,Low Risk
24,100000,MORTGAGE,1.0,EDUCATION,B,6600,9.91,0.07,N,2,0.066,8333.333333333334,0.7919999999999999,Young,0-2 years,0,0,0.05324753,0,Low Risk
27,72000,MORTGAGE,1.0,DEBTCONSOLIDATION,B,10000,10.99,0.14,N,9,0.1388888888888889,6000.0,1.6666666666666667,Adult,0-2 years,0,0,0.12305764,0,Low Risk
25,54300,MORTGAGE,,PERSONAL,A,8000,6.92,0.15,N,4,0.14732965009208104,4525.0,1.7679558011049723,Young,,0,0,0.12214254,0,Low Risk
22,33600,OWN,,PERSONAL,C,12000,13.06,0.36,Y,4,0.35714285714285715,2800.0,4.285714285714286,Young,,1,0,0.012394683,0,Low Risk
29,67422,MORTGAGE,13.0,EDUCATION,B,12800,11.49,0.19,N,8,0.18984901070867077,5618.5,2.2781881285040493,Adult,10+ years,0,0,0.19723359,0,Low Risk
37,65000,RENT,2.0,DEBTCONSOLIDATION,A,10000,5.42,0.15,N,14,0.15384615384615385,5416.666666666667,1.846153846153846,Middle Age,0-2 years,0,0,0.007362866,0,Low Risk
22,128000,MORTGAGE,6.0,VENTURE,A,21600,6.91,0.17,N,4,0.16875,10666.666666666666,2.025,Young,6-10 years,0,0,0.0020388414,0,Low Risk
28,120000,MORTGAGE,0.0,PERSONAL,B,20000,,0.17,N,5,0.16666666666666666,10000.0,2.0,Adult,0-2 years,0,0,0.07720814,0,Low Risk
24,37000,RENT,5.0,VENTURE,A,9000,7.14,0.24,N,2,0.24324324324324326,3083.3333333333335,2.918918918918919,Young,3-5 years,0,0,0.012040612,0,Low Risk
24,23500,MORTGAGE,2.0,DEBTCONSOLIDATION,B,7000,10.38,0.3,N,3,0.2978723404255319,1958.3333333333333,3.5744680851063833,Young,0-2 years,1,0,0.20728168,0,Low Risk
28,24000,MORTGAGE,12.0,DEBTCONSOLIDATION,A,5000,9.32,0.21,N,10,0.20833333333333334,2000.0,2.5,Adult,10+ years,0,0,0.29120034,0,Low Risk
27,120000,MORTGAGE,4.0,HOMEIMPROVEMENT,D,25000,16.07,0.21,Y,10,0.20833333333333334,10000.0,2.5,Adult,3-5 years,0,0,0.35215947,0,Medium Risk
30,23000,RENT,1.0,MEDICAL,B,950,,0.04,N,6,0.041304347826086954,1916.6666666666667,0.49565217391304345,Adult,0-2 years,0,0,0.1932917,0,Low Risk
24,75000,RENT,6.0,HOMEIMPROVEMENT,B,15000,11.71,0.2,N,4,0.2,6250.0,2.4,Young,6-10 years,0,0,0.1693527,0,Low Risk
23,80000,MORTGAGE,,EDUCATION,B,25000,10.25,0.31,N,4,0.3125,6666.666666666667,3.75,Young,,1,0,0.09928962,0,Low Risk
25,31200,RENT,2.0,EDUCATION,A,7000,7.88,0.22,N,2,0.22435897435897437,2600.0,2.6923076923076925,Young,0-2 years,0,0,0.32314232,0,Medium Risk
25,30000,OWN,4.0,DEBTCONSOLIDATION,D,10000,14.61,0.33,Y,2,0.3333333333333333,2500.0,4.0,Young,3-5 years,1,0,0.09935579,0,Low Risk
29,42000,RENT,0.0,PERSONAL,E,15000,14.25,0.36,N,9,0.35714285714285715,3500.0,4.285714285714286,Adult,0-2 years,1,1,0.99584645,1,High Risk
28,60000,RENT,4.0,HOMEIMPROVEMENT,A,10000,6.54,0.17,N,9,0.16666666666666666,5000.0,2.0,Adult,3-5 years,0,0,0.05154137,0,Low Risk
28,58650,RENT,13.0,MEDICAL,B,20000,10.59,0.29,N,8,0.3410059676044331,4887.5,4.092071611253197,Adult,10+ years,0,1,0.9539964,1,High Risk
26,50000,OWN,7.0,MEDICAL,A,12000,8.49,0.24,N,4,0.24,4166.666666666667,2.88,Adult,6-10 years,0,0,0.0016605107,0,Low Risk
34,65000,RENT,3.0,PERSONAL,D,15000,,0.23,Y,6,0.23076923076923078,5416.666666666667,2.769230769230769,Adult,3-5 years,0,0,0.44459105,0,Medium Risk
25,48000,MORTGAGE,2.0,VENTURE,B,5000,,0.1,N,4,0.10416666666666667,4000.0,1.25,Young,0-2 years,0,0,0.019562034,0,Low Risk
21,36662,OWN,4.0,VENTURE,B,18000,10.25,0.49,N,4,0.4909715782008619,3055.1666666666665,5.891658938410344,Young,3-5 years,1,0,0.0037699328,0,Low Risk
25,110000,MORTGAGE,,VENTURE,B,7000,9.88,0.06,N,2,0.06363636363636363,9166.666666666666,0.7636363636363637,Young,,0,0,0.0030354992,0,Low Risk
24,79050,RENT,2.0,MEDICAL,B,2100,9.91,0.02,N,4,0.026565464895635674,6587.5,0.3187855787476281,Young,0-2 years,0,1,0.28361273,0,Low Risk
28,131040,MORTGAGE,0.0,VENTURE,C,10000,13.35,0.08,Y,10,0.07631257631257632,10920.0,0.9157509157509157,Adult,0-2 years,0,0,0.12986912,0,Low Risk
30,46000,OWN,10.0,HOMEIMPROVEMENT,C,11200,14.27,0.24,Y,10,0.24347826086956523,3833.3333333333335,2.9217391304347826,Adult,6-10 years,0,0,0.0048859715,0,Low Risk
23,95000,MORTGAGE,7.0,EDUCATION,A,35000,7.9,0.37,N,4,0.3684210526315789,7916.666666666667,4.421052631578947,Young,6-10 years,1,0,0.06200608,0,Low Risk
40,148350,MORTGAGE,11.0,HOMEIMPROVEMENT,A,5000,6.03,0.03,N,16,0.03370407819346141,12362.5,0.4044489383215369,Middle Age,10+ years,0,0,0.019190954,0,Low Risk
24,108000,MORTGAGE,1.0,DEBTCONSOLIDATION,D,25000,13.99,0.23,Y,2,0.23148148148148148,9000.0,2.7777777777777777,Young,0-2 years,0,1,0.9794422,1,High Risk
22,56650,MORTGAGE,2.0,MEDICAL,B,6500,10.65,0.11,N,2,0.1147396293027361,4720.833333333333,1.3768755516328333,Young,0-2 years,0,0,0.3111791,0,Medium Risk
33,77000,RENT,7.0,HOMEIMPROVEMENT,D,13000,,0.17,N,7,0.16883116883116883,6416.666666666667,2.0259740259740258,Adult,6-10 years,0,0,0.5462007,1,Medium Risk
33,120000,RENT,1.0,PERSONAL,C,9150,13.99,0.08,N,5,0.07625,10000.0,0.915,Adult,0-2 years,0,0,0.18646538,0,Low Risk
29,92004,MORTGAGE,12.0,VENTURE,B,10000,9.63,0.11,N,6,0.10869092648145733,7667.0,1.3042911177774879,Adult,10+ years,0,0,0.0070931297,0,Low Risk
29,59000,RENT,3.0,DEBTCONSOLIDATION,B,6000,10.37,0.1,N,7,0.1016949152542373,4916.666666666667,1.2203389830508473,Adult,3-5 years,0,0,0.41280943,0,Medium Risk
22,65000,MORTGAGE,0.0,PERSONAL,A,7200,8.9,0.11,N,2,0.11076923076923077,5416.666666666667,1.3292307692307692,Young,0-2 years,0,0,0.0854992,0,Low Risk
24,77300,RENT,4.0,PERSONAL,A,3350,,0.04,N,3,0.04333764553686934,6441.666666666667,0.520051746442432,Young,3-5 years,0,0,0.12323211,0,Low Risk
28,36000,RENT,2.0,HOMEIMPROVEMENT,B,7500,10.39,0.21,N,9,0.20833333333333334,3000.0,2.5,Adult,0-2 years,0,1,0.74049467,1,High Risk
21,25000,RENT,6.0,EDUCATION,B,6925,11.71,0.28,N,3,0.277,2083.3333333333335,3.324,Young,6-10 years,0,0,0.30689293,0,Medium Risk
26,78948,MORTGAGE,3.0,MEDICAL,B,17500,11.83,0.22,N,2,0.22166489334751988,6579.0,2.6599787201702387,Adult,3-5 years,0,0,0.3046332,0,Medium Risk
24,85000,RENT,0.0,MEDICAL,C,15000,13.11,0.18,N,3,0.17647058823529413,7083.333333333333,2.1176470588235294,Young,0-2 years,0,0,0.1852743,0,Low Risk
22,35000,RENT,1.0,EDUCATION,C,2400,,0.07,Y,4,0.06857142857142857,2916.6666666666665,0.822857142857143,Young,0-2 years,0,0,0.2106785,0,Low Risk
26,157200,MORTGAGE,1.0,DEBTCONSOLIDATION,B,20000,12.18,0.13,N,3,0.1272264631043257,13100.0,1.5267175572519085,Adult,0-2 years,0,0,0.15565255,0,Low Risk
23,74000,MORTGAGE,7.0,PERSONAL,B,2100,,0.03,N,4,0.02837837837837838,6166.666666666667,0.3405405405405405,Young,6-10 years,0,1,0.23295105,0,Low Risk
26,40000,RENT,4.0,MEDICAL,B,15000,10.99,0.38,N,3,0.375,3333.3333333333335,4.5,Adult,3-5 years,1,1,0.99133354,1,High Risk
32,30000,RENT,1.0,MEDICAL,B,11450,9.99,0.38,N,6,0.38166666666666665,2500.0,4.58,Adult,0-2 years,1,1,0.9943693,1,High Risk
38,72900,RENT,3.0,PERSONAL,C,15000,12.68,0.21,N,12,0.205761316872428,6075.0,2.4691358024691357,Middle Age,3-5 years,0,0,0.13484131,0,Low Risk
28,74600,OWN,12.0,PERSONAL,C,9500,10.78,0.13,N,9,0.12734584450402145,6216.666666666667,1.5281501340482573,Adult,10+ years,0,0,0.0063492167,0,Low Risk
22,58000,RENT,6.0,EDUCATION,B,3000,11.83,0.05,N,2,0.05172413793103448,4833.333333333333,0.6206896551724138,Young,6-10 years,0,0,0.23084863,0,Low Risk
25,54996,RENT,3.0,HOMEIMPROVEMENT,B,12000,10.37,0.22,N,2,0.2181976871045167,4583.0,2.6183722452542004,Young,3-5 years,0,0,0.18523398,0,Low Risk
24,108000,MORTGAGE,3.0,EDUCATION,A,9050,5.42,0.08,N,2,0.0837962962962963,9000.0,1.0055555555555555,Young,3-5 years,0,0,0.01749543,0,Low Risk
30,38000,RENT,2.0,EDUCATION,A,6500,7.14,0.17,N,9,0.17105263157894737,3166.6666666666665,2.0526315789473686,Adult,0-2 years,0,0,0.085829474,0,Low Risk
21,22200,RENT,2.0,DEBTCONSOLIDATION,D,2500,16.29,0.11,Y,2,0.11261261261261261,1850.0,1.3513513513513513,Young,0-2 years,0,1,0.99465126,1,High Risk
29,91200,MORTGAGE,13.0,PERSONAL,B,2000,11.49,0.02,N,8,0.021929824561403508,7600.0,0.2631578947368421,Adult,10+ years,0,0,0.07392422,0,Low Risk
24,72800,MORTGAGE,0.0,HOMEIMPROVEMENT,B,2300,10.62,0.03,N,4,0.03159340659340659,6066.666666666667,0.3791208791208791,Young,0-2 years,0,0,0.27490914,0,Low Risk
27,290000,MORTGAGE,0.0,MEDICAL,B,7875,9.99,0.03,N,6,0.027155172413793102,24166.666666666668,0.3258620689655172,Adult,0-2 years,0,0,0.050803527,0,Low Risk
28,68000,MORTGAGE,12.0,VENTURE,C,3250,13.23,0.05,N,7,0.04779411764705882,5666.666666666667,0.5735294117647058,Adult,10+ years,0,0,0.1512903,0,Low Risk
25,55000,RENT,9.0,EDUCATION,B,9000,10.99,0.16,N,4,0.16363636363636364,4583.333333333333,1.9636363636363638,Young,6-10 years,0,0,0.17184265,0,Low Risk
26,40000,MORTGAGE,10.0,HOMEIMPROVEMENT,C,12000,13.49,0.3,N,2,0.3,3333.3333333333335,3.5999999999999996,Adult,6-10 years,1,0,0.2528,0,Low Risk
24,55000,RENT,3.0,EDUCATION,A,14500,6.62,0.26,N,2,0.2636363636363636,4583.333333333333,3.163636363636364,Young,3-5 years,0,0,0.074661665,0,Low Risk
25,50000,RENT,6.0,MEDICAL,A,4000,6.92,0.08,N,4,0.08,4166.666666666667,0.96,Young,6-10 years,0,0,0.035583798,0,Low Risk
23,25000,RENT,3.0,VENTURE,B,10000,11.83,0.4,N,3,0.4,2083.3333333333335,4.8,Young,3-5 years,1,1,0.99611354,1,High Risk
23,74000,RENT,7.0,DEBTCONSOLIDATION,B,24000,10.99,0.32,N,2,0.32432432432432434,6166.666666666667,3.8918918918918917,Young,6-10 years,1,1,0.99425864,1,High Risk
21,125000,MORTGAGE,0.0,PERSONAL,A,10000,7.51,0.08,N,2,0.08,10416.666666666666,0.9600000000000001,Young,0-2 years,0,0,0.026368119,0,Low Risk
24,120000,RENT,1.0,VENTURE,B,24000,12.69,0.2,N,4,0.2,10000.0,2.4,Young,0-2 years,0,0,0.0249012,0,Low Risk
26,96000,RENT,4.0,PERSONAL,D,1500,,0.02,Y,2,0.015625,8000.0,0.1875,Adult,3-5 years,0,0,0.26385966,0,Low Risk
32,57223,RENT,0.0,PERSONAL,B,15000,11.83,0.26,N,5,0.2621323593659892,4768.583333333333,3.1455883123918706,Adult,0-2 years,0,1,0.28444725,0,Low Risk
42,98603,MORTGAGE,19.0,MEDICAL,C,24250,14.22,0.21,N,14,0.24593572203685488,8216.916666666666,2.9512286644422585,Middle Age,10+ years,0,1,0.32401538,0,Medium Risk
25,62000,RENT,0.0,DEBTCONSOLIDATION,A,7400,6.99,0.12,N,2,0.11935483870967742,5166.666666666667,1.432258064516129,Young,0-2 years,0,0,0.051014464,0,Low Risk
22,25000,OWN,1.0,EDUCATION,A,11100,9.63,0.44,N,3,0.444,2083.3333333333335,5.327999999999999,Young,0-2 years,1,0,0.0057437834,0,Low Risk
31,20400,OWN,0.0,MEDICAL,C,11000,11.03,0.54,Y,10,0.5392156862745098,1700.0,6.470588235294118,Adult,0-2 years,1,0,0.019177223,0,Low Risk
39,44000,RENT,11.0,MEDICAL,D,1800,14.91,0.04,N,17,0.04090909090909091,3666.6666666666665,0.4909090909090909,Middle Age,10+ years,0,1,0.8866467,1,High Risk
36,48686,RENT,21.0,MEDICAL,D,12000,13.99,0.25,N,13,0.24647742677566445,4057.1666666666665,2.9577291213079735,Middle Age,10+ years,0,0,0.94424844,1,High Risk
40,21600,RENT,2.0,HOMEIMPROVEMENT,D,3000,14.09,0.14,Y,13,0.1388888888888889,1800.0,1.6666666666666667,Middle Age,0-2 years,0,1,0.9888299,1,High Risk
21,29004,RENT,0.0,MEDICAL,D,7500,,0.26,Y,2,0.258585022755482,2417.0,3.103020273065784,Young,0-2 years,0,1,0.96011245,1,High Risk
56,71884,OWN,11.0,PERSONAL,B,7425,9.99,0.1,N,24,0.10329141394468866,5990.333333333333,1.2394969673362641,Senior,10+ years,0,0,0.0042173816,0,Low Risk
26,52000,MORTGAGE,10.0,HOMEIMPROVEMENT,B,10750,9.62,0.21,N,2,0.20673076923076922,4333.333333333333,2.480769230769231,Adult,6-10 years,0,0,0.38345113,0,Medium Risk
29,75000,RENT,5.0,VENTURE,A,6400,7.49,0.09,N,8,0.08533333333333333,6250.0,1.024,Adult,3-5 years,0,0,0.005491584,0,Low Risk
27,41500,RENT,0.0,MEDICAL,C,10000,11.09,0.24,Y,6,0.24096385542168675,3458.3333333333335,2.891566265060241,Adult,0-2 years,0,0,0.23675755,0,Low Risk
43,57000,MORTGAGE,0.0,EDUCATION,A,2725,,0.05,N,12,0.04780701754385965,4750.0,0.5736842105263158,Middle Age,0-2 years,0,0,0.13174541,0,Low Risk
23,90000,MORTGAGE,1.0,EDUCATION,A,4000,5.42,0.04,N,3,0.044444444444444446,7500.0,0.5333333333333333,Young,0-2 years,0,0,0.012083514,0,Low Risk
21,60000,RENT,5.0,MEDICAL,B,24000,10.75,0.4,N,2,0.4,5000.0,4.8,Young,3-5 years,1,1,0.99008393,1,High Risk
41,37000,MORTGAGE,3.0,EDUCATION,C,6000,12.99,0.16,N,11,0.16216216216216217,3083.3333333333335,1.9459459459459458,Middle Age,3-5 years,0,0,0.17915875,0,Low Risk
36,53126,RENT,1.0,MEDICAL,D,8000,,0.15,N,11,0.15058540074539772,4427.166666666667,1.8070248089447727,Middle Age,0-2 years,0,1,0.9262282,1,High Risk
21,42000,RENT,5.0,DEBTCONSOLIDATION,A,8500,7.51,0.2,N,4,0.20238095238095238,3500.0,2.4285714285714284,Young,3-5 years,0,0,0.16924055,0,Low Risk
24,37200,RENT,2.0,PERSONAL,B,6000,9.99,0.16,N,3,0.16129032258064516,3100.0,1.935483870967742,Young,0-2 years,0,0,0.25988427,0,Low Risk
25,71328,MORTGAGE,3.0,EDUCATION,D,25000,14.96,0.35,Y,3,0.3504934948407358,5944.0,4.205921938088829,Young,3-5 years,1,0,0.29563892,0,Low Risk
26,73200,MORTGAGE,10.0,VENTURE,C,17500,,0.24,N,3,0.2390710382513661,6100.0,2.8688524590163933,Adult,6-10 years,0,0,0.3297659,0,Medium Risk
23,45000,MORTGAGE,2.0,EDUCATION,B,10000,11.11,0.22,N,3,0.2222222222222222,3750.0,2.6666666666666665,Young,0-2 years,0,0,0.11966972,0,Low Risk
25,125000,MORTGAGE,1.0,EDUCATION,B,20000,11.71,0.16,N,4,0.16,10416.666666666666,1.9200000000000002,Young,0-2 years,0,0,0.09471549,0,Low Risk
22,14400,RENT,0.0,VENTURE,D,4000,14.61,0.28,N,2,0.2777777777777778,1200.0,3.3333333333333335,Young,0-2 years,0,1,0.99778926,1,High Risk
31,117000,MORTGAGE,5.0,HOMEIMPROVEMENT,A,3600,6.91,0.03,N,5,0.03076923076923077,9750.0,0.36923076923076925,Adult,3-5 years,0,0,0.061416,0,Low Risk
24,72000,MORTGAGE,1.0,PERSONAL,A,12000,5.42,0.17,N,2,0.16666666666666666,6000.0,2.0,Young,0-2 years,0,0,0.01849175,0,Low Risk
25,59000,MORTGAGE,4.0,HOMEIMPROVEMENT,C,3600,12.98,0.06,N,3,0.061016949152542375,4916.666666666667,0.7322033898305085,Young,3-5 years,0,1,0.6148996,1,High Risk
22,25000,RENT,0.0,EDUCATION,C,2400,13.61,0.1,N,4,0.096,2083.3333333333335,1.152,Young,0-2 years,0,0,0.15190221,0,Low Risk
28,16000,RENT,2.0,DEBTCONSOLIDATION,E,5000,16.45,0.31,Y,7,0.3125,1333.3333333333333,3.75,Adult,0-2 years,1,1,0.9997924,1,High Risk
33,15600,OWN,1.0,VENTURE,A,5900,,0.38,N,7,0.3782051282051282,1300.0,4.538461538461538,Adult,0-2 years,1,1,0.9961712,1,High Risk
25,50300,MORTGAGE,3.0,HOMEIMPROVEMENT,E,1000,18.39,0.02,Y,3,0.019880715705765408,4191.666666666667,0.23856858846918488,Young,3-5 years,0,0,0.3079818,0,Medium Risk
26,190000,MORTGAGE,3.0,VENTURE,B,20000,12.18,0.11,N,4,0.10526315789473684,15833.333333333334,1.263157894736842,Adult,3-5 years,0,0,0.03630983,0,Low Risk
24,47928,RENT,1.0,MEDICAL,B,6000,12.53,0.13,N,2,0.12518778167250877,3994.0,1.5022533800701052,Young,0-2 years,0,0,0.19114715,0,Low Risk
23,49161,RENT,1.0,HOMEIMPROVEMENT,D,8000,13.17,0.16,Y,4,0.16273061980024817,4096.75,1.952767437602978,Young,0-2 years,0,1,0.99587905,1,High Risk
24,72984,MORTGAGE,3.0,PERSONAL,A,12000,,0.16,N,4,0.1644195988161789,6082.0,1.9730351857941466,Young,3-5 years,0,0,0.082374066,0,Low Risk
33,54000,RENT,1.0,DEBTCONSOLIDATION,D,6500,14.96,0.12,Y,7,0.12037037037037036,4500.0,1.4444444444444444,Adult,0-2 years,0,1,0.9954027,1,High Risk
22,19200,MORTGAGE,3.0,EDUCATION,D,5000,15.33,0.26,Y,2,0.2604166666666667,1600.0,3.125,Young,3-5 years,0,1,0.9398896,1,High Risk
25,57000,OWN,5.0,PERSONAL,C,12000,13.23,0.21,N,3,0.21052631578947367,4750.0,2.526315789473684,Young,3-5 years,0,0,0.002540322,0,Low Risk
34,24000,MORTGAGE,5.0,MEDICAL,B,2000,9.2,0.08,N,7,0.08333333333333333,2000.0,1.0,Adult,3-5 years,0,0,0.23565327,0,Low Risk
35,54000,RENT,1.0,MEDICAL,D,9000,14.46,0.17,N,9,0.16666666666666666,4500.0,2.0,Adult,0-2 years,0,1,0.9889789,1,High Risk
23,100000,MORTGAGE,0.0,VENTURE,A,11000,8.49,0.11,N,2,0.11,8333.333333333334,1.3199999999999998,Young,0-2 years,0,0,0.0029464539,0,Low Risk
35,94000,MORTGAGE,9.0,VENTURE,B,15000,9.88,0.16,N,10,0.1595744680851064,7833.333333333333,1.9148936170212767,Adult,6-10 years,0,0,0.0059232754,0,Low Risk
27,36200,RENT,2.0,DEBTCONSOLIDATION,B,3600,,0.1,N,10,0.09944751381215469,3016.6666666666665,1.1933701657458564,Adult,0-2 years,0,0,0.24644664,0,Low Risk
23,98280,MORTGAGE,7.0,EDUCATION,A,9400,6.62,0.1,N,3,0.09564509564509564,8190.0,1.1477411477411477,Young,6-10 years,0,0,0.017150816,0,Low Risk
25,50000,RENT,0.0,HOMEIMPROVEMENT,B,6400,9.91,0.13,N,4,0.128,4166.666666666667,1.5359999999999998,Young,0-2 years,0,0,0.09678388,0,Low Risk
27,116899,MORTGAGE,12.0,DEBTCONSOLIDATION,B,12000,10.75,0.1,N,7,0.10265271730297094,9741.583333333334,1.2318326076356512,Adult,10+ years,0,1,0.11449346,0,Low Risk
24,90000,MORTGAGE,8.0,HOMEIMPROVEMENT,E,24000,17.56,0.27,N,3,0.26666666666666666,7500.0,3.2,Young,6-10 years,0,0,0.3539703,0,Medium Risk
23,80000,MORTGAGE,7.0,VENTURE,B,22000,10.65,0.28,N,2,0.275,6666.666666666667,3.3,Young,6-10 years,0,0,0.008656073,0,Low Risk
25,70550,RENT,6.0,MEDICAL,E,10000,16.77,0.12,N,3,0.14174344436569808,5879.166666666667,1.700921332388377,Young,6-10 years,0,1,0.94130445,1,High Risk
28,48996,RENT,8.0,MEDICAL,D,15000,14.09,0.31,Y,5,0.3061474406073965,4083.0,3.673769287288758,Adult,6-10 years,1,1,0.9907376,1,High Risk
26,60000,MORTGAGE,10.0,MEDICAL,A,12500,6.92,0.21,N,3,0.20833333333333334,5000.0,2.5,Adult,6-10 years,0,0,0.10648309,0,Low Risk
29,220000,MORTGAGE,0.0,EDUCATION,A,2500,6.99,0.01,N,5,0.011363636363636364,18333.333333333332,0.13636363636363638,Adult,0-2 years,0,0,0.017968414,0,Low Risk
34,138000,MORTGAGE,18.0,HOMEIMPROVEMENT,E,2400,19.91,0.02,Y,7,0.017391304347826087,11500.0,0.20869565217391303,Adult,10+ years,0,1,0.4919578,0,Medium Risk
41,120000,MORTGAGE,8.0,MEDICAL,B,20000,10.25,0.17,N,11,0.16666666666666666,10000.0,2.0,Middle Age,6-10 years,0,0,0.05721788,0,Low Risk
23,68000,MORTGAGE,5.0,MEDICAL,B,11500,9.99,0.17,N,2,0.16911764705882354,5666.666666666667,2.0294117647058822,Young,3-5 years,0,0,0.18745913,0,Low Risk
23,86000,MORTGAGE,2.0,PERSONAL,A,15000,6.03,0.17,N,2,0.1744186046511628,7166.666666666667,2.093023255813953,Young,0-2 years,0,0,0.019757485,0,Low Risk
21,28000,RENT,1.0,HOMEIMPROVEMENT,C,9700,11.34,0.35,N,2,0.3464285714285714,2333.3333333333335,4.157142857142857,Young,0-2 years,1,1,0.999151,1,High Risk
24,12000,OWN,4.0,VENTURE,B,2500,12.69,0.21,N,3,0.20833333333333334,1000.0,2.5,Young,3-5 years,0,1,0.9975497,1,High Risk
25,49000,RENT,5.0,MEDICAL,B,15000,12.18,0.31,N,4,0.30612244897959184,4083.3333333333335,3.673469387755102,Young,3-5 years,1,1,0.98688865,1,High Risk
24,56000,RENT,0.0,EDUCATION,B,12800,,0.23,N,4,0.22857142857142856,4666.666666666667,2.742857142857143,Young,0-2 years,0,0,0.22671428,0,Low Risk
23,65000,RENT,7.0,VENTURE,B,20000,11.49,0.31,N,3,0.3076923076923077,5416.666666666667,3.692307692307692,Young,6-10 years,1,1,0.98093694,1,High Risk
23,24000,OWN,5.0,VENTURE,A,12000,,0.5,N,4,0.5,2000.0,6.0,Young,3-5 years,1,0,0.0072199595,0,Low Risk
27,28000,RENT,8.0,MEDICAL,A,12000,7.51,0.43,N,9,0.42857142857142855,2333.3333333333335,5.142857142857142,Adult,6-10 years,1,1,0.9920398,1,High Risk
54,39000,MORTGAGE,4.0,PERSONAL,B,20000,10.71,0.51,N,19,0.5128205128205128,3250.0,6.153846153846154,Senior,3-5 years,1,0,0.45505187,0,Medium Risk
30,40000,RENT,13.0,EDUCATION,B,12000,9.2,0.3,N,8,0.3,3333.3333333333335,3.5999999999999996,Adult,10+ years,1,0,0.11803114,0,Low Risk
23,66000,RENT,1.0,EDUCATION,C,14000,12.99,0.21,N,3,0.21212121212121213,5500.0,2.5454545454545454,Young,0-2 years,0,0,0.17803271,0,Low Risk
23,60000,RENT,2.0,DEBTCONSOLIDATION,A,5000,6.91,0.08,N,3,0.08333333333333333,5000.0,1.0,Young,0-2 years,0,0,0.07148409,0,Low Risk
30,42000,RENT,1.0,DEBTCONSOLIDATION,A,4000,7.88,0.1,N,6,0.09523809523809523,3500.0,1.1428571428571428,Adult,0-2 years,0,0,0.12031102,0,Low Risk
23,42000,RENT,7.0,VENTURE,C,15000,13.49,0.36,N,3,0.35714285714285715,3500.0,4.285714285714286,Young,6-10 years,1,1,0.9901974,1,High Risk
26,35000,RENT,9.0,MEDICAL,C,2000,13.99,0.06,N,2,0.05714285714285714,2916.6666666666665,0.6857142857142857,Adult,6-10 years,0,0,0.17356469,0,Low Risk
36,70000,MORTGAGE,6.0,DEBTCONSOLIDATION,A,6000,5.42,0.09,N,16,0.08571428571428572,5833.333333333333,1.0285714285714287,Middle Age,6-10 years,0,0,0.04436925,0,Low Risk
23,49000,MORTGAGE,6.0,DEBTCONSOLIDATION,A,9600,5.42,0.2,N,3,0.19591836734693877,4083.3333333333335,2.351020408163265,Young,6-10 years,0,0,0.20661487,0,Low Risk
26,53595,MORTGAGE,3.0,PERSONAL,A,6000,7.88,0.11,N,2,0.11195074167366359,4466.25,1.343408900083963,Adult,3-5 years,0,0,0.08476834,0,Low Risk
25,84000,MORTGAGE,8.0,VENTURE,B,6000,10.62,0.07,N,4,0.07142857142857142,7000.0,0.8571428571428571,Young,6-10 years,0,0,0.008506954,0,Low Risk
36,62000,RENT,3.0,DEBTCONSOLIDATION,B,8000,11.12,0.13,N,13,0.12903225806451613,5166.666666666667,1.5483870967741935,Middle Age,3-5 years,0,0,0.13146688,0,Low Risk
29,55000,MORTGAGE,1.0,VENTURE,A,12625,7.9,0.23,N,6,0.22954545454545455,4583.333333333333,2.754545454545455,Adult,0-2 years,0,0,0.0056976485,0,Low Risk
27,40000,RENT,0.0,DEBTCONSOLIDATION,A,4800,,0.12,N,8,0.12,3333.3333333333335,1.44,Adult,0-2 years,0,0,0.050062325,0,Low Risk
21,41000,RENT,5.0,VENTURE,A,7000,5.79,0.17,N,2,0.17073170731707318,3416.6666666666665,2.048780487804878,Young,3-5 years,0,0,0.007582184,0,Low Risk
22,44000,RENT,3.0,HOMEIMPROVEMENT,C,3600,13.43,0.08,Y,2,0.08181818181818182,3666.6666666666665,0.9818181818181818,Young,3-5 years,0,1,0.98563045,1,High Risk
24,80000,MORTGAGE,8.0,MEDICAL,A,9000,,0.11,N,4,0.1125,6666.666666666667,1.3499999999999999,Young,6-10 years,0,0,0.05353182,0,Low Risk
26,73440,OWN,1.0,PERSONAL,B,35000,9.91,0.48,N,2,0.47657952069716775,6120.0,5.718954248366013,Adult,0-2 years,1,0,0.020234639,0,Low Risk
22,60000,RENT,5.0,MEDICAL,A,15000,,0.25,N,4,0.25,5000.0,3.0,Young,3-5 years,0,0,0.065117605,0,Low Risk
23,114000,MORTGAGE,7.0,EDUCATION,C,8000,12.68,0.07,N,4,0.07017543859649122,9500.0,0.8421052631578947,Young,6-10 years,0,0,0.11216953,0,Low Risk
24,32000,RENT,5.0,MEDICAL,C,1900,13.49,0.06,Y,2,0.059375,2666.6666666666665,0.7125,Young,3-5 years,0,0,0.42724487,0,Medium Risk
35,45000,MORTGAGE,4.0,DEBTCONSOLIDATION,A,7500,7.29,0.17,N,9,0.16666666666666666,3750.0,2.0,Adult,3-5 years,0,0,0.047644686,0,Low Risk
24,56100,RENT,7.0,MEDICAL,D,25000,16.49,0.38,N,4,0.44563279857397503,4675.0,5.347593582887701,Young,6-10 years,1,1,0.9978405,1,High Risk
24,40000,RENT,3.0,VENTURE,A,11800,6.92,0.29,N,4,0.295,3333.3333333333335,3.54,Young,3-5 years,0,0,0.014082906,0,Low Risk
25,21500,RENT,2.0,MEDICAL,C,7500,11.34,0.35,N,2,0.3488372093023256,1791.6666666666667,4.186046511627906,Young,0-2 years,1,1,0.99187016,1,High Risk
23,90000,MORTGAGE,7.0,VENTURE,A,4900,6.99,0.05,N,2,0.05444444444444444,7500.0,0.6533333333333333,Young,6-10 years,0,0,0.0022821135,0,Low Risk
25,80000,MORTGAGE,5.0,DEBTCONSOLIDATION,A,18000,5.79,0.23,N,2,0.225,6666.666666666667,2.6999999999999997,Young,3-5 years,0,0,0.030126262,0,Low Risk
78,48000,RENT,41.0,MEDICAL,A,3000,7.51,0.06,N,25,0.0625,4000.0,0.75,Senior,10+ years,0,0,0.23282364,0,Low Risk
32,40000,RENT,2.0,EDUCATION,A,7500,8.0,0.19,N,6,0.1875,3333.3333333333335,2.25,Adult,0-2 years,0,0,0.065764524,0,Low Risk
24,40000,MORTGAGE,3.0,VENTURE,B,3200,10.99,0.08,N,2,0.08,3333.3333333333335,0.96,Young,3-5 years,0,0,0.011273916,0,Low Risk
43,36000,MORTGAGE,5.0,VENTURE,B,5000,9.91,0.14,N,17,0.1388888888888889,3000.0,1.6666666666666667,Middle Age,3-5 years,0,0,0.008662855,0,Low Risk
21,90996,MORTGAGE,5.0,PERSONAL,B,6000,9.99,0.07,N,2,0.06593696426216537,7583.0,0.7912435711459844,Young,3-5 years,0,0,0.04774902,0,Low Risk
23,46500,MORTGAGE,1.0,MEDICAL,A,5000,7.49,0.11,N,3,0.10752688172043011,3875.0,1.2903225806451613,Young,0-2 years,0,1,0.20829761,0,Low Risk
29,38000,MORTGAGE,5.0,EDUCATION,A,8000,8.59,0.21,N,6,0.21052631578947367,3166.6666666666665,2.5263157894736845,Adult,3-5 years,0,0,0.17360513,0,Low Risk
33,77000,MORTGAGE,9.0,PERSONAL,A,12000,7.29,0.16,N,10,0.15584415584415584,6416.666666666667,1.87012987012987,Adult,6-10 years,0,0,0.03937914,0,Low Risk
37,145124,MORTGAGE,21.0,PERSONAL,B,11375,10.99,0.08,N,14,0.07838124638240401,12093.666666666666,0.9405749565888482,Middle Age,10+ years,0,1,0.44882685,0,Medium Risk
26,30000,RENT,6.0,MEDICAL,B,11700,11.71,0.39,N,2,0.39,2500.0,4.68,Adult,6-10 years,1,1,0.99455774,1,High Risk
38,17280,OWN,0.0,VENTURE,D,1000,16.29,0.06,Y,13,0.05787037037037037,1440.0,0.6944444444444444,Middle Age,0-2 years,0,0,0.057606805,0,Low Risk
30,54000,MORTGAGE,5.0,EDUCATION,A,5000,7.88,0.09,N,5,0.09259259259259259,4500.0,1.1111111111111112,Adult,3-5 years,0,0,0.20821708,0,Low Risk
26,42000,RENT,1.0,VENTURE,D,1500,14.61,0.04,Y,3,0.03571428571428571,3500.0,0.42857142857142855,Adult,0-2 years,0,1,0.93565184,1,High Risk
26,80600,MORTGAGE,10.0,HOMEIMPROVEMENT,B,9600,,0.12,N,3,0.11910669975186104,6716.666666666667,1.4292803970223324,Adult,6-10 years,0,0,0.17185542,0,Low Risk
27,70000,RENT,4.0,HOMEIMPROVEMENT,B,3700,,0.05,N,5,0.05285714285714286,5833.333333333333,0.6342857142857143,Adult,3-5 years,0,1,0.104174115,0,Low Risk
29,60000,MORTGAGE,2.0,HOMEIMPROVEMENT,A,1500,6.03,0.03,N,9,0.025,5000.0,0.3,Adult,0-2 years,0,0,0.05515181,0,Low Risk
24,38000,MORTGAGE,3.0,HOMEIMPROVEMENT,B,16000,10.99,0.42,N,3,0.42105263157894735,3166.6666666666665,5.052631578947369,Young,3-5 years,1,0,0.28613526,0,Low Risk
32,37500,RENT,6.0,MEDICAL,A,5000,6.03,0.13,N,9,0.13333333333333333,3125.0,1.6,Adult,6-10 years,0,0,0.0980127,0,Low Risk
25,55000,MORTGAGE,2.0,EDUCATION,E,14000,15.68,0.25,Y,4,0.2545454545454545,4583.333333333333,3.0545454545454547,Young,0-2 years,0,0,0.5677035,1,Medium Risk
28,50000,MORTGAGE,12.0,EDUCATION,C,18000,13.49,0.36,Y,7,0.36,4166.666666666667,4.319999999999999,Adult,10+ years,1,0,0.2299724,0,Low Risk
22,52000,MORTGAGE,2.0,MEDICAL,B,18000,9.88,0.35,N,4,0.34615384615384615,4333.333333333333,4.153846153846154,Young,0-2 years,1,0,0.29729816,0,Low Risk
28,350000,RENT,1.0,DEBTCONSOLIDATION,B,20000,,0.06,N,9,0.05714285714285714,29166.666666666668,0.6857142857142857,Adult,0-2 years,0,0,0.09928843,0,Low Risk
23,33000,RENT,0.0,EDUCATION,B,4600,11.71,0.14,N,3,0.1393939393939394,2750.0,1.6727272727272726,Young,0-2 years,0,0,0.39481178,0,Medium Risk
22,37008,RENT,2.0,EDUCATION,B,3600,12.42,0.1,N,4,0.09727626459143969,3084.0,1.1673151750972763,Young,0-2 years,0,0,0.17717001,0,Low Risk
27,31200,RENT,4.0,MEDICAL,A,10000,8.0,0.32,N,9,0.32051282051282054,2600.0,3.8461538461538463,Adult,3-5 years,1,1,0.9878862,1,High Risk
27,18000,MORTGAGE,0.0,VENTURE,A,2000,7.88,0.11,N,5,0.1111111111111111,1500.0,1.3333333333333333,Adult,0-2 years,0,0,0.115873665,0,Low Risk
27,33000,RENT,2.0,MEDICAL,D,7500,15.65,0.23,Y,7,0.22727272727272727,2750.0,2.727272727272727,Adult,0-2 years,0,1,0.98350185,1,High Risk
24,45996,RENT,1.0,MEDICAL,C,13000,13.47,0.28,Y,2,0.28263327245847464,3833.0,3.391599269501696,Young,0-2 years,0,1,0.19583364,0,Low Risk
22,29000,RENT,2.0,EDUCATION,B,10500,9.99,0.36,N,3,0.3620689655172414,2416.6666666666665,4.344827586206897,Young,0-2 years,1,1,0.9949202,1,High Risk
26,8400,RENT,,EDUCATION,A,3500,7.29,0.42,N,3,0.4166666666666667,700.0,5.0,Adult,,1,1,0.9994771,1,High Risk
23,42806,MORTGAGE,7.0,EDUCATION,A,1000,7.51,0.02,N,2,0.02336121104518058,3567.1666666666665,0.280334532542167,Young,6-10 years,0,0,0.20369615,0,Low Risk
39,45000,MORTGAGE,4.0,VENTURE,A,8625,,0.19,N,13,0.19166666666666668,3750.0,2.3,Middle Age,3-5 years,0,0,0.0063979467,0,Low Risk
27,61584,RENT,3.0,VENTURE,D,15000,15.21,0.24,N,6,0.24356975837879968,5132.0,2.922837100545596,Adult,3-5 years,0,0,0.34651595,0,Medium Risk
35,105000,RENT,11.0,VENTURE,C,7250,,0.07,Y,5,0.06904761904761905,8750.0,0.8285714285714286,Adult,10+ years,0,0,0.17712364,0,Low Risk
28,170000,MORTGAGE,0.0,EDUCATION,A,10000,,0.06,N,5,0.058823529411764705,14166.666666666666,0.7058823529411765,Adult,0-2 years,0,0,0.05721668,0,Low Risk
27,25200,RENT,,PERSONAL,D,3000,15.58,0.12,Y,6,0.11904761904761904,2100.0,1.4285714285714286,Adult,,0,1,0.92879456,1,High Risk
33,95000,MORTGAGE,17.0,MEDICAL,A,12000,7.29,0.13,N,6,0.12631578947368421,7916.666666666667,1.5157894736842106,Adult,10+ years,0,0,0.017325098,0,Low Risk
21,34800,RENT,3.0,MEDICAL,B,2000,11.71,0.06,N,3,0.05747126436781609,2900.0,0.6896551724137931,Young,3-5 years,0,0,0.41966826,0,Medium Risk
29,218000,MORTGAGE,1.0,DEBTCONSOLIDATION,F,25000,19.04,0.11,Y,9,0.11467889908256881,18166.666666666668,1.3761467889908257,Adult,0-2 years,0,1,0.9375671,1,High Risk
23,91000,MORTGAGE,4.0,VENTURE,E,8000,17.19,0.09,N,4,0.08791208791208792,7583.333333333333,1.054945054945055,Young,3-5 years,0,0,0.2112856,0,Low Risk
23,85000,MORTGAGE,8.0,EDUCATION,C,5000,14.35,0.06,N,3,0.058823529411764705,7083.333333333333,0.7058823529411765,Young,6-10 years,0,0,0.09417121,0,Low Risk
36,61000,MORTGAGE,2.0,DEBTCONSOLIDATION,B,10000,10.25,0.16,N,12,0.16393442622950818,5083.333333333333,1.9672131147540985,Middle Age,0-2 years,0,0,0.14020643,0,Low Risk
25,44400,RENT,4.0,PERSONAL,D,2100,17.27,0.05,N,4,0.0472972972972973,3700.0,0.5675675675675675,Young,3-5 years,0,0,0.6036475,1,High Risk
26,96000,RENT,0.0,HOMEIMPROVEMENT,B,1000,10.36,0.01,N,3,0.010416666666666666,8000.0,0.125,Adult,0-2 years,0,0,0.04896132,0,Low Risk
28,60589,MORTGAGE,1.0,HOMEIMPROVEMENT,B,2650,9.88,0.04,N,10,0.04373731205334302,5049.083333333333,0.5248477446401162,Adult,0-2 years,0,0,0.16070715,0,Low Risk
24,56500,RENT,1.0,HOMEIMPROVEMENT,B,10000,,0.18,N,4,0.17699115044247787,4708.333333333333,2.1238938053097347,Young,0-2 years,0,0,0.33168662,0,Medium Risk
25,15996,RENT,1.0,EDUCATION,C,2000,13.48,0.13,Y,4,0.12503125781445362,1333.0,1.5003750937734435,Young,0-2 years,0,0,0.29970366,0,Low Risk
23,45000,RENT,4.0,EDUCATION,B,12000,12.69,0.27,N,4,0.26666666666666666,3750.0,3.2,Young,3-5 years,0,0,0.14946242,0,Low Risk
34,94000,MORTGAGE,3.0,MEDICAL,A,15000,6.54,0.16,N,5,0.1595744680851064,7833.333333333333,1.9148936170212767,Adult,3-5 years,0,0,0.013275068,0,Low Risk
25,36000,RENT,9.0,DEBTCONSOLIDATION,C,6000,14.72,0.17,N,2,0.16666666666666666,3000.0,2.0,Young,6-10 years,0,0,0.42036715,0,Medium Risk
25,40000,RENT,6.0,MEDICAL,B,10000,10.0,0.25,N,4,0.25,3333.3333333333335,3.0,Young,6-10 years,0,0,0.08756633,0,Low Risk
25,29000,RENT,3.0,DEBTCONSOLIDATION,D,5000,15.7,0.17,Y,3,0.1724137931034483,2416.6666666666665,2.0689655172413794,Young,3-5 years,0,1,0.99155736,1,High Risk
24,69000,RENT,0.0,HOMEIMPROVEMENT,E,20000,14.82,0.29,N,4,0.2898550724637681,5750.0,3.4782608695652173,Young,0-2 years,0,1,0.9609424,1,High Risk
23,69500,RENT,3.0,VENTURE,E,20000,17.74,0.29,Y,2,0.28776978417266186,5791.666666666667,3.4532374100719423,Young,3-5 years,0,0,0.43255618,0,Medium Risk
27,120000,OWN,11.0,MEDICAL,B,4800,10.99,0.04,N,10,0.04,10000.0,0.48,Adult,10+ years,0,0,0.0036951255,0,Low Risk
56,59200,RENT,1.0,DEBTCONSOLIDATION,C,10000,13.61,0.17,Y,20,0.16891891891891891,4933.333333333333,2.027027027027027,Senior,0-2 years,0,0,0.49785691,0,Medium Risk
22,60000,RENT,3.0,PERSONAL,C,5000,14.22,0.08,N,4,0.08333333333333333,5000.0,1.0,Young,3-5 years,0,0,0.17029136,0,Low Risk
23,45000,RENT,7.0,PERSONAL,C,15000,12.84,0.33,N,3,0.3333333333333333,3750.0,4.0,Young,6-10 years,1,1,0.9877943,1,High Risk
34,38400,MORTGAGE,,EDUCATION,B,6500,9.25,0.17,N,10,0.16927083333333334,3200.0,2.03125,Adult,,0,0,0.16321601,0,Low Risk
30,138000,MORTGAGE,3.0,EDUCATION,E,23975,17.93,0.17,N,7,0.17373188405797102,11500.0,2.0847826086956522,Adult,3-5 years,0,1,0.31915843,0,Medium Risk
30,50000,OWN,3.0,HOMEIMPROVEMENT,A,5000,5.99,0.1,N,10,0.1,4166.666666666667,1.2,Adult,3-5 years,0,0,0.001113924,0,Low Risk
28,40000,RENT,12.0,PERSONAL,B,1000,9.88,0.03,N,9,0.025,3333.3333333333335,0.3,Adult,10+ years,0,0,0.07549065,0,Low Risk
31,144000,RENT,0.0,EDUCATION,G,13000,21.21,0.09,N,6,0.09027777777777778,12000.0,1.0833333333333333,Adult,0-2 years,0,1,0.9878763,1,High Risk
25,66000,OWN,9.0,PERSONAL,A,15000,7.49,0.23,N,4,0.22727272727272727,5500.0,2.727272727272727,Young,6-10 years,0,0,0.008275186,0,Low Risk
22,96000,MORTGAGE,3.0,EDUCATION,C,11400,13.04,0.12,Y,2,0.11875,8000.0,1.425,Young,3-5 years,0,0,0.097387046,0,Low Risk
24,95000,OWN,8.0,PERSONAL,C,4800,13.43,0.05,N,3,0.05052631578947368,7916.666666666667,0.6063157894736841,Young,6-10 years,0,0,0.0020256967,0,Low Risk
26,132000,MORTGAGE,3.0,EDUCATION,A,10200,7.9,0.08,N,2,0.07727272727272727,11000.0,0.9272727272727272,Adult,3-5 years,0,0,0.04095473,0,Low Risk
35,30996,RENT,18.0,EDUCATION,C,4200,14.79,0.14,Y,6,0.13550135501355012,2583.0,1.6260162601626016,Adult,10+ years,0,0,0.4199556,0,Medium Risk
25,29000,RENT,2.0,VENTURE,C,2500,12.84,0.09,N,3,0.08620689655172414,2416.6666666666665,1.0344827586206897,Young,0-2 years,0,1,0.43643194,0,Medium Risk
23,40000,RENT,4.0,MEDICAL,B,7000,11.58,0.17,N,3,0.175,3333.3333333333335,2.1,Young,3-5 years,0,0,0.15679644,0,Low Risk
22,57000,MORTGAGE,1.0,VENTURE,A,3200,5.99,0.06,N,4,0.056140350877192984,4750.0,0.6736842105263158,Young,0-2 years,0,0,0.005077326,0,Low Risk
36,25000,MORTGAGE,0.0,MEDICAL,B,3000,8.7,0.12,N,14,0.12,2083.3333333333335,1.44,Middle Age,0-2 years,0,0,0.3283696,0,Medium Risk
36,39000,MORTGAGE,8.0,VENTURE,A,7000,5.79,0.18,N,17,0.1794871794871795,3250.0,2.1538461538461537,Middle Age,6-10 years,0,0,0.007878798,0,Low Risk
27,160000,MORTGAGE,4.0,HOMEIMPROVEMENT,B,25000,10.99,0.16,N,10,0.15625,13333.333333333334,1.875,Adult,3-5 years,0,0,0.110367335,0,Low Risk
22,53000,MORTGAGE,7.0,EDUCATION,A,2500,7.4,0.05,N,3,0.04716981132075472,4416.666666666667,0.5660377358490566,Young,6-10 years,0,0,0.09923497,0,Low Risk
29,50000,MORTGAGE,0.0,HOMEIMPROVEMENT,B,3575,11.49,0.07,N,6,0.0715,4166.666666666667,0.858,Adult,0-2 years,0,0,0.13493423,0,Low Risk
26,100000,RENT,5.0,PERSONAL,C,24000,12.73,0.24,N,4,0.24,8333.333333333334,2.88,Adult,3-5 years,0,0,0.1603597,0,Low Risk
40,108000,RENT,10.0,HOMEIMPROVEMENT,B,9000,11.86,0.08,N,12,0.08333333333333333,9000.0,1.0,Middle Age,6-10 years,0,1,0.50189126,1,Medium Risk
41,66000,MORTGAGE,20.0,VENTURE,A,10000,6.62,0.15,N,12,0.15151515151515152,5500.0,1.8181818181818181,Middle Age,10+ years,0,0,0.0027105466,0,Low Risk
26,70000,RENT,4.0,MEDICAL,A,6000,6.17,0.09,N,4,0.08571428571428572,5833.333333333333,1.0285714285714287,Adult,3-5 years,0,0,0.02228947,0,Low Risk
26,36000,MORTGAGE,3.0,EDUCATION,B,11000,10.59,0.31,N,4,0.3055555555555556,3000.0,3.6666666666666665,Adult,3-5 years,1,1,0.34948662,0,Medium Risk
22,48000,MORTGAGE,5.0,PERSONAL,B,3000,,0.06,N,3,0.0625,4000.0,0.75,Young,3-5 years,0,0,0.2110571,0,Low Risk
23,113000,MORTGAGE,2.0,VENTURE,A,22400,7.49,0.2,N,2,0.19823008849557522,9416.666666666666,2.3787610619469026,Young,0-2 years,0,0,0.00541885,0,Low Risk
27,30000,OWN,6.0,EDUCATION,D,1800,14.84,0.06,Y,5,0.06,2500.0,0.72,Adult,6-10 years,0,0,0.0064716646,0,Low Risk
23,35004,RENT,1.0,EDUCATION,B,6000,,0.17,N,2,0.17140898183064793,2917.0,2.0569077819677752,Young,0-2 years,0,0,0.13228008,0,Low Risk
30,48564,RENT,3.0,VENTURE,B,15000,10.75,0.31,N,9,0.30887076847047196,4047.0,3.7064492216456633,Adult,3-5 years,1,1,0.98602945,1,High Risk
25,75000,MORTGAGE,4.0,VENTURE,B,24000,9.91,0.32,N,2,0.32,6250.0,3.84,Young,3-5 years,1,0,0.022807013,0,Low Risk
36,80000,RENT,7.0,HOMEIMPROVEMENT,C,6000,12.87,0.07,N,16,0.075,6666.666666666667,0.8999999999999999,Middle Age,6-10 years,0,0,0.0990315,0,Low Risk
33,77100,RENT,6.0,DEBTCONSOLIDATION,A,35000,8.49,0.45,N,9,0.45395590142671854,6425.0,5.447470817120623,Adult,6-10 years,1,1,0.9924725,1,High Risk
25,39000,RENT,4.0,MEDICAL,A,4000,7.88,0.1,N,4,0.10256410256410256,3250.0,1.2307692307692308,Young,3-5 years,0,0,0.28021368,0,Low Risk
25,40000,RENT,1.0,VENTURE,B,6500,11.89,0.16,N,3,0.1625,3333.3333333333335,1.95,Young,0-2 years,0,0,0.014855518,0,Low Risk
25,84000,RENT,5.0,DEBTCONSOLIDATION,B,9000,11.36,0.11,N,2,0.10714285714285714,7000.0,1.2857142857142858,Young,3-5 years,0,0,0.13146487,0,Low Risk
25,65004,MORTGAGE,9.0,MEDICAL,A,4500,6.92,0.07,N,2,0.06922650913789921,5417.0,0.8307181096547904,Young,6-10 years,0,0,0.06984827,0,Low Risk
28,60000,OWN,0.0,VENTURE,B,7000,11.11,0.12,N,5,0.11666666666666667,5000.0,1.4,Adult,0-2 years,0,0,0.0004343706,0,Low Risk
27,45500,RENT,2.0,EDUCATION,B,5000,11.71,0.11,N,5,0.10989010989010989,3791.6666666666665,1.3186813186813187,Adult,0-2 years,0,0,0.20896235,0,Low Risk
23,35000,MORTGAGE,7.0,DEBTCONSOLIDATION,B,12000,12.42,0.34,N,2,0.34285714285714286,2916.6666666666665,4.114285714285715,Young,6-10 years,1,0,0.507208,1,Medium Risk
35,46000,RENT,3.0,MEDICAL,E,10000,17.14,0.22,N,5,0.21739130434782608,3833.3333333333335,2.608695652173913,Adult,3-5 years,0,0,0.86631805,1,High Risk
61,53000,MORTGAGE,3.0,PERSONAL,A,7000,7.49,0.13,N,23,0.1320754716981132,4416.666666666667,1.5849056603773584,Senior,3-5 years,0,0,0.03603004,0,Low Risk
22,48000,RENT,0.0,DEBTCONSOLIDATION,C,17750,13.49,0.37,N,4,0.3697916666666667,4000.0,4.4375,Young,0-2 years,1,1,0.9907108,1,High Risk
22,32376,RENT,1.0,EDUCATION,C,10000,13.61,0.31,Y,4,0.30887076847047196,2698.0,3.7064492216456633,Young,0-2 years,1,1,0.98782235,1,High Risk
24,72000,MORTGAGE,8.0,VENTURE,B,18000,11.86,0.25,N,4,0.25,6000.0,3.0,Young,6-10 years,0,0,0.018051557,0,Low Risk
24,82308,RENT,4.0,HOMEIMPROVEMENT,B,15125,10.36,0.18,N,4,0.18376099528599893,6859.0,2.2051319434319874,Young,3-5 years,0,0,0.10600472,0,Low Risk
29,83000,MORTGAGE,13.0,DEBTCONSOLIDATION,A,7500,8.9,0.09,N,6,0.09036144578313253,6916.666666666667,1.0843373493975903,Adult,10+ years,0,0,0.11632889,0,Low Risk
32,43625,RENT,2.0,EDUCATION,B,1500,,0.03,N,6,0.034383954154727794,3635.4166666666665,0.41260744985673353,Adult,0-2 years,0,0,0.2279463,0,Low Risk
30,232050,MORTGAGE,14.0,MEDICAL,E,25000,17.93,0.09,Y,9,0.10773540185304892,19337.5,1.292824822236587,Adult,10+ years,0,1,0.95088947,1,High Risk
39,80000,OWN,0.0,MEDICAL,C,5000,11.22,0.06,N,13,0.0625,6666.666666666667,0.75,Middle Age,0-2 years,0,0,0.0022024582,0,Low Risk
40,55000,RENT,14.0,EDUCATION,A,18000,7.88,0.33,N,14,0.32727272727272727,4583.333333333333,3.9272727272727277,Middle Age,10+ years,1,1,0.9832976,1,High Risk
22,24702,RENT,,EDUCATION,C,2000,13.23,0.08,Y,4,0.08096510404015869,2058.5,0.9715812484819043,Young,,0,0,0.25637826,0,Low Risk
27,40000,RENT,11.0,DEBTCONSOLIDATION,A,20000,6.91,0.5,N,8,0.5,3333.3333333333335,6.0,Adult,10+ years,1,1,0.9910828,1,High Risk
23,31000,RENT,1.0,PERSONAL,D,1000,14.96,0.03,Y,3,0.03225806451612903,2583.3333333333335,0.3870967741935484,Young,0-2 years,0,1,0.9777533,1,High Risk
30,92700,RENT,1.0,VENTURE,B,15000,11.99,0.16,N,5,0.16181229773462782,7725.0,1.941747572815534,Adult,0-2 years,0,0,0.012837326,0,Low Risk
23,54996,MORTGAGE,7.0,PERSONAL,C,8000,14.35,0.15,N,4,0.14546512473634446,4583.0,1.7455814968361336,Young,6-10 years,0,0,0.26191118,0,Low Risk
24,24000,RENT,3.0,PERSONAL,B,12000,10.36,0.5,N,4,0.5,2000.0,6.0,Young,3-5 years,1,1,0.9951698,1,High Risk
24,21000,RENT,0.0,DEBTCONSOLIDATION,C,4000,13.43,0.19,N,4,0.19047619047619047,1750.0,2.2857142857142856,Young,0-2 years,0,0,0.24006625,0,Low Risk
22,24000,RENT,2.0,HOMEIMPROVEMENT,B,6000,12.18,0.25,N,3,0.25,2000.0,3.0,Young,0-2 years,0,1,0.97740173,1,High Risk
28,24000,RENT,0.0,PERSONAL,C,10000,12.87,0.42,Y,10,0.4166666666666667,2000.0,5.0,Adult,0-2 years,1,1,0.99491125,1,High Risk
27,72000,RENT,4.0,HOMEIMPROVEMENT,C,20000,13.22,0.28,N,9,0.2777777777777778,6000.0,3.3333333333333335,Adult,3-5 years,0,1,0.40474093,0,Medium Risk
26,41500,RENT,9.0,EDUCATION,A,11400,7.66,0.27,N,3,0.2746987951807229,3458.3333333333335,3.2963855421686747,Adult,6-10 years,0,0,0.18461308,0,Low Risk
25,108000,MORTGAGE,8.0,VENTURE,A,15000,6.62,0.14,N,2,0.1388888888888889,9000.0,1.6666666666666667,Young,6-10 years,0,0,0.0044456352,0,Low Risk
26,68000,MORTGAGE,3.0,DEBTCONSOLIDATION,A,10000,5.79,0.15,N,2,0.14705882352941177,5666.666666666667,1.7647058823529411,Adult,3-5 years,0,0,0.020031242,0,Low Risk
23,55000,RENT,7.0,PERSONAL,C,8200,13.11,0.15,Y,3,0.14909090909090908,4583.333333333333,1.7890909090909093,Young,6-10 years,0,0,0.17804871,0,Low Risk
24,85000,MORTGAGE,2.0,PERSONAL,B,9600,10.37,0.11,N,4,0.11294117647058824,7083.333333333333,1.355294117647059,Young,0-2 years,0,0,0.07001511,0,Low Risk
22,95000,RENT,0.0,EDUCATION,A,5750,,0.06,N,3,0.060526315789473685,7916.666666666667,0.7263157894736841,Young,0-2 years,0,0,0.020556897,0,Low Risk
22,36500,RENT,0.0,VENTURE,A,18725,6.54,0.51,N,3,0.513013698630137,3041.6666666666665,6.156164383561644,Young,0-2 years,1,1,0.99614465,1,High Risk
22,27000,RENT,5.0,PERSONAL,B,2925,10.71,0.11,N,4,0.10833333333333334,2250.0,1.3,Young,3-5 years,0,0,0.33798763,0,Medium Risk
24,70000,RENT,8.0,VENTURE,C,4000,13.49,0.06,Y,4,0.05714285714285714,5833.333333333333,0.6857142857142857,Young,6-10 years,0,0,0.10622327,0,Low Risk
26,78000,RENT,4.0,DEBTCONSOLIDATION,A,12000,7.14,0.15,N,2,0.15384615384615385,6500.0,1.8461538461538463,Adult,3-5 years,0,0,0.09229199,0,Low Risk
29,73000,RENT,7.0,DEBTCONSOLIDATION,C,2500,14.35,0.03,Y,8,0.03424657534246575,6083.333333333333,0.4109589041095891,Adult,6-10 years,0,0,0.27230555,0,Low Risk
26,175000,MORTGAGE,0.0,EDUCATION,D,7500,15.21,0.04,N,3,0.04285714285714286,14583.333333333334,0.5142857142857142,Adult,0-2 years,0,0,0.41135848,0,Medium Risk
34,28800,RENT,0.0,PERSONAL,F,2500,21.36,0.09,N,9,0.08680555555555555,2400.0,1.0416666666666667,Adult,0-2 years,0,1,0.9361163,1,High Risk
23,95000,MORTGAGE,4.0,MEDICAL,A,4400,7.9,0.05,N,3,0.04631578947368421,7916.666666666667,0.5557894736842105,Young,3-5 years,0,0,0.03870267,0,Low Risk
21,53000,RENT,3.0,EDUCATION,D,3000,,0.06,N,4,0.05660377358490566,4416.666666666667,0.6792452830188679,Young,3-5 years,0,0,0.3116438,0,Medium Risk
35,58570,MORTGAGE,8.0,HOMEIMPROVEMENT,A,11000,7.88,0.19,N,9,0.187809458767287,4880.833333333333,2.253713505207444,Adult,6-10 years,0,0,0.087986,0,Low Risk
24,24148,RENT,1.0,EDUCATION,B,9975,11.48,0.41,N,4,0.4130776875931754,2012.3333333333333,4.956932251118105,Young,0-2 years,1,1,0.9942154,1,High Risk
42,600000,OTHER,2.0,HOMEIMPROVEMENT,D,25000,14.74,0.04,Y,16,0.041666666666666664,50000.0,0.5,Middle Age,0-2 years,0,0,0.5082422,1,Medium Risk
27,47900,OWN,1.0,VENTURE,C,7500,13.47,0.16,N,6,0.15657620041753653,3991.6666666666665,1.8789144050104385,Adult,0-2 years,0,0,0.0033481666,0,Low Risk
24,44000,RENT,0.0,PERSONAL,A,2000,8.0,0.05,N,4,0.045454545454545456,3666.6666666666665,0.5454545454545455,Young,0-2 years,0,1,0.42715263,0,Medium Risk
23,34188,OWN,,VENTURE,A,3200,7.14,0.09,N,3,0.0936000936000936,2849.0,1.1232011232011232,Young,,0,0,0.0010890176,0,Low Risk
43,57000,RENT,3.0,EDUCATION,B,6000,10.75,0.11,N,13,0.10526315789473684,4750.0,1.263157894736842,Middle Age,3-5 years,0,0,0.2238659,0,Low Risk
26,70000,RENT,10.0,PERSONAL,A,4075,5.42,0.06,N,3,0.05821428571428571,5833.333333333333,0.6985714285714286,Adult,6-10 years,0,0,0.033193894,0,Low Risk
27,33000,RENT,11.0,HOMEIMPROVEMENT,D,1600,16.89,0.05,Y,5,0.048484848484848485,2750.0,0.5818181818181818,Adult,10+ years,0,1,0.92755336,1,High Risk
48,30000,OWN,0.0,EDUCATION,C,10000,,0.33,Y,12,0.3333333333333333,2500.0,4.0,Middle Age,0-2 years,1,0,0.009651298,0,Low Risk
41,46152,RENT,10.0,PERSONAL,B,14525,11.11,0.31,N,16,0.31472092217022013,3846.0,3.776651066042642,Middle Age,6-10 years,1,1,0.9832665,1,High Risk
43,68000,OWN,9.0,EDUCATION,A,5000,6.99,0.07,N,15,0.07352941176470588,5666.666666666667,0.8823529411764706,Middle Age,6-10 years,0,0,0.0027491865,0,Low Risk
34,65000,OWN,2.0,PERSONAL,A,5600,8.0,0.09,N,6,0.08615384615384615,5416.666666666667,1.0338461538461539,Adult,0-2 years,0,0,0.0014223732,0,Low Risk
28,80569,MORTGAGE,2.0,EDUCATION,B,4000,9.63,0.05,N,7,0.04964688651962914,6714.083333333333,0.5957626382355496,Adult,0-2 years,0,0,0.08898572,0,Low Risk
26,85000,MORTGAGE,10.0,MEDICAL,A,24000,8.9,0.28,N,3,0.2823529411764706,7083.333333333333,3.388235294117647,Adult,6-10 years,0,0,0.15149933,0,Low Risk
25,199000,MORTGAGE,4.0,PERSONAL,B,15000,9.99,0.08,N,2,0.07537688442211055,16583.333333333332,0.9045226130653267,Young,3-5 years,0,0,0.106422305,0,Low Risk
22,29004,MORTGAGE,3.0,VENTURE,B,5000,9.25,0.17,N,4,0.17239001517032135,2417.0,2.068680182043856,Young,3-5 years,0,0,0.05470032,0,Low Risk
36,88000,RENT,4.0,MEDICAL,B,3200,10.99,0.04,N,13,0.03636363636363636,7333.333333333333,0.4363636363636364,Middle Age,3-5 years,0,0,0.27032977,0,Low Risk
33,70000,MORTGAGE,0.0,PERSONAL,C,5600,13.57,0.08,Y,8,0.08,5833.333333333333,0.9600000000000001,Adult,0-2 years,0,0,0.10646499,0,Low Risk
39,38500,MORTGAGE,7.0,MEDICAL,C,3500,13.98,0.09,Y,17,0.09090909090909091,3208.3333333333335,1.0909090909090908,Middle Age,6-10 years,0,0,0.2815295,0,Low Risk
21,67400,MORTGAGE,2.0,VENTURE,E,20000,17.74,0.3,Y,2,0.29673590504451036,5616.666666666667,3.5608308605341246,Young,0-2 years,1,1,0.62613666,1,High Risk
23,50000,MORTGAGE,6.0,EDUCATION,B,17000,12.42,0.34,N,3,0.34,4166.666666666667,4.08,Young,6-10 years,1,0,0.22397031,0,Low Risk
24,132000,MORTGAGE,8.0,DEBTCONSOLIDATION,D,1500,17.27,0.01,N,2,0.011363636363636364,11000.0,0.13636363636363635,Young,6-10 years,0,1,0.96266997,1,High Risk
26,51000,MORTGAGE,10.0,MEDICAL,A,15825,6.99,0.31,N,3,0.31029411764705883,4250.0,3.723529411764706,Adult,6-10 years,1,0,0.46602967,0,Medium Risk
36,98240,MORTGAGE,4.0,VENTURE,E,20000,16.35,0.2,Y,12,0.20358306188925082,8186.666666666667,2.4429967426710095,Middle Age,3-5 years,0,0,0.27974814,0,Low Risk
24,29000,MORTGAGE,1.0,MEDICAL,D,6000,15.62,0.21,N,3,0.20689655172413793,2416.6666666666665,2.4827586206896552,Young,0-2 years,0,1,0.963796,1,High Risk
27,120000,RENT,1.0,DEBTCONSOLIDATION,A,20000,6.54,0.17,N,9,0.16666666666666666,10000.0,2.0,Adult,0-2 years,0,0,0.021087224,0,Low Risk
25,54000,MORTGAGE,5.0,DEBTCONSOLIDATION,B,5100,9.62,0.09,N,4,0.09444444444444444,4500.0,1.1333333333333333,Young,3-5 years,0,0,0.44424438,0,Medium Risk
23,54000,RENT,3.0,VENTURE,A,5500,8.94,0.1,N,3,0.10185185185185185,4500.0,1.2222222222222223,Young,3-5 years,0,0,0.01737445,0,Low Risk
38,65000,MORTGAGE,6.0,MEDICAL,C,11500,13.92,0.18,N,16,0.17692307692307693,5416.666666666667,2.123076923076923,Middle Age,6-10 years,0,0,0.09768623,0,Low Risk
26,102000,RENT,5.0,MEDICAL,A,10000,8.59,0.1,N,2,0.09803921568627451,8500.0,1.1764705882352942,Adult,3-5 years,0,0,0.027493553,0,Low Risk
30,65000,RENT,1.0,PERSONAL,B,12000,11.49,0.18,N,7,0.18461538461538463,5416.666666666667,2.215384615384615,Adult,0-2 years,0,0,0.113704294,0,Low Risk
37,50000,RENT,1.0,VENTURE,B,3000,11.58,0.06,N,14,0.06,4166.666666666667,0.72,Middle Age,0-2 years,0,0,0.011306363,0,Low Risk
22,60000,OWN,3.0,PERSONAL,D,8700,15.58,0.14,Y,4,0.145,5000.0,1.74,Young,3-5 years,0,0,0.0018471095,0,Low Risk
37,53000,RENT,3.0,MEDICAL,C,15600,,0.29,N,15,0.2943396226415094,4416.666666666667,3.532075471698113,Middle Age,3-5 years,0,0,0.3484384,0,Medium Risk
24,42000,MORTGAGE,5.0,EDUCATION,A,4900,6.03,0.12,N,4,0.11666666666666667,3500.0,1.4,Young,3-5 years,0,0,0.07371548,0,Low Risk
24,88000,RENT,2.0,HOMEIMPROVEMENT,B,15000,9.99,0.17,N,4,0.17045454545454544,7333.333333333333,2.0454545454545454,Young,0-2 years,0,1,0.11329261,0,Low Risk
22,101000,RENT,0.0,EDUCATION,A,1475,5.79,0.01,N,3,0.014603960396039605,8416.666666666666,0.17524752475247526,Young,0-2 years,0,0,0.0141438795,0,Low Risk
24,28900,MORTGAGE,2.0,DEBTCONSOLIDATION,C,5500,12.98,0.19,Y,2,0.1903114186851211,2408.3333333333335,2.283737024221453,Young,0-2 years,0,0,0.26421878,0,Low Risk
22,24960,RENT,0.0,VENTURE,A,2500,7.51,0.1,N,2,0.10016025641025642,2080.0,1.2019230769230769,Young,0-2 years,0,0,0.034388054,0,Low Risk
30,79000,MORTGAGE,14.0,PERSONAL,A,7500,7.14,0.09,N,8,0.0949367088607595,6583.333333333333,1.139240506329114,Adult,10+ years,0,0,0.15922554,0,Low Risk
31,69000,RENT,12.0,HOMEIMPROVEMENT,A,16000,5.99,0.23,N,9,0.2318840579710145,5750.0,2.782608695652174,Adult,10+ years,0,0,0.24443123,0,Low Risk
22,99000,MORTGAGE,6.0,VENTURE,A,18000,8.9,0.18,N,3,0.18181818181818182,8250.0,2.1818181818181817,Young,6-10 years,0,0,0.005879778,0,Low Risk
22,60000,RENT,2.0,PERSONAL,B,3000,11.89,0.05,N,4,0.05,5000.0,0.6,Young,0-2 years,0,0,0.07174546,0,Low Risk
21,65004,RENT,5.0,PERSONAL,A,6000,7.68,0.09,N,3,0.0923020121838656,5417.0,1.1076241462063874,Young,3-5 years,0,0,0.077504374,0,Low Risk
22,48132,RENT,5.0,MEDICAL,B,10000,11.71,0.21,N,4,0.20776198786669992,4011.0,2.4931438544003988,Young,3-5 years,0,0,0.23059,0,Low Risk
22,59000,MORTGAGE,7.0,HOMEIMPROVEMENT,D,4900,15.62,0.08,Y,4,0.08305084745762711,4916.666666666667,0.9966101694915254,Young,6-10 years,0,1,0.9633448,1,High Risk
25,36480,RENT,4.0,DEBTCONSOLIDATION,A,5000,6.54,0.14,N,2,0.13706140350877194,3040.0,1.644736842105263,Young,3-5 years,0,0,0.12909473,0,Low Risk
23,143000,MORTGAGE,7.0,DEBTCONSOLIDATION,D,24250,14.59,0.17,Y,2,0.16958041958041958,11916.666666666666,2.034965034965035,Young,6-10 years,0,1,0.96890926,1,High Risk
34,72000,MORTGAGE,8.0,HOMEIMPROVEMENT,C,10000,13.49,0.14,Y,8,0.1388888888888889,6000.0,1.6666666666666667,Adult,6-10 years,0,0,0.32895282,0,Medium Risk
21,57500,MORTGAGE,6.0,VENTURE,A,4000,7.9,0.07,N,3,0.06956521739130435,4791.666666666667,0.8347826086956521,Young,6-10 years,0,0,0.013254585,0,Low Risk
23,40000,RENT,5.0,DEBTCONSOLIDATION,B,2000,11.71,0.05,N,4,0.05,3333.3333333333335,0.6,Young,3-5 years,0,0,0.15972815,0,Low Risk
37,528000,RENT,4.0,VENTURE,D,15000,,0.03,N,12,0.028409090909090908,44000.0,0.3409090909090909,Middle Age,3-5 years,0,0,0.17381257,0,Low Risk
32,22800,RENT,1.0,VENTURE,D,7125,15.28,0.31,N,5,0.3125,1900.0,3.75,Adult,0-2 years,1,1,0.9964562,1,High Risk
25,63000,MORTGAGE,9.0,MEDICAL,A,20000,8.49,0.32,N,4,0.31746031746031744,5250.0,3.8095238095238093,Young,6-10 years,1,0,0.29238972,0,Low Risk
27,98000,RENT,3.0,VENTURE,C,5000,13.98,0.05,Y,6,0.05102040816326531,8166.666666666667,0.6122448979591837,Adult,3-5 years,0,0,0.12884258,0,Low Risk
25,111996,RENT,9.0,PERSONAL,D,24250,,0.22,N,3,0.21652559019964998,9333.0,2.5983070823957997,Young,6-10 years,0,0,0.3959705,0,Medium Risk
22,55000,MORTGAGE,6.0,VENTURE,A,10000,5.79,0.18,N,2,0.18181818181818182,4583.333333333333,2.181818181818182,Young,6-10 years,0,0,0.003890256,0,Low Risk
38,52000,OWN,3.0,PERSONAL,D,8000,15.21,0.15,N,13,0.15384615384615385,4333.333333333333,1.8461538461538463,Middle Age,3-5 years,0,0,0.0025934267,0,Low Risk
29,100000,RENT,3.0,HOMEIMPROVEMENT,C,15000,12.04,0.15,N,10,0.15,8333.333333333334,1.7999999999999998,Adult,3-5 years,0,0,0.07409722,0,Low Risk
25,18840,MORTGAGE,5.0,EDUCATION,B,3000,9.91,0.16,N,2,0.1592356687898089,1570.0,1.910828025477707,Young,3-5 years,0,1,0.99065405,1,High Risk
20,94000,RENT,4.0,EDUCATION,D,5000,16.02,0.05,N,3,0.05319148936170213,7833.333333333333,0.6382978723404256,Young,3-5 years,0,0,0.15154526,0,Low Risk
24,51000,RENT,6.0,MEDICAL,B,15000,11.12,0.29,N,2,0.29411764705882354,4250.0,3.5294117647058822,Young,6-10 years,0,0,0.42835876,0,Medium Risk
49,23004,RENT,6.0,PERSONAL,D,3250,15.21,0.14,N,12,0.14127977743001216,1917.0,1.695357329160146,Middle Age,6-10 years,0,0,0.66360337,1,High Risk
22,90000,RENT,5.0,PERSONAL,B,20000,,0.22,N,4,0.2222222222222222,7500.0,2.6666666666666665,Young,3-5 years,0,0,0.13083194,0,Low Risk
21,27568,OTHER,0.0,MEDICAL,D,3500,14.42,0.13,N,4,0.12695879280325015,2297.3333333333335,1.5235055136390017,Young,0-2 years,0,1,0.9375487,1,High Risk
21,26000,RENT,2.0,EDUCATION,E,7750,16.7,0.3,N,3,0.2980769230769231,2166.6666666666665,3.576923076923077,Young,0-2 years,1,1,0.94132245,1,High Risk
23,56000,MORTGAGE,7.0,PERSONAL,B,4500,11.83,0.08,N,4,0.08035714285714286,4666.666666666667,0.9642857142857142,Young,6-10 years,0,0,0.36204842,0,Medium Risk
21,18000,OWN,,EDUCATION,B,5000,11.11,0.28,N,2,0.2777777777777778,1500.0,3.3333333333333335,Young,,0,1,0.99752396,1,High Risk
23,21600,MORTGAGE,7.0,EDUCATION,A,2000,6.17,0.09,N,4,0.09259259259259259,1800.0,1.1111111111111112,Young,6-10 years,0,0,0.111987986,0,Low Risk
27,80000,MORTGAGE,4.0,PERSONAL,A,6000,6.03,0.07,N,10,0.075,6666.666666666667,0.8999999999999999,Adult,3-5 years,0,0,0.018218946,0,Low Risk
37,186000,OWN,7.0,VENTURE,A,3000,6.39,0.02,N,13,0.016129032258064516,15500.0,0.1935483870967742,Middle Age,6-10 years,0,0,0.00038497392,0,Low Risk
28,60000,MORTGAGE,5.0,HOMEIMPROVEMENT,A,2500,,0.04,N,7,0.041666666666666664,5000.0,0.5,Adult,3-5 years,0,0,0.09615888,0,Low Risk
27,95500,RENT,1.0,EDUCATION,B,12000,11.11,0.13,N,6,0.1256544502617801,7958.333333333333,1.5078534031413613,Adult,0-2 years,0,0,0.050894424,0,Low Risk
23,96000,MORTGAGE,1.0,EDUCATION,A,10000,7.49,0.1,N,3,0.10416666666666667,8000.0,1.25,Young,0-2 years,0,0,0.01769617,0,Low Risk
27,75000,RENT,6.0,HOMEIMPROVEMENT,B,12000,10.99,0.16,N,10,0.16,6250.0,1.92,Adult,6-10 years,0,0,0.099151775,0,Low Risk
27,92400,MORTGAGE,6.0,HOMEIMPROVEMENT,D,17500,,0.19,Y,8,0.1893939393939394,7700.0,2.272727272727273,Adult,6-10 years,0,0,0.35962045,0,Medium Risk
21,24996,RENT,2.0,MEDICAL,E,5000,16.45,0.2,N,4,0.20003200512081934,2083.0,2.400384061449832,Young,0-2 years,0,1,0.98637277,1,High Risk
25,36499,RENT,1.0,HOMEIMPROVEMENT,B,4200,10.99,0.12,N,4,0.11507164579851503,3041.5833333333335,1.3808597495821802,Young,0-2 years,0,1,0.7205854,1,High Risk
25,57500,MORTGAGE,5.0,HOMEIMPROVEMENT,C,12275,,0.21,N,3,0.21347826086956523,4791.666666666667,2.5617391304347823,Young,3-5 years,0,0,0.32849795,0,Medium Risk
25,54000,RENT,7.0,HOMEIMPROVEMENT,A,7575,6.99,0.14,N,4,0.14027777777777778,4500.0,1.6833333333333333,Young,6-10 years,0,0,0.4359854,0,Medium Risk
37,68000,OWN,20.0,VENTURE,A,7000,7.29,0.1,N,11,0.10294117647058823,5666.666666666667,1.2352941176470587,Middle Age,10+ years,0,0,0.0005124371,0,Low Risk
29,93000,RENT,1.0,HOMEIMPROVEMENT,B,10000,11.14,0.11,N,8,0.10752688172043011,7750.0,1.2903225806451613,Adult,0-2 years,0,0,0.0942046,0,Low Risk
24,66500,MORTGAGE,7.0,VENTURE,C,1400,12.53,0.02,Y,4,0.021052631578947368,5541.666666666667,0.25263157894736843,Young,6-10 years,0,0,0.32372186,0,Medium Risk
24,80000,MORTGAGE,2.0,HOMEIMPROVEMENT,A,5000,6.99,0.06,N,4,0.0625,6666.666666666667,0.75,Young,0-2 years,0,0,0.042750932,0,Low Risk
37,48257,MORTGAGE,21.0,MEDICAL,D,7000,15.21,0.15,Y,17,0.14505667571544026,4021.4166666666665,1.740680108585283,Middle Age,10+ years,0,1,0.9416538,1,High Risk
22,65000,MORTGAGE,4.0,EDUCATION,A,9000,9.63,0.14,N,3,0.13846153846153847,5416.666666666667,1.6615384615384614,Young,3-5 years,0,0,0.05507746,0,Low Risk
33,38000,RENT,10.0,EDUCATION,C,4900,10.28,0.13,Y,6,0.12894736842105264,3166.6666666666665,1.5473684210526317,Adult,6-10 years,0,1,0.29780674,0,Low Risk
32,250000,MORTGAGE,9.0,VENTURE,D,25000,14.59,0.1,N,7,0.1,20833.333333333332,1.2000000000000002,Adult,6-10 years,0,0,0.13210255,0,Low Risk
25,68000,RENT,2.0,DEBTCONSOLIDATION,B,13600,10.0,0.2,N,3,0.2,5666.666666666667,2.4,Young,0-2 years,0,0,0.11316998,0,Low Risk
24,73399,RENT,0.0,EDUCATION,D,27000,,0.37,N,2,0.36785242305753485,6116.583333333333,4.414229076690418,Young,0-2 years,1,1,0.99785185,1,High Risk
23,10560,RENT,0.0,DEBTCONSOLIDATION,B,2800,9.99,0.27,N,4,0.26515151515151514,880.0,3.1818181818181817,Young,0-2 years,0,1,0.9923826,1,High Risk
23,120000,MORTGAGE,3.0,VENTURE,A,5000,8.9,0.04,N,4,0.041666666666666664,10000.0,0.5,Young,3-5 years,0,0,0.0064048986,0,Low Risk
23,50000,MORTGAGE,7.0,MEDICAL,D,7500,15.62,0.15,N,3,0.15,4166.666666666667,1.7999999999999998,Young,6-10 years,0,1,0.8741453,1,High Risk
32,53408,MORTGAGE,8.0,VENTURE,B,1400,10.99,0.03,N,6,0.0262133013780707,4450.666666666667,0.3145596165368484,Adult,6-10 years,0,0,0.011781761,0,Low Risk
26,90000,MORTGAGE,10.0,HOMEIMPROVEMENT,B,5175,11.99,0.06,N,2,0.0575,7500.0,0.69,Adult,6-10 years,0,0,0.12065448,0,Low Risk
42,29000,RENT,3.0,MEDICAL,A,3450,8.0,0.12,N,17,0.11896551724137931,2416.6666666666665,1.427586206896552,Middle Age,3-5 years,0,0,0.32939252,0,Medium Risk
40,145000,MORTGAGE,5.0,DEBTCONSOLIDATION,A,15000,7.88,0.1,N,15,0.10344827586206896,12083.333333333334,1.2413793103448276,Middle Age,3-5 years,0,0,0.037474748,0,Low Risk
39,119000,RENT,3.0,DEBTCONSOLIDATION,B,22000,11.49,0.18,N,12,0.18487394957983194,9916.666666666666,2.2184873949579833,Middle Age,3-5 years,0,0,0.21717112,0,Low Risk
29,30000,RENT,3.0,MEDICAL,B,4400,11.49,0.15,N,6,0.14666666666666667,2500.0,1.76,Adult,3-5 years,0,0,0.37086272,0,Medium Risk
22,60000,MORTGAGE,6.0,EDUCATION,A,2500,6.99,0.04,N,3,0.041666666666666664,5000.0,0.5,Young,6-10 years,0,0,0.044653207,0,Low Risk
21,36000,OWN,5.0,EDUCATION,C,8800,13.85,0.24,N,2,0.24444444444444444,3000.0,2.933333333333333,Young,3-5 years,0,0,0.0041195154,0,Low Risk
24,53000,OWN,3.0,HOMEIMPROVEMENT,A,9800,7.51,0.18,N,4,0.18490566037735848,4416.666666666667,2.218867924528302,Young,3-5 years,0,0,0.0041282517,0,Low Risk
28,63000,RENT,4.0,MEDICAL,B,25000,11.36,0.4,N,8,0.3968253968253968,5250.0,4.761904761904762,Adult,3-5 years,1,1,0.9943376,1,High Risk
24,62000,RENT,3.0,HOMEIMPROVEMENT,C,10000,13.49,0.16,Y,3,0.16129032258064516,5166.666666666667,1.9354838709677418,Young,3-5 years,0,0,0.22947507,0,Low Risk
32,55000,RENT,4.0,VENTURE,D,10000,14.42,0.18,Y,9,0.18181818181818182,4583.333333333333,2.181818181818182,Adult,3-5 years,0,0,0.35174412,0,Medium Risk
22,48000,RENT,3.0,DEBTCONSOLIDATION,B,6700,11.99,0.14,N,3,0.13958333333333334,4000.0,1.675,Young,3-5 years,0,0,0.23722275,0,Low Risk
38,30000,RENT,2.0,DEBTCONSOLIDATION,C,2200,,0.07,Y,11,0.07333333333333333,2500.0,0.88,Middle Age,0-2 years,0,0,0.4376934,0,Medium Risk
52,54000,RENT,0.0,PERSONAL,A,1500,8.49,0.03,N,24,0.027777777777777776,4500.0,0.3333333333333333,Senior,0-2 years,0,1,0.1488969,0,Low Risk
22,31500,OWN,,VENTURE,A,8000,6.03,0.25,N,2,0.25396825396825395,2625.0,3.0476190476190474,Young,,0,0,0.00087307894,0,Low Risk
24,99000,MORTGAGE,8.0,EDUCATION,B,12250,9.88,0.12,N,2,0.12373737373737374,8250.0,1.4848484848484849,Young,6-10 years,0,0,0.1122893,0,Low Risk
24,78000,MORTGAGE,8.0,DEBTCONSOLIDATION,A,3600,5.42,0.05,N,4,0.046153846153846156,6500.0,0.5538461538461539,Young,6-10 years,0,0,0.062416233,0,Low Risk
37,42000,RENT,3.0,PERSONAL,C,10200,13.16,0.24,N,14,0.24285714285714285,3500.0,2.914285714285714,Middle Age,3-5 years,0,0,0.16693251,0,Low Risk
25,47000,RENT,1.0,EDUCATION,C,6000,12.87,0.13,Y,3,0.1276595744680851,3916.6666666666665,1.5319148936170213,Young,0-2 years,0,0,0.23217027,0,Low Risk
27,150000,OWN,0.0,EDUCATION,A,10000,8.59,0.07,N,9,0.06666666666666667,12500.0,0.8,Adult,0-2 years,0,0,0.0019577865,0,Low Risk
23,29730,RENT,2.0,DEBTCONSOLIDATION,A,5000,7.66,0.17,N,4,0.16818028927009754,2477.5,2.0181634712411705,Young,0-2 years,0,0,0.46465427,0,Medium Risk
27,150000,MORTGAGE,11.0,PERSONAL,B,25000,10.36,0.17,N,7,0.16666666666666666,12500.0,2.0,Adult,10+ years,0,0,0.07526321,0,Low Risk
29,35000,RENT,1.0,PERSONAL,A,10625,7.9,0.3,N,6,0.30357142857142855,2916.6666666666665,3.6428571428571432,Adult,0-2 years,1,0,0.14048846,0,Low Risk
27,35004,RENT,7.0,MEDICAL,B,5000,10.75,0.14,N,8,0.1428408181922066,2917.0,1.7140898183064792,Adult,6-10 years,0,0,0.1850281,0,Low Risk
28,61000,RENT,9.0,PERSONAL,B,25000,9.91,0.41,N,7,0.4098360655737705,5083.333333333333,4.918032786885246,Adult,6-10 years,1,1,0.9936075,1,High Risk
23,95000,MORTGAGE,7.0,EDUCATION,C,15000,12.73,0.16,Y,4,0.15789473684210525,7916.666666666667,1.894736842105263,Young,6-10 years,0,0,0.15337151,0,Low Risk
27,36000,RENT,0.0,DEBTCONSOLIDATION,C,8000,13.92,0.22,Y,9,0.2222222222222222,3000.0,2.6666666666666665,Adult,0-2 years,0,0,0.33462876,0,Medium Risk
24,62000,RENT,3.0,VENTURE,B,8000,11.14,0.13,N,4,0.12903225806451613,5166.666666666667,1.5483870967741935,Young,3-5 years,0,0,0.011903306,0,Low Risk
22,30000,RENT,4.0,EDUCATION,C,10000,14.35,0.33,N,3,0.3333333333333333,2500.0,4.0,Young,3-5 years,1,1,0.99240535,1,High Risk
24,62400,RENT,8.0,EDUCATION,B,15000,9.45,0.24,N,4,0.2403846153846154,5200.0,2.8846153846153846,Young,6-10 years,0,0,0.20193034,0,Low Risk
26,48996,RENT,8.0,DEBTCONSOLIDATION,D,2500,14.59,0.05,N,2,0.05102457343456609,4083.0,0.612294881214793,Adult,6-10 years,0,1,0.94939035,1,High Risk
23,30000,RENT,0.0,EDUCATION,B,4275,11.86,0.14,N,4,0.1425,2500.0,1.71,Young,0-2 years,0,0,0.38613227,0,Medium Risk
33,100000,MORTGAGE,0.0,DEBTCONSOLIDATION,B,24000,10.25,0.24,N,6,0.24,8333.333333333334,2.88,Adult,0-2 years,0,0,0.11822718,0,Low Risk
28,56800,RENT,2.0,VENTURE,A,4000,7.88,0.07,N,9,0.07042253521126761,4733.333333333333,0.8450704225352114,Adult,0-2 years,0,0,0.012108397,0,Low Risk
47,56004,RENT,2.0,VENTURE,B,10800,10.36,0.19,N,11,0.19284336833083351,4667.0,2.3141204199700023,Middle Age,0-2 years,0,0,0.014073475,0,Low Risk
24,43200,RENT,5.0,VENTURE,B,12000,10.36,0.28,N,4,0.2777777777777778,3600.0,3.3333333333333335,Young,3-5 years,0,0,0.011444026,0,Low Risk
28,72467,RENT,2.0,MEDICAL,B,5000,8.88,0.07,N,7,0.06899692273724592,6038.916666666667,0.827963072846951,Adult,0-2 years,0,0,0.13492066,0,Low Risk
23,43000,RENT,1.0,EDUCATION,B,10000,9.25,0.23,N,3,0.23255813953488372,3583.3333333333335,2.7906976744186047,Young,0-2 years,0,0,0.16738161,0,Low Risk
29,60000,MORTGAGE,13.0,MEDICAL,A,8000,5.99,0.13,N,9,0.13333333333333333,5000.0,1.6,Adult,10+ years,0,0,0.059349578,0,Low Risk
36,45000,RENT,12.0,MEDICAL,D,10000,15.99,0.22,N,14,0.2222222222222222,3750.0,2.6666666666666665,Middle Age,10+ years,0,0,0.9018304,1,High Risk
23,45000,RENT,0.0,EDUCATION,C,1775,12.72,0.04,Y,2,0.03944444444444444,3750.0,0.47333333333333333,Young,0-2 years,0,0,0.12918876,0,Low Risk
25,49029,RENT,8.0,MEDICAL,B,2000,11.99,0.04,N,2,0.04079218421750393,4085.75,0.4895062106100471,Young,6-10 years,0,0,0.4663651,0,Medium Risk
28,64000,MORTGAGE,3.0,MEDICAL,C,5000,13.23,0.08,N,6,0.078125,5333.333333333333,0.9375,Adult,3-5 years,0,0,0.49977764,0,Medium Risk
24,110000,RENT,4.0,DEBTCONSOLIDATION,A,13000,8.9,0.12,N,2,0.11818181818181818,9166.666666666666,1.4181818181818182,Young,3-5 years,0,0,0.03387176,0,Low Risk
28,40000,MORTGAGE,2.0,VENTURE,B,5000,,0.13,N,10,0.125,3333.3333333333335,1.5,Adult,0-2 years,0,0,0.008085312,0,Low Risk
31,87500,RENT,4.0,DEBTCONSOLIDATION,B,6000,11.99,0.07,N,5,0.06857142857142857,7291.666666666667,0.8228571428571428,Adult,3-5 years,0,0,0.24613526,0,Low Risk
23,19200,RENT,1.0,MEDICAL,G,6200,19.82,0.32,N,3,0.3229166666666667,1600.0,3.875,Young,0-2 years,1,1,0.9997726,1,High Risk
39,24000,RENT,9.0,EDUCATION,B,5000,11.14,0.21,N,12,0.20833333333333334,2000.0,2.5,Middle Age,6-10 years,0,0,0.26156625,0,Low Risk
24,70000,RENT,0.0,MEDICAL,C,6425,13.72,0.09,N,2,0.09178571428571429,5833.333333333333,1.1014285714285714,Young,0-2 years,0,0,0.12258345,0,Low Risk
24,56000,RENT,8.0,HOMEIMPROVEMENT,D,9000,,0.16,Y,2,0.16071428571428573,4666.666666666667,1.9285714285714284,Young,6-10 years,0,0,0.6667829,1,High Risk
28,66560,RENT,4.0,PERSONAL,B,4800,10.36,0.07,N,5,0.07211538461538461,5546.666666666667,0.8653846153846153,Adult,3-5 years,0,0,0.13986373,0,Low Risk
24,45000,RENT,0.0,MEDICAL,E,6000,17.19,0.13,N,3,0.13333333333333333,3750.0,1.6,Young,0-2 years,0,1,0.96534306,1,High Risk
51,80000,RENT,1.0,HOMEIMPROVEMENT,B,12000,12.69,0.15,N,23,0.15,6666.666666666667,1.7999999999999998,Senior,0-2 years,0,0,0.055154614,0,Low Risk
30,41000,RENT,0.0,PERSONAL,A,7200,7.49,0.18,N,5,0.17560975609756097,3416.6666666666665,2.107317073170732,Adult,0-2 years,0,0,0.12988125,0,Low Risk
22,63000,MORTGAGE,6.0,PERSONAL,B,8950,10.99,0.14,N,4,0.14206349206349206,5250.0,1.7047619047619047,Young,6-10 years,0,0,0.20088527,0,Low Risk
25,98000,MORTGAGE,9.0,EDUCATION,A,2000,5.42,0.02,N,4,0.02040816326530612,8166.666666666667,0.24489795918367346,Young,6-10 years,0,0,0.026949534,0,Low Risk
43,55000,OWN,17.0,VENTURE,B,2000,12.53,0.04,N,11,0.03636363636363636,4583.333333333333,0.4363636363636364,Middle Age,10+ years,0,0,0.0004219508,0,Low Risk
29,95000,MORTGAGE,6.0,VENTURE,A,35000,7.9,0.37,N,8,0.3684210526315789,7916.666666666667,4.421052631578947,Adult,6-10 years,1,0,0.01451895,0,Low Risk
25,5000,RENT,0.0,EDUCATION,B,1000,9.64,0.2,N,4,0.2,416.6666666666667,2.4,Young,0-2 years,0,1,0.9900872,1,High Risk
24,91700,RENT,1.0,EDUCATION,B,6500,9.88,0.07,N,3,0.07088331515812432,7641.666666666667,0.8505997818974917,Young,0-2 years,0,0,0.06994812,0,Low Risk
31,24000,OWN,4.0,MEDICAL,D,2500,,0.1,Y,7,0.10416666666666667,2000.0,1.25,Adult,3-5 years,0,0,0.0063942587,0,Low Risk
24,29000,RENT,4.0,MEDICAL,D,14400,15.7,0.5,N,4,0.496551724137931,2416.6666666666665,5.958620689655173,Young,3-5 years,1,1,0.99664485,1,High Risk
22,17400,MORTGAGE,6.0,VENTURE,B,1000,11.36,0.06,N,2,0.05747126436781609,1450.0,0.6896551724137931,Young,6-10 years,0,0,0.1691323,0,Low Risk
27,73680,MORTGAGE,11.0,DEBTCONSOLIDATION,E,10000,17.93,0.14,Y,6,0.13572204125950055,6140.0,1.6286644951140066,Adult,10+ years,0,1,0.98129547,1,High Risk
25,46000,RENT,5.0,DEBTCONSOLIDATION,C,7200,,0.16,Y,3,0.1565217391304348,3833.3333333333335,1.8782608695652174,Young,3-5 years,0,0,0.27457926,0,Low Risk
24,75000,RENT,2.0,HOMEIMPROVEMENT,B,7000,10.74,0.09,N,3,0.09333333333333334,6250.0,1.12,Young,0-2 years,0,0,0.11697248,0,Low Risk
43,50000,MORTGAGE,12.0,HOMEIMPROVEMENT,B,5000,10.0,0.1,N,16,0.1,4166.666666666667,1.2,Middle Age,10+ years,0,0,0.10909271,0,Low Risk
26,30000,RENT,2.0,EDUCATION,B,5000,12.42,0.17,N,2,0.16666666666666666,2500.0,2.0,Adult,0-2 years,0,1,0.5209589,1,Medium Risk
22,35000,RENT,3.0,EDUCATION,A,4800,5.42,0.14,N,3,0.13714285714285715,2916.6666666666665,1.645714285714286,Young,3-5 years,0,0,0.023903182,0,Low Risk
31,53000,MORTGAGE,15.0,VENTURE,D,10000,,0.19,N,10,0.18867924528301888,4416.666666666667,2.2641509433962264,Adult,10+ years,0,0,0.32008564,0,Medium Risk
35,40800,RENT,5.0,VENTURE,A,5000,6.54,0.12,N,5,0.12254901960784313,3400.0,1.4705882352941178,Adult,3-5 years,0,0,0.0061263777,0,Low Risk
28,69996,RENT,1.0,VENTURE,C,11000,13.79,0.16,N,8,0.15715183724784274,5833.0,1.8858220469741127,Adult,0-2 years,0,0,0.17343839,0,Low Risk
23,40000,OWN,6.0,EDUCATION,A,3000,7.66,0.07,N,3,0.075,3333.3333333333335,0.8999999999999999,Young,6-10 years,0,0,0.0032686656,0,Low Risk
27,67000,RENT,1.0,PERSONAL,C,2800,13.04,0.04,N,7,0.041791044776119404,5583.333333333333,0.5014925373134329,Adult,0-2 years,0,0,0.15039766,0,Low Risk
21,35000,OWN,5.0,VENTURE,C,6500,13.43,0.19,N,4,0.18571428571428572,2916.6666666666665,2.2285714285714286,Young,3-5 years,0,0,0.0034713766,0,Low Risk
48,32500,RENT,0.0,VENTURE,D,2000,17.27,0.06,N,16,0.06153846153846154,2708.3333333333335,0.7384615384615384,Middle Age,0-2 years,0,1,0.95500803,1,High Risk
28,35496,MORTGAGE,5.0,DEBTCONSOLIDATION,B,5500,11.49,0.15,N,5,0.1549470362857787,2958.0,1.8593644354293442,Adult,3-5 years,0,0,0.25190753,0,Low Risk
22,118812,MORTGAGE,6.0,MEDICAL,C,15000,13.35,0.13,N,2,0.12624987375012625,9901.0,1.514998485001515,Young,6-10 years,0,0,0.09752058,0,Low Risk
27,35000,RENT,0.0,MEDICAL,A,6400,7.74,0.18,N,5,0.18285714285714286,2916.6666666666665,2.1942857142857144,Adult,0-2 years,0,0,0.05291186,0,Low Risk
22,65000,RENT,2.0,EDUCATION,B,10000,9.88,0.15,N,2,0.15384615384615385,5416.666666666667,1.846153846153846,Young,0-2 years,0,0,0.065205686,0,Low Risk
23,25200,RENT,1.0,DEBTCONSOLIDATION,C,8000,12.73,0.32,N,4,0.31746031746031744,2100.0,3.8095238095238093,Young,0-2 years,1,1,0.99132407,1,High Risk
23,45000,MORTGAGE,1.0,MEDICAL,B,10000,12.21,0.22,N,2,0.2222222222222222,3750.0,2.6666666666666665,Young,0-2 years,0,0,0.21891998,0,Low Risk
28,65000,RENT,13.0,HOMEIMPROVEMENT,A,15000,7.51,0.23,N,6,0.23076923076923078,5416.666666666667,2.769230769230769,Adult,10+ years,0,0,0.12379897,0,Low Risk
25,60000,MORTGAGE,2.0,EDUCATION,B,12500,11.49,0.21,N,4,0.20833333333333334,5000.0,2.5,Young,0-2 years,0,0,0.092889324,0,Low Risk
27,225000,MORTGAGE,1.0,VENTURE,B,14000,,0.06,N,7,0.06222222222222222,18750.0,0.7466666666666667,Adult,0-2 years,0,0,0.0077078114,0,Low Risk
24,107203,MORTGAGE,8.0,PERSONAL,A,6000,7.4,0.06,N,2,0.0559685829687602,8933.583333333334,0.6716229956251224,Young,6-10 years,0,0,0.016804175,0,Low Risk
27,65000,RENT,8.0,EDUCATION,A,8800,6.03,0.14,N,9,0.13538461538461538,5416.666666666667,1.6246153846153846,Adult,6-10 years,0,0,0.03828932,0,Low Risk
22,72000,RENT,4.0,PERSONAL,A,6200,5.99,0.09,N,2,0.08611111111111111,6000.0,1.0333333333333334,Young,3-5 years,0,0,0.028881168,0,Low Risk
27,35000,RENT,0.0,PERSONAL,C,14000,14.27,0.4,Y,8,0.4,2916.6666666666665,4.8,Adult,0-2 years,1,1,0.9908811,1,High Risk
22,50000,MORTGAGE,,VENTURE,B,10000,12.69,0.2,N,4,0.2,4166.666666666667,2.4,Young,,0,0,0.012086974,0,Low Risk
26,50000,OWN,5.0,MEDICAL,A,3250,7.51,0.07,N,2,0.065,4166.666666666667,0.7799999999999999,Adult,3-5 years,0,0,0.002714837,0,Low Risk
41,62903,MORTGAGE,4.0,MEDICAL,B,9600,10.0,0.13,N,12,0.1526159324674499,5241.916666666667,1.8313911896093984,Middle Age,3-5 years,0,1,0.3335385,0,Medium Risk
45,60000,RENT,4.0,DEBTCONSOLIDATION,B,25000,9.99,0.42,N,16,0.4166666666666667,5000.0,5.0,Middle Age,3-5 years,1,1,0.9912544,1,High Risk
32,62000,RENT,8.0,VENTURE,D,10000,17.27,0.16,Y,7,0.16129032258064516,5166.666666666667,1.9354838709677418,Adult,6-10 years,0,1,0.37661445,0,Medium Risk
24,32000,RENT,6.0,MEDICAL,B,4800,10.59,0.15,N,2,0.15,2666.6666666666665,1.8,Young,6-10 years,0,0,0.32009783,0,Medium Risk
25,19200,RENT,6.0,EDUCATION,E,4000,19.03,0.21,Y,4,0.20833333333333334,1600.0,2.5,Young,6-10 years,0,1,0.9697967,1,High Risk
30,20000,RENT,4.0,PERSONAL,C,6800,12.84,0.34,N,6,0.34,1666.6666666666667,4.08,Adult,3-5 years,1,1,0.9928726,1,High Risk
30,60000,RENT,0.0,HOMEIMPROVEMENT,A,8000,7.66,0.13,N,6,0.13333333333333333,5000.0,1.6,Adult,0-2 years,0,0,0.07297045,0,Low Risk
25,38000,RENT,8.0,MEDICAL,C,16000,12.87,0.42,Y,3,0.42105263157894735,3166.6666666666665,5.052631578947369,Young,6-10 years,1,1,0.98984385,1,High Risk
34,60000,RENT,3.0,VENTURE,A,6000,8.0,0.1,N,9,0.1,5000.0,1.2,Adult,3-5 years,0,0,0.003074978,0,Low Risk
27,106000,MORTGAGE,5.0,HOMEIMPROVEMENT,C,24000,13.8,0.23,N,10,0.22641509433962265,8833.333333333334,2.7169811320754715,Adult,3-5 years,0,0,0.21860428,0,Low Risk
22,36000,MORTGAGE,2.0,DEBTCONSOLIDATION,A,1800,6.17,0.05,N,4,0.05,3000.0,0.6,Young,0-2 years,0,0,0.11034742,0,Low Risk
33,93000,RENT,1.0,DEBTCONSOLIDATION,A,3000,,0.03,N,7,0.03225806451612903,7750.0,0.3870967741935484,Adult,0-2 years,0,0,0.06538427,0,Low Risk
37,59000,RENT,0.0,PERSONAL,D,5000,14.84,0.08,Y,14,0.0847457627118644,4916.666666666667,1.0169491525423728,Middle Age,0-2 years,0,1,0.9865915,1,High Risk
21,23040,OWN,1.0,VENTURE,D,5000,,0.22,N,3,0.2170138888888889,1920.0,2.6041666666666665,Young,0-2 years,0,0,0.0037230914,0,Low Risk
21,30000,RENT,2.0,PERSONAL,D,5000,14.96,0.17,N,2,0.16666666666666666,2500.0,2.0,Young,0-2 years,0,1,0.98300683,1,High Risk
30,42000,RENT,4.0,VENTURE,A,10000,,0.24,N,9,0.23809523809523808,3500.0,2.857142857142857,Adult,3-5 years,0,0,0.015255913,0,Low Risk
26,159800,MORTGAGE,6.0,MEDICAL,D,30000,17.58,0.16,Y,3,0.18773466833541927,13316.666666666666,2.2528160200250316,Adult,6-10 years,0,1,0.9562188,1,High Risk
27,31200,OWN,2.0,HOMEIMPROVEMENT,C,6000,14.35,0.19,N,7,0.19230769230769232,2600.0,2.3076923076923075,Adult,0-2 years,0,0,0.006911934,0,Low Risk
21,69000,RENT,3.0,MEDICAL,A,15000,8.49,0.22,N,2,0.21739130434782608,5750.0,2.608695652173913,Young,3-5 years,0,0,0.20456196,0,Low Risk
23,60000,MORTGAGE,4.0,PERSONAL,A,20000,6.54,0.33,N,3,0.3333333333333333,5000.0,4.0,Young,3-5 years,1,0,0.102500245,0,Low Risk
28,44049,RENT,3.0,VENTURE,B,14000,,0.32,N,8,0.31782787350450636,3670.75,3.813934482054076,Adult,3-5 years,1,1,0.99416155,1,High Risk
25,95950,RENT,2.0,HOMEIMPROVEMENT,B,17500,11.71,0.18,N,2,0.18238665971860343,7995.833333333333,2.1886399166232415,Young,0-2 years,0,0,0.12050571,0,Low Risk
22,48255,RENT,3.0,VENTURE,A,2000,6.76,0.04,N,2,0.041446482229820746,4021.25,0.4973577867578489,Young,3-5 years,0,0,0.0052315705,0,Low Risk
27,147884,MORTGAGE,4.0,HOMEIMPROVEMENT,B,4500,11.49,0.03,N,5,0.030429255362311,12323.666666666666,0.36515106434773204,Adult,3-5 years,0,0,0.12254759,0,Low Risk
21,44000,RENT,0.0,EDUCATION,D,12875,15.31,0.29,N,2,0.29261363636363635,3666.6666666666665,3.5113636363636367,Young,0-2 years,0,1,0.97449374,1,High Risk
31,135000,MORTGAGE,9.0,VENTURE,A,10000,7.14,0.07,N,6,0.07407407407407407,11250.0,0.8888888888888888,Adult,6-10 years,0,0,0.002711003,0,Low Risk
26,30000,RENT,4.0,DEBTCONSOLIDATION,B,12000,11.11,0.4,N,3,0.4,2500.0,4.8,Adult,3-5 years,1,1,0.99428695,1,High Risk
22,88812,MORTGAGE,6.0,EDUCATION,D,29000,15.65,0.33,N,2,0.32653245056974284,7401.0,3.918389406836914,Young,6-10 years,1,0,0.24389441,0,Low Risk
24,39000,RENT,2.0,DEBTCONSOLIDATION,E,16000,19.91,0.41,Y,3,0.41025641025641024,3250.0,4.923076923076923,Young,0-2 years,1,1,0.99951315,1,High Risk
22,84000,MORTGAGE,3.0,EDUCATION,A,8000,7.88,0.1,N,4,0.09523809523809523,7000.0,1.1428571428571428,Young,3-5 years,0,0,0.01879487,0,Low Risk
31,20000,RENT,7.0,EDUCATION,C,2500,12.53,0.13,Y,10,0.125,1666.6666666666667,1.5,Adult,6-10 years,0,0,0.34521294,0,Medium Risk
25,48000,MORTGAGE,5.0,EDUCATION,C,16750,,0.35,Y,4,0.3489583333333333,4000.0,4.1875,Young,3-5 years,1,0,0.41830674,0,Medium Risk
30,102213,RENT,3.0,MEDICAL,D,25000,15.7,0.21,N,7,0.24458728341796054,8517.75,2.9350474010155265,Adult,3-5 years,0,1,0.9367503,1,High Risk
42,160000,RENT,6.0,VENTURE,B,6000,10.65,0.04,N,17,0.0375,13333.333333333334,0.44999999999999996,Middle Age,6-10 years,0,0,0.006764966,0,Low Risk
29,50000,RENT,2.0,DEBTCONSOLIDATION,B,10000,11.26,0.2,N,6,0.2,4166.666666666667,2.4,Adult,0-2 years,0,0,0.10028635,0,Low Risk
23,36000,MORTGAGE,,EDUCATION,A,10000,7.14,0.28,N,3,0.2777777777777778,3000.0,3.3333333333333335,Young,,0,0,0.14547044,0,Low Risk
22,66000,MORTGAGE,6.0,VENTURE,B,2400,,0.04,N,2,0.03636363636363636,5500.0,0.43636363636363634,Young,6-10 years,0,0,0.015736254,0,Low Risk
28,144000,OWN,11.0,MEDICAL,D,7000,15.99,0.05,Y,10,0.04861111111111111,12000.0,0.5833333333333334,Adult,10+ years,0,0,0.033972513,0,Low Risk
36,108000,MORTGAGE,7.0,EDUCATION,A,14000,8.9,0.13,N,12,0.12962962962962962,9000.0,1.5555555555555556,Middle Age,6-10 years,0,0,0.10384512,0,Low Risk
28,140000,MORTGAGE,11.0,HOMEIMPROVEMENT,B,5000,11.49,0.04,N,9,0.03571428571428571,11666.666666666666,0.4285714285714286,Adult,10+ years,0,0,0.21639805,0,Low Risk
24,72000,OWN,,EDUCATION,B,16000,12.42,0.22,N,2,0.2222222222222222,6000.0,2.6666666666666665,Young,,0,0,0.0029775824,0,Low Risk
22,29244,RENT,0.0,DEBTCONSOLIDATION,D,3000,13.3,0.1,Y,2,0.10258514567090685,2437.0,1.2310217480508823,Young,0-2 years,0,1,0.9794326,1,High Risk
26,40000,MORTGAGE,5.0,MEDICAL,B,6000,10.62,0.15,N,4,0.15,3333.3333333333335,1.7999999999999998,Adult,3-5 years,0,0,0.100029886,0,Low Risk
37,175000,RENT,2.0,HOMEIMPROVEMENT,B,15000,9.76,0.09,N,17,0.08571428571428572,14583.333333333334,1.0285714285714285,Middle Age,0-2 years,0,0,0.06835565,0,Low Risk
36,72000,MORTGAGE,4.0,HOMEIMPROVEMENT,B,13000,,0.18,N,13,0.18055555555555555,6000.0,2.1666666666666665,Middle Age,3-5 years,0,0,0.10983375,0,Low Risk
27,106000,MORTGAGE,11.0,EDUCATION,B,4000,11.71,0.04,N,8,0.03773584905660377,8833.333333333334,0.45283018867924524,Adult,10+ years,0,0,0.08386246,0,Low Risk
23,80000,MORTGAGE,3.0,EDUCATION,A,6000,5.99,0.07,N,4,0.075,6666.666666666667,0.8999999999999999,Young,3-5 years,0,0,0.017568002,0,Low Risk
21,90200,RENT,2.0,PERSONAL,C,19125,13.92,0.21,N,4,0.2120288248337029,7516.666666666667,2.5443458980044347,Young,0-2 years,0,0,0.1226238,0,Low Risk
36,36000,OWN,4.0,MEDICAL,D,10000,16.29,0.28,Y,17,0.2777777777777778,3000.0,3.3333333333333335,Middle Age,3-5 years,0,0,0.02002931,0,Low Risk
42,40000,RENT,0.0,DEBTCONSOLIDATION,B,7200,10.75,0.18,N,17,0.18,3333.3333333333335,2.1599999999999997,Middle Age,0-2 years,0,0,0.11545779,0,Low Risk
23,48000,RENT,1.0,VENTURE,A,4325,5.42,0.09,N,4,0.09010416666666667,4000.0,1.08125,Young,0-2 years,0,0,0.011508285,0,Low Risk
37,110000,MORTGAGE,11.0,HOMEIMPROVEMENT,A,12000,7.88,0.11,N,16,0.10909090909090909,9166.666666666666,1.309090909090909,Middle Age,10+ years,0,0,0.038540345,0,Low Risk
23,65004,MORTGAGE,7.0,PERSONAL,A,15000,7.88,0.23,N,3,0.23075503045966403,5417.0,2.7690603655159682,Young,6-10 years,0,0,0.17401363,0,Low Risk
29,96000,MORTGAGE,5.0,HOMEIMPROVEMENT,B,12000,9.88,0.13,N,5,0.125,8000.0,1.5,Adult,3-5 years,0,0,0.079388194,0,Low Risk
31,95000,MORTGAGE,,HOMEIMPROVEMENT,A,5000,6.03,0.05,N,5,0.05263157894736842,7916.666666666667,0.631578947368421,Adult,,0,0,0.020235334,0,Low Risk
46,65000,RENT,1.0,EDUCATION,B,6000,12.69,0.09,N,13,0.09230769230769231,5416.666666666667,1.1076923076923075,Middle Age,0-2 years,0,0,0.14688243,0,Low Risk
34,54000,RENT,5.0,MEDICAL,D,3000,15.37,0.06,Y,6,0.05555555555555555,4500.0,0.6666666666666666,Adult,3-5 years,0,1,0.967469,1,High Risk
28,84000,MORTGAGE,12.0,MEDICAL,B,20500,10.0,0.24,N,5,0.24404761904761904,7000.0,2.9285714285714284,Adult,10+ years,0,0,0.17061707,0,Low Risk
30,35576,RENT,14.0,EDUCATION,C,19000,13.72,0.53,N,7,0.5340679109512031,2964.6666666666665,6.408814931414437,Adult,10+ years,1,1,0.9928484,1,High Risk
26,30200,OWN,3.0,VENTURE,B,9200,10.99,0.3,N,2,0.304635761589404,2516.6666666666665,3.6556291390728477,Adult,3-5 years,1,0,0.0014576376,0,Low Risk
32,25200,RENT,,MEDICAL,D,6000,16.49,0.24,Y,5,0.23809523809523808,2100.0,2.857142857142857,Adult,,0,1,0.9596373,1,High Risk
31,12996,RENT,4.0,MEDICAL,A,1750,6.76,0.13,N,10,0.13465681748230224,1083.0,1.6158818097876269,Adult,3-5 years,0,0,0.27290297,0,Low Risk
24,72000,RENT,8.0,DEBTCONSOLIDATION,C,16000,13.06,0.22,N,4,0.2222222222222222,6000.0,2.6666666666666665,Young,6-10 years,0,0,0.2650722,0,Low Risk
24,24000,RENT,1.0,MEDICAL,A,8500,7.9,0.35,N,2,0.3541666666666667,2000.0,4.25,Young,0-2 years,1,1,0.9898409,1,High Risk
34,28000,OWN,1.0,VENTURE,B,3000,9.99,0.11,N,10,0.10714285714285714,2333.3333333333335,1.2857142857142856,Adult,0-2 years,0,0,0.0008103225,0,Low Risk
24,70000,RENT,3.0,PERSONAL,B,25000,11.86,0.36,N,2,0.35714285714285715,5833.333333333333,4.285714285714286,Young,3-5 years,1,1,0.9885052,1,High Risk
31,66360,MORTGAGE,8.0,HOMEIMPROVEMENT,B,7000,11.86,0.11,N,6,0.10548523206751055,5530.0,1.2658227848101267,Adult,6-10 years,0,0,0.26546106,0,Low Risk
30,76000,RENT,3.0,DEBTCONSOLIDATION,B,12000,10.99,0.16,N,10,0.15789473684210525,6333.333333333333,1.8947368421052633,Adult,3-5 years,0,0,0.16927905,0,Low Risk
28,199000,MORTGAGE,12.0,HOMEIMPROVEMENT,A,10000,9.32,0.05,N,10,0.05025125628140704,16583.333333333332,0.6030150753768845,Adult,10+ years,0,0,0.048942897,0,Low Risk
24,40000,OWN,4.0,PERSONAL,C,2000,14.35,0.05,N,2,0.05,3333.3333333333335,0.6,Young,3-5 years,0,0,0.0012940723,0,Low Risk
24,48732,OTHER,6.0,MEDICAL,A,3500,9.32,0.07,N,4,0.07182139046211934,4061.0,0.8618566855454322,Young,6-10 years,0,0,0.21193175,0,Low Risk
21,59000,RENT,4.0,MEDICAL,C,5000,14.22,0.08,N,3,0.0847457627118644,4916.666666666667,1.0169491525423728,Young,3-5 years,0,1,0.7592436,1,High Risk
28,56052,RENT,8.0,VENTURE,C,7200,11.28,0.13,Y,8,0.12845215157353887,4671.0,1.5414258188824663,Adult,6-10 years,0,0,0.40871328,0,Medium Risk
24,87600,MORTGAGE,8.0,EDUCATION,A,3000,5.99,0.03,N,2,0.03424657534246575,7300.0,0.410958904109589,Young,6-10 years,0,0,0.02563756,0,Low Risk
22,19200,OWN,0.0,VENTURE,B,2400,10.59,0.13,N,3,0.125,1600.0,1.5,Young,0-2 years,0,0,0.0043985154,0,Low Risk
25,48000,RENT,6.0,DEBTCONSOLIDATION,B,7200,11.36,0.15,N,3,0.15,4000.0,1.8,Young,6-10 years,0,0,0.2102128,0,Low Risk
22,27560,OWN,6.0,EDUCATION,B,2800,11.49,0.1,N,4,0.10159651669085631,2296.6666666666665,1.2191582002902759,Young,6-10 years,0,0,0.004376426,0,Low Risk
22,48000,RENT,0.0,PERSONAL,C,3000,14.79,0.06,N,2,0.0625,4000.0,0.75,Young,0-2 years,0,0,0.23596387,0,Low Risk
25,62000,MORTGAGE,7.0,VENTURE,A,12000,5.42,0.19,N,2,0.1935483870967742,5166.666666666667,2.32258064516129,Young,6-10 years,0,0,0.0045166975,0,Low Risk
26,49992,MORTGAGE,10.0,DEBTCONSOLIDATION,B,6000,10.99,0.12,N,2,0.1200192030724916,4166.0,1.4402304368698993,Adult,6-10 years,0,0,0.29490155,0,Low Risk
43,780000,MORTGAGE,2.0,HOMEIMPROVEMENT,A,1000,8.94,0.0,N,11,0.001282051282051282,65000.0,0.015384615384615385,Middle Age,0-2 years,0,0,0.027741324,0,Low Risk
30,21600,RENT,4.0,VENTURE,B,5000,11.71,0.23,N,7,0.23148148148148148,1800.0,2.7777777777777777,Adult,3-5 years,0,0,0.06346636,0,Low Risk
23,62900,RENT,7.0,MEDICAL,D,5000,14.84,0.07,N,4,0.0794912559618442,5241.666666666667,0.9538950715421303,Young,6-10 years,0,1,0.96714026,1,High Risk
24,56000,RENT,2.0,DEBTCONSOLIDATION,B,13000,11.83,0.23,N,4,0.23214285714285715,4666.666666666667,2.7857142857142856,Young,0-2 years,0,0,0.26696992,0,Low Risk
28,39600,RENT,11.0,EDUCATION,B,1500,12.69,0.04,N,5,0.03787878787878788,3300.0,0.45454545454545453,Adult,10+ years,0,0,0.4172296,0,Medium Risk
37,97000,MORTGAGE,7.0,PERSONAL,A,10000,,0.1,N,15,0.10309278350515463,8083.333333333333,1.2371134020618557,Middle Age,6-10 years,0,0,0.038338363,0,Low Risk
38,80000,RENT,0.0,EDUCATION,B,1500,11.49,0.02,N,16,0.01875,6666.666666666667,0.22499999999999998,Middle Age,0-2 years,0,0,0.07626345,0,Low Risk
22,53000,OWN,7.0,VENTURE,B,2250,10.62,0.04,N,3,0.04245283018867924,4416.666666666667,0.5094339622641509,Young,6-10 years,0,0,0.0005171884,0,Low Risk
27,43218,RENT,11.0,PERSONAL,C,5300,14.65,0.12,Y,7,0.1226340876486649,3601.5,1.4716090517839788,Adult,10+ years,0,0,0.37039354,0,Medium Risk
31,44000,OWN,6.0,HOMEIMPROVEMENT,D,17350,13.55,0.39,Y,7,0.39431818181818185,3666.6666666666665,4.731818181818182,Adult,6-10 years,1,0,0.042387113,0,Low Risk
23,35520,RENT,3.0,EDUCATION,C,5000,13.57,0.14,N,3,0.14076576576576577,2960.0,1.6891891891891893,Young,3-5 years,0,0,0.26819417,0,Low Risk
38,81000,MORTGAGE,3.0,DEBTCONSOLIDATION,C,10000,14.27,0.12,N,11,0.12345679012345678,6750.0,1.4814814814814814,Middle Age,3-5 years,0,0,0.2559162,0,Low Risk
32,24696,RENT,1.0,EDUCATION,A,9600,7.14,0.39,N,9,0.38872691933916426,2058.0,4.664723032069971,Adult,0-2 years,1,1,0.9939522,1,High Risk
27,84000,RENT,7.0,MEDICAL,C,12000,13.16,0.14,N,5,0.14285714285714285,7000.0,1.7142857142857142,Adult,6-10 years,0,0,0.15490575,0,Low Risk
24,67000,OWN,3.0,VENTURE,C,13000,,0.19,Y,3,0.19402985074626866,5583.333333333333,2.328358208955224,Young,3-5 years,0,0,0.0042654932,0,Low Risk
24,55680,MORTGAGE,4.0,DEBTCONSOLIDATION,B,7875,10.65,0.14,N,3,0.1414331896551724,4640.0,1.697198275862069,Young,3-5 years,0,0,0.24193382,0,Low Risk
35,78252,MORTGAGE,19.0,VENTURE,D,30000,17.58,0.38,N,8,0.38337678270203956,6521.0,4.600521392424475,Adult,10+ years,1,0,0.59541637,1,Medium Risk
35,37440,RENT,2.0,MEDICAL,B,8000,10.99,0.21,N,9,0.21367521367521367,3120.0,2.5641025641025643,Adult,0-2 years,0,0,0.21374698,0,Low Risk
23,34000,RENT,5.0,DEBTCONSOLIDATION,C,12000,12.84,0.35,N,4,0.35294117647058826,2833.3333333333335,4.235294117647059,Young,3-5 years,1,1,0.9967405,1,High Risk
25,98000,MORTGAGE,2.0,PERSONAL,A,6400,9.63,0.07,N,4,0.0653061224489796,8166.666666666667,0.7836734693877551,Young,0-2 years,0,0,0.031620637,0,Low Risk
33,48000,RENT,11.0,DEBTCONSOLIDATION,B,25000,9.99,0.52,N,10,0.5208333333333334,4000.0,6.25,Adult,10+ years,1,1,0.9934341,1,High Risk
22,38000,RENT,2.0,EDUCATION,C,1500,13.22,0.04,Y,2,0.039473684210526314,3166.6666666666665,0.4736842105263158,Young,0-2 years,0,0,0.2609019,0,Low Risk
26,185000,OWN,10.0,PERSONAL,A,5000,7.68,0.03,N,2,0.02702702702702703,15416.666666666666,0.32432432432432434,Adult,6-10 years,0,0,0.002582902,0,Low Risk
31,36000,RENT,7.0,EDUCATION,B,4500,9.99,0.13,N,10,0.125,3000.0,1.5,Adult,6-10 years,0,0,0.31283802,0,Medium Risk
23,65000,RENT,2.0,VENTURE,A,5000,5.42,0.08,N,2,0.07692307692307693,5416.666666666667,0.923076923076923,Young,0-2 years,0,0,0.0033203932,0,Low Risk
36,38795,MORTGAGE,,HOMEIMPROVEMENT,B,2000,,0.05,N,13,0.051553035184946513,3232.9166666666665,0.6186364222193582,Middle Age,,0,0,0.23208116,0,Low Risk
35,31577,RENT,6.0,MEDICAL,B,5000,9.99,0.16,N,9,0.15834309782436584,2631.4166666666665,1.90011717389239,Adult,6-10 years,0,0,0.41168892,0,Medium Risk
30,54000,MORTGAGE,13.0,MEDICAL,A,10000,7.9,0.19,N,10,0.18518518518518517,4500.0,2.2222222222222223,Adult,10+ years,0,0,0.36241266,0,Medium Risk
42,360000,MORTGAGE,11.0,HOMEIMPROVEMENT,B,25000,9.99,0.07,N,17,0.06944444444444445,30000.0,0.8333333333333334,Middle Age,10+ years,0,0,0.15609848,0,Low Risk
29,35000,RENT,4.0,MEDICAL,A,11000,8.59,0.31,N,10,0.3142857142857143,2916.6666666666665,3.771428571428572,Adult,3-5 years,1,1,0.97548693,1,High Risk
28,56864,MORTGAGE,5.0,PERSONAL,A,12300,7.88,0.22,N,7,0.2163055711873945,4738.666666666667,2.5956668542487336,Adult,3-5 years,0,0,0.12592861,0,Low Risk
26,159960,MORTGAGE,11.0,HOMEIMPROVEMENT,A,18325,7.49,0.11,N,3,0.11455988997249313,13330.0,1.3747186796699176,Adult,10+ years,0,0,0.0647914,0,Low Risk
24,30000,OWN,7.0,HOMEIMPROVEMENT,C,10000,12.61,0.33,N,3,0.3333333333333333,2500.0,4.0,Young,6-10 years,1,0,0.009330076,0,Low Risk
24,33600,RENT,2.0,PERSONAL,A,9450,7.66,0.28,N,2,0.28125,2800.0,3.375,Young,0-2 years,0,1,0.38053715,0,Medium Risk
32,18000,RENT,0.0,EDUCATION,D,4000,15.2,0.22,N,10,0.2222222222222222,1500.0,2.6666666666666665,Adult,0-2 years,0,1,0.9969734,1,High Risk
43,51600,RENT,,VENTURE,B,1500,11.86,0.03,N,12,0.029069767441860465,4300.0,0.3488372093023256,Middle Age,,0,0,0.024561426,0,Low Risk
23,100000,MORTGAGE,7.0,MEDICAL,B,25000,11.71,0.25,N,3,0.25,8333.333333333334,3.0,Young,6-10 years,0,0,0.11972085,0,Low Risk
21,36000,MORTGAGE,3.0,DEBTCONSOLIDATION,A,4000,5.99,0.11,N,4,0.1111111111111111,3000.0,1.3333333333333333,Young,3-5 years,0,0,0.11216233,0,Low Risk
26,70000,MORTGAGE,10.0,EDUCATION,B,5000,9.88,0.07,N,4,0.07142857142857142,5833.333333333333,0.8571428571428572,Adult,6-10 years,0,0,0.17890735,0,Low Risk
25,24000,RENT,4.0,HOMEIMPROVEMENT,B,10000,9.91,0.42,N,4,0.4166666666666667,2000.0,5.0,Young,3-5 years,1,1,0.99695396,1,High Risk
29,67171,RENT,13.0,MEDICAL,A,1600,8.9,0.02,N,7,0.02381980318887615,5597.583333333333,0.2858376382665138,Adult,10+ years,0,0,0.1377897,0,Low Risk
21,82100,RENT,3.0,PERSONAL,A,12200,6.03,0.15,N,2,0.14859926918392205,6841.666666666667,1.7831912302070645,Young,3-5 years,0,0,0.008733223,0,Low Risk
27,28968,RENT,1.0,PERSONAL,C,5000,13.16,0.17,Y,5,0.17260425296879314,2414.0,2.071251035625518,Adult,0-2 years,0,0,0.43865696,0,Medium Risk
24,36000,RENT,5.0,VENTURE,D,3525,14.59,0.1,Y,3,0.09791666666666667,3000.0,1.175,Young,3-5 years,0,0,0.39173758,0,Medium Risk
23,15204,MORTGAGE,7.0,PERSONAL,A,2800,8.49,0.18,N,3,0.1841620626151013,1267.0,2.2099447513812156,Young,6-10 years,0,1,0.9950873,1,High Risk
24,140004,MORTGAGE,4.0,EDUCATION,E,4000,16.45,0.03,N,3,0.02857061226822091,11667.0,0.3428473472186509,Young,3-5 years,0,0,0.4636086,0,Medium Risk
25,145000,MORTGAGE,9.0,HOMEIMPROVEMENT,A,8000,8.49,0.06,N,3,0.05517241379310345,12083.333333333334,0.6620689655172414,Young,6-10 years,0,0,0.04165647,0,Low Risk
25,42000,RENT,4.0,VENTURE,A,1925,6.17,0.05,N,2,0.04583333333333333,3500.0,0.55,Young,3-5 years,0,0,0.011363337,0,Low Risk
22,49000,RENT,1.0,EDUCATION,A,8000,6.91,0.16,N,2,0.16326530612244897,4083.3333333333335,1.9591836734693877,Young,0-2 years,0,1,0.16626747,0,Low Risk
22,74000,MORTGAGE,1.0,VENTURE,E,25000,14.38,0.34,Y,3,0.33783783783783783,6166.666666666667,4.0540540540540535,Young,0-2 years,1,1,0.68992114,1,High Risk
25,55000,RENT,3.0,DEBTCONSOLIDATION,B,1200,11.58,0.02,N,4,0.02181818181818182,4583.333333333333,0.26181818181818184,Young,3-5 years,0,0,0.12523077,0,Low Risk
51,84000,RENT,7.0,HOMEIMPROVEMENT,A,12000,7.49,0.14,N,23,0.14285714285714285,7000.0,1.7142857142857142,Senior,6-10 years,0,0,0.0259309,0,Low Risk
33,72000,MORTGAGE,,VENTURE,A,5000,6.99,0.07,N,7,0.06944444444444445,6000.0,0.8333333333333334,Adult,,0,0,0.0049999785,0,Low Risk
22,123000,MORTGAGE,6.0,EDUCATION,A,7000,7.51,0.06,N,4,0.056910569105691054,10250.0,0.6829268292682927,Young,6-10 years,0,0,0.023028648,0,Low Risk
32,50000,RENT,16.0,HOMEIMPROVEMENT,D,6400,,0.13,Y,10,0.128,4166.666666666667,1.5359999999999998,Adult,10+ years,0,0,0.25927693,0,Low Risk
21,72000,MORTGAGE,5.0,DEBTCONSOLIDATION,A,2000,6.54,0.03,N,2,0.027777777777777776,6000.0,0.3333333333333333,Young,3-5 years,0,0,0.03206861,0,Low Risk
26,115600,MORTGAGE,4.0,VENTURE,A,9925,7.29,0.09,N,4,0.08585640138408304,9633.333333333334,1.0302768166089964,Adult,3-5 years,0,0,0.0061387178,0,Low Risk
27,166000,MORTGAGE,11.0,HOMEIMPROVEMENT,E,30000,,0.18,N,9,0.18072289156626506,13833.333333333334,2.1686746987951806,Adult,10+ years,0,0,0.45735562,0,Medium Risk
34,90000,MORTGAGE,7.0,HOMEIMPROVEMENT,A,7000,5.79,0.08,N,8,0.07777777777777778,7500.0,0.9333333333333333,Adult,6-10 years,0,0,0.012761038,0,Low Risk
26,86502,RENT,7.0,PERSONAL,B,8000,10.36,0.09,N,3,0.09248341078818986,7208.5,1.1098009294582785,Adult,6-10 years,0,0,0.18324414,0,Low Risk
26,42000,RENT,3.0,PERSONAL,C,5000,13.99,0.12,N,3,0.11904761904761904,3500.0,1.4285714285714286,Adult,3-5 years,0,1,0.33579072,0,Medium Risk
22,12000,RENT,0.0,PERSONAL,C,1000,13.57,0.08,N,3,0.08333333333333333,1000.0,1.0,Young,0-2 years,0,1,0.71651685,1,High Risk
22,48000,RENT,0.0,EDUCATION,A,1000,7.29,0.02,N,4,0.020833333333333332,4000.0,0.25,Young,0-2 years,0,0,0.1372906,0,Low Risk
27,44000,RENT,5.0,EDUCATION,B,13650,10.65,0.31,N,5,0.31022727272727274,3666.6666666666665,3.7227272727272727,Adult,3-5 years,1,1,0.99180496,1,High Risk
23,119496,MORTGAGE,7.0,EDUCATION,A,12000,7.88,0.1,N,4,0.1004217714400482,9958.0,1.2050612572805783,Young,6-10 years,0,0,0.018280929,0,Low Risk
29,260000,MORTGAGE,0.0,HOMEIMPROVEMENT,B,20000,10.37,0.08,N,6,0.07692307692307693,21666.666666666668,0.923076923076923,Adult,0-2 years,0,0,0.098256946,0,Low Risk
24,50000,MORTGAGE,4.0,DEBTCONSOLIDATION,B,5000,10.0,0.1,N,4,0.1,4166.666666666667,1.2,Young,3-5 years,0,0,0.12080285,0,Low Risk
22,27804,RENT,2.0,MEDICAL,C,3750,13.85,0.13,Y,4,0.13487268018990073,2317.0,1.6184721622788087,Young,0-2 years,0,0,0.32305607,0,Medium Risk
28,55000,MORTGAGE,6.0,EDUCATION,A,2400,,0.04,N,8,0.04363636363636364,4583.333333333333,0.5236363636363637,Adult,6-10 years,0,0,0.1420475,0,Low Risk
23,115000,MORTGAGE,4.0,EDUCATION,A,24000,7.9,0.21,N,3,0.20869565217391303,9583.333333333334,2.5043478260869563,Young,3-5 years,0,0,0.040215548,0,Low Risk
24,35000,RENT,0.0,MEDICAL,A,1800,7.14,0.05,N,2,0.05142857142857143,2916.6666666666665,0.6171428571428572,Young,0-2 years,0,0,0.069413245,0,Low Risk
24,33000,RENT,1.0,DEBTCONSOLIDATION,B,20000,10.99,0.61,N,3,0.6060606060606061,2750.0,7.2727272727272725,Young,0-2 years,1,1,0.994928,1,High Risk
23,79100,MORTGAGE,4.0,VENTURE,A,3300,5.42,0.04,N,3,0.041719342604298354,6591.666666666667,0.5006321112515802,Young,3-5 years,0,0,0.003836334,0,Low Risk
23,210000,RENT,,EDUCATION,B,12000,10.59,0.06,N,2,0.05714285714285714,17500.0,0.6857142857142857,Young,,0,0,0.10674958,0,Low Risk
34,46500,MORTGAGE,18.0,EDUCATION,D,8500,,0.18,N,9,0.1827956989247312,3875.0,2.193548387096774,Adult,10+ years,0,0,0.4743268,0,Medium Risk
26,64000,MORTGAGE,9.0,DEBTCONSOLIDATION,D,8000,12.17,0.13,N,2,0.125,5333.333333333333,1.5,Adult,6-10 years,0,1,0.96263033,1,High Risk
22,49000,RENT,7.0,DEBTCONSOLIDATION,C,3000,12.23,0.06,Y,2,0.061224489795918366,4083.3333333333335,0.7346938775510203,Young,6-10 years,0,1,0.3444198,0,Medium Risk
24,60000,MORTGAGE,6.0,PERSONAL,C,2400,13.61,0.04,Y,4,0.04,5000.0,0.48,Young,6-10 years,0,0,0.12074095,0,Low Risk
34,30000,RENT,5.0,HOMEIMPROVEMENT,A,3600,6.92,0.12,N,6,0.12,2500.0,1.44,Adult,3-5 years,0,1,0.81449986,1,High Risk
25,58296,RENT,9.0,DEBTCONSOLIDATION,A,5000,6.17,0.09,N,4,0.08576917798819816,4858.0,1.029230135858378,Young,6-10 years,0,0,0.1535359,0,Low Risk
24,29000,RENT,1.0,MEDICAL,B,4000,9.96,0.14,N,3,0.13793103448275862,2416.6666666666665,1.6551724137931036,Young,0-2 years,0,1,0.33321252,0,Medium Risk
27,88000,RENT,11.0,DEBTCONSOLIDATION,A,9000,6.91,0.1,N,10,0.10227272727272728,7333.333333333333,1.2272727272727273,Adult,10+ years,0,0,0.058940716,0,Low Risk
25,40000,RENT,2.0,DEBTCONSOLIDATION,A,7000,8.94,0.17,N,3,0.175,3333.3333333333335,2.1,Young,0-2 years,0,0,0.087312415,0,Low Risk
26,44000,MORTGAGE,4.0,PERSONAL,B,11500,9.63,0.26,N,3,0.26136363636363635,3666.6666666666665,3.1363636363636367,Adult,3-5 years,0,1,0.39594695,0,Medium Risk
22,48000,RENT,6.0,EDUCATION,C,15000,15.96,0.31,N,3,0.3125,4000.0,3.75,Young,6-10 years,1,1,0.97875834,1,High Risk
22,61000,MORTGAGE,1.0,MEDICAL,A,8000,5.79,0.13,N,4,0.13114754098360656,5083.333333333333,1.5737704918032789,Young,0-2 years,0,0,0.079141416,0,Low Risk
23,90000,RENT,4.0,PERSONAL,B,18000,8.88,0.2,N,4,0.2,7500.0,2.4,Young,3-5 years,0,0,0.08492574,0,Low Risk
37,18000,OWN,4.0,PERSONAL,C,1500,13.47,0.08,N,13,0.08333333333333333,1500.0,1.0,Middle Age,3-5 years,0,0,0.08676614,0,Low Risk
28,100000,MORTGAGE,4.0,DEBTCONSOLIDATION,A,7000,8.9,0.07,N,10,0.07,8333.333333333334,0.84,Adult,3-5 years,0,0,0.058567468,0,Low Risk
28,21000,RENT,0.0,PERSONAL,D,4200,15.21,0.2,Y,10,0.2,1750.0,2.4,Adult,0-2 years,0,1,0.9613852,1,High Risk
24,120000,RENT,0.0,PERSONAL,B,6000,10.99,0.05,N,3,0.05,10000.0,0.6,Young,0-2 years,0,0,0.07115627,0,Low Risk
28,170000,MORTGAGE,8.0,PERSONAL,F,20000,18.99,0.12,Y,7,0.11764705882352941,14166.666666666666,1.411764705882353,Adult,6-10 years,0,0,0.41998857,0,Medium Risk
22,48000,RENT,1.0,EDUCATION,B,7200,9.62,0.15,N,3,0.15,4000.0,1.8,Young,0-2 years,0,0,0.15201457,0,Low Risk
23,100000,RENT,4.0,MEDICAL,B,2000,10.62,0.02,N,2,0.02,8333.333333333334,0.24,Young,3-5 years,0,0,0.06974965,0,Low Risk
23,28000,RENT,8.0,DEBTCONSOLIDATION,A,8000,7.74,0.29,N,4,0.2857142857142857,2333.3333333333335,3.4285714285714284,Young,6-10 years,0,0,0.26402092,0,Low Risk
28,140000,RENT,3.0,EDUCATION,B,12000,9.91,0.09,N,10,0.08571428571428572,11666.666666666666,1.0285714285714287,Adult,3-5 years,0,0,0.07206994,0,Low Risk
33,19200,RENT,0.0,MEDICAL,A,8000,7.66,0.42,N,6,0.4166666666666667,1600.0,5.0,Adult,0-2 years,1,1,0.99905115,1,High Risk
26,27880,RENT,1.0,MEDICAL,B,4800,9.25,0.17,N,4,0.17216642754662842,2323.3333333333335,2.065997130559541,Adult,0-2 years,0,0,0.16137584,0,Low Risk
32,50880,RENT,6.0,PERSONAL,F,15000,20.25,0.29,Y,5,0.294811320754717,4240.0,3.5377358490566038,Adult,6-10 years,0,0,0.6081824,1,High Risk
25,60000,MORTGAGE,9.0,DEBTCONSOLIDATION,A,9600,6.03,0.16,N,3,0.16,5000.0,1.92,Young,6-10 years,0,0,0.055553276,0,Low Risk
38,43000,RENT,4.0,DEBTCONSOLIDATION,B,3500,11.83,0.08,N,12,0.08139534883720931,3583.3333333333335,0.9767441860465116,Middle Age,3-5 years,0,0,0.3290208,0,Medium Risk
24,60000,RENT,1.0,EDUCATION,B,12000,10.99,0.2,N,4,0.2,5000.0,2.4,Young,0-2 years,0,0,0.06587819,0,Low Risk
26,42000,MORTGAGE,0.0,EDUCATION,B,4500,11.48,0.11,N,3,0.10714285714285714,3500.0,1.2857142857142858,Adult,0-2 years,0,0,0.3595633,0,Medium Risk
30,60000,RENT,0.0,DEBTCONSOLIDATION,B,4750,9.99,0.08,N,7,0.07916666666666666,5000.0,0.95,Adult,0-2 years,0,0,0.07954692,0,Low Risk
24,54731,RENT,2.0,DEBTCONSOLIDATION,B,3200,11.83,0.06,N,2,0.05846777877254207,4560.916666666667,0.7016133452705048,Young,0-2 years,0,0,0.2525569,0,Low Risk
23,46932,OWN,,EDUCATION,A,7000,5.79,0.15,N,3,0.1491519645444473,3911.0,1.7898235745333675,Young,,0,0,0.002967512,0,Low Risk
21,8088,RENT,,MEDICAL,C,1200,15.23,0.15,Y,2,0.14836795252225518,674.0,1.7804154302670623,Young,,0,0,0.607421,1,High Risk
26,28000,RENT,6.0,EDUCATION,B,5100,11.89,0.18,N,4,0.18214285714285713,2333.3333333333335,2.1857142857142855,Adult,6-10 years,0,0,0.38070258,0,Medium Risk
23,32535,RENT,6.0,PERSONAL,B,4000,,0.12,N,2,0.12294452128477025,2711.25,1.475334255417243,Young,6-10 years,0,0,0.5404239,1,Medium Risk
24,38400,RENT,4.0,VENTURE,A,4000,7.29,0.1,N,3,0.10416666666666667,3200.0,1.25,Young,3-5 years,0,0,0.006311457,0,Low Risk
31,260000,MORTGAGE,6.0,DEBTCONSOLIDATION,C,25000,13.57,0.1,Y,10,0.09615384615384616,21666.666666666668,1.1538461538461537,Adult,6-10 years,0,0,0.21645978,0,Low Risk
35,78000,MORTGAGE,9.0,HOMEIMPROVEMENT,B,9450,10.99,0.12,N,8,0.12115384615384615,6500.0,1.4538461538461538,Adult,6-10 years,0,0,0.4204717,0,Medium Risk
29,150000,RENT,9.0,HOMEIMPROVEMENT,E,15000,16.32,0.1,Y,5,0.1,12500.0,1.2,Adult,6-10 years,0,0,0.37897357,0,Medium Risk
23,120000,MORTGAGE,7.0,DEBTCONSOLIDATION,A,4900,7.14,0.04,N,4,0.04083333333333333,10000.0,0.49,Young,6-10 years,0,0,0.026755957,0,Low Risk
23,18000,RENT,1.0,VENTURE,C,3250,13.22,0.18,N,2,0.18055555555555555,1500.0,2.1666666666666665,Young,0-2 years,0,1,0.9912731,1,High Risk
27,109000,MORTGAGE,7.0,EDUCATION,A,3950,6.03,0.04,N,7,0.036238532110091745,9083.333333333334,0.4348623853211009,Adult,6-10 years,0,0,0.021716814,0,Low Risk
23,32000,RENT,0.0,MEDICAL,C,8500,13.16,0.27,Y,4,0.265625,2666.6666666666665,3.1875,Young,0-2 years,0,0,0.51728654,1,Medium Risk
23,55000,RENT,0.0,VENTURE,C,12300,,0.22,N,4,0.22363636363636363,4583.333333333333,2.6836363636363636,Young,0-2 years,0,0,0.15284708,0,Low Risk
33,106000,MORTGAGE,2.0,EDUCATION,A,6000,8.49,0.06,N,8,0.05660377358490566,8833.333333333334,0.6792452830188679,Adult,0-2 years,0,0,0.021570297,0,Low Risk
38,81000,RENT,0.0,HOMEIMPROVEMENT,A,24000,8.49,0.3,N,13,0.2962962962962963,6750.0,3.5555555555555554,Middle Age,0-2 years,1,0,0.109548636,0,Low Risk
24,46000,MORTGAGE,9.0,EDUCATION,A,12000,7.88,0.26,N,4,0.2608695652173913,3833.3333333333335,3.1304347826086953,Young,6-10 years,0,1,0.14495218,0,Low Risk
26,92400,MORTGAGE,8.0,MEDICAL,A,14500,7.88,0.16,N,4,0.15692640692640691,7700.0,1.8831168831168832,Adult,6-10 years,0,0,0.020398237,0,Low Risk
32,135000,MORTGAGE,1.0,DEBTCONSOLIDATION,B,16000,,0.12,N,10,0.11851851851851852,11250.0,1.4222222222222223,Adult,0-2 years,0,0,0.110600896,0,Low Risk
26,43000,RENT,3.0,EDUCATION,C,2500,13.49,0.06,N,2,0.05813953488372093,3583.3333333333335,0.6976744186046512,Adult,3-5 years,0,0,0.24773297,0,Low Risk
23,57000,MORTGAGE,7.0,PERSONAL,A,9250,5.99,0.16,N,4,0.16228070175438597,4750.0,1.9473684210526316,Young,6-10 years,0,0,0.08001537,0,Low Risk
26,66300,RENT,0.0,MEDICAL,D,17000,16.77,0.22,Y,3,0.2564102564102564,5525.0,3.076923076923077,Adult,0-2 years,0,1,0.98564667,1,High Risk
33,44004,MORTGAGE,4.0,EDUCATION,A,9275,7.29,0.21,N,7,0.21077629306426687,3667.0,2.5293155167712027,Adult,3-5 years,0,0,0.18369475,0,Low Risk
22,50000,RENT,1.0,MEDICAL,A,11000,,0.22,N,2,0.22,4166.666666666667,2.6399999999999997,Young,0-2 years,0,0,0.051229794,0,Low Risk
24,65200,MORTGAGE,5.0,MEDICAL,B,3000,11.26,0.05,N,3,0.046012269938650305,5433.333333333333,0.5521472392638037,Young,3-5 years,0,0,0.18748303,0,Low Risk
21,21600,RENT,0.0,MEDICAL,B,2000,11.71,0.09,N,4,0.09259259259259259,1800.0,1.1111111111111112,Young,0-2 years,0,1,0.37664646,0,Medium Risk
28,132650,MORTGAGE,12.0,MEDICAL,B,20000,10.65,0.15,N,5,0.15077271013946475,11054.166666666666,1.8092725216735772,Adult,10+ years,0,0,0.05973848,0,Low Risk
24,20856,OWN,,VENTURE,B,10000,10.59,0.48,N,4,0.4794783275795934,1738.0,5.7537399309551205,Young,,1,0,0.0035483576,0,Low Risk
24,110000,MORTGAGE,8.0,PERSONAL,C,5600,12.98,0.05,Y,4,0.05090909090909091,9166.666666666666,0.610909090909091,Young,6-10 years,0,0,0.06506527,0,Low Risk
35,60000,RENT,3.0,HOMEIMPROVEMENT,A,8000,5.79,0.13,N,10,0.13333333333333333,5000.0,1.6,Adult,3-5 years,0,0,0.04817599,0,Low Risk
28,25000,RENT,1.0,MEDICAL,B,12000,9.83,0.48,N,9,0.48,2083.3333333333335,5.76,Adult,0-2 years,1,1,0.99447495,1,High Risk
27,44000,RENT,2.0,MEDICAL,A,7000,7.14,0.16,N,7,0.1590909090909091,3666.6666666666665,1.9090909090909092,Adult,0-2 years,0,0,0.23724507,0,Low Risk
22,75000,MORTGAGE,2.0,MEDICAL,A,8150,7.51,0.11,N,4,0.10866666666666666,6250.0,1.304,Young,0-2 years,0,0,0.09287857,0,Low Risk
36,82000,RENT,12.0,HOMEIMPROVEMENT,C,18000,13.22,0.22,N,17,0.21951219512195122,6833.333333333333,2.6341463414634148,Middle Age,10+ years,0,0,0.24187662,0,Low Risk
25,44000,RENT,2.0,PERSONAL,D,10000,15.65,0.23,N,2,0.22727272727272727,3666.6666666666665,2.7272727272727275,Young,0-2 years,0,1,0.9822442,1,High Risk
26,75000,RENT,4.0,VENTURE,B,12000,10.37,0.16,N,4,0.16,6250.0,1.92,Adult,3-5 years,0,0,0.0058591664,0,Low Risk
25,80004,MORTGAGE,8.0,PERSONAL,A,6000,8.0,0.07,N,2,0.07499625018749062,6667.0,0.8999550022498876,Young,6-10 years,0,1,0.10306731,0,Low Risk
27,100970,MORTGAGE,5.0,VENTURE,B,20000,11.99,0.2,N,9,0.19807863721897592,8414.166666666666,2.376943646627711,Adult,3-5 years,0,0,0.012990706,0,Low Risk
28,114400,MORTGAGE,0.0,PERSONAL,A,12000,7.29,0.1,N,6,0.1048951048951049,9533.333333333334,1.2587412587412588,Adult,0-2 years,0,0,0.0416903,0,Low Risk
24,101900,MORTGAGE,0.0,VENTURE,A,13600,6.62,0.13,N,3,0.13346418056918546,8491.666666666666,1.6015701668302258,Young,0-2 years,0,0,0.0019918564,0,Low Risk
27,43200,RENT,4.0,MEDICAL,B,4200,10.74,0.1,N,6,0.09722222222222222,3600.0,1.1666666666666667,Adult,3-5 years,0,0,0.16715822,0,Low Risk
28,75000,MORTGAGE,12.0,DEBTCONSOLIDATION,C,15250,11.34,0.2,Y,7,0.20333333333333334,6250.0,2.44,Adult,10+ years,0,0,0.29733413,0,Low Risk
22,24000,RENT,0.0,EDUCATION,B,4500,11.49,0.19,N,2,0.1875,2000.0,2.25,Young,0-2 years,0,0,0.22946362,0,Low Risk
25,108000,MORTGAGE,0.0,HOMEIMPROVEMENT,B,21000,11.71,0.19,N,4,0.19444444444444445,9000.0,2.3333333333333335,Young,0-2 years,0,0,0.20737232,0,Low Risk
24,24000,RENT,6.0,DEBTCONSOLIDATION,B,10000,10.99,0.42,N,4,0.4166666666666667,2000.0,5.0,Young,6-10 years,1,1,0.9933478,1,High Risk
23,75000,MORTGAGE,7.0,PERSONAL,B,4950,10.99,0.07,N,3,0.066,6250.0,0.792,Young,6-10 years,0,0,0.21218073,0,Low Risk
27,72000,MORTGAGE,6.0,EDUCATION,A,6000,5.42,0.08,N,10,0.08333333333333333,6000.0,1.0,Adult,6-10 years,0,0,0.05158499,0,Low Risk
23,34800,RENT,7.0,EDUCATION,A,2500,6.39,0.07,N,2,0.07183908045977011,2900.0,0.8620689655172413,Young,6-10 years,0,0,0.20457871,0,Low Risk
37,26500,RENT,11.0,EDUCATION,C,2000,13.16,0.08,Y,16,0.07547169811320754,2208.3333333333335,0.9056603773584905,Middle Age,10+ years,0,0,0.34323806,0,Medium Risk
23,40000,RENT,2.0,EDUCATION,A,1000,6.03,0.03,N,2,0.025,3333.3333333333335,0.3,Young,0-2 years,0,0,0.021386206,0,Low Risk
26,150000,OWN,6.0,EDUCATION,D,7000,14.96,0.05,Y,4,0.04666666666666667,12500.0,0.56,Adult,6-10 years,0,0,0.0033995481,0,Low Risk
37,56000,MORTGAGE,2.0,HOMEIMPROVEMENT,A,13000,9.63,0.23,N,17,0.23214285714285715,4666.666666666667,2.7857142857142856,Middle Age,0-2 years,0,0,0.10579749,0,Low Risk
23,59800,MORTGAGE,7.0,VENTURE,C,15000,15.96,0.25,Y,3,0.2508361204013378,4983.333333333333,3.0100334448160537,Young,6-10 years,0,0,0.5216322,1,Medium Risk
23,18600,RENT,2.0,DEBTCONSOLIDATION,B,1700,9.99,0.09,N,3,0.0913978494623656,1550.0,1.096774193548387,Young,0-2 years,0,0,0.31987724,0,Medium Risk
38,53712,MORTGAGE,7.0,VENTURE,C,4000,13.43,0.07,Y,12,0.07447125409591898,4476.0,0.8936550491510277,Middle Age,6-10 years,0,0,0.2661741,0,Low Risk
24,70000,RENT,0.0,EDUCATION,A,10000,7.29,0.14,N,4,0.14285714285714285,5833.333333333333,1.7142857142857144,Young,0-2 years,0,0,0.030172134,0,Low Risk
22,65100,RENT,3.0,EDUCATION,E,6000,16.2,0.09,N,4,0.09216589861751152,5425.0,1.1059907834101383,Young,3-5 years,0,0,0.48319048,0,Medium Risk
27,70000,MORTGAGE,11.0,PERSONAL,A,5600,5.42,0.08,N,7,0.08,5833.333333333333,0.9600000000000001,Adult,10+ years,0,0,0.045423485,0,Low Risk
21,60000,MORTGAGE,2.0,VENTURE,B,6000,10.62,0.1,N,4,0.1,5000.0,1.2,Young,0-2 years,0,0,0.0039766436,0,Low Risk
24,25000,RENT,0.0,HOMEIMPROVEMENT,B,8500,12.21,0.34,N,2,0.34,2083.3333333333335,4.08,Young,0-2 years,1,1,0.9971944,1,High Risk
24,98000,RENT,2.0,DEBTCONSOLIDATION,E,15000,14.93,0.15,N,2,0.15306122448979592,8166.666666666667,1.836734693877551,Young,0-2 years,0,1,0.9779645,1,High Risk
22,46000,RENT,3.0,EDUCATION,B,11000,10.59,0.24,N,3,0.2391304347826087,3833.3333333333335,2.869565217391304,Young,3-5 years,0,0,0.18411846,0,Low Risk
26,45000,RENT,0.0,DEBTCONSOLIDATION,B,9000,10.39,0.2,N,2,0.2,3750.0,2.4,Adult,0-2 years,0,0,0.12886208,0,Low Risk
26,37680,RENT,5.0,MEDICAL,D,2000,14.96,0.05,Y,2,0.05307855626326964,3140.0,0.6369426751592356,Adult,3-5 years,0,1,0.84316176,1,High Risk
25,175000,RENT,2.0,PERSONAL,A,25000,8.9,0.14,N,2,0.14285714285714285,14583.333333333334,1.7142857142857142,Young,0-2 years,0,0,0.050510306,0,Low Risk
40,64200,RENT,2.0,DEBTCONSOLIDATION,A,3000,7.74,0.05,N,17,0.04672897196261682,5350.0,0.5607476635514018,Middle Age,0-2 years,0,0,0.062206093,0,Low Risk
33,75000,MORTGAGE,3.0,HOMEIMPROVEMENT,B,15000,12.21,0.2,N,10,0.2,6250.0,2.4,Adult,3-5 years,0,0,0.15898496,0,Low Risk
24,41000,RENT,1.0,DEBTCONSOLIDATION,C,7000,12.53,0.17,N,2,0.17073170731707318,3416.6666666666665,2.048780487804878,Young,0-2 years,0,0,0.29834095,0,Low Risk
34,28000,OWN,1.0,HOMEIMPROVEMENT,B,3000,9.99,0.11,N,5,0.10714285714285714,2333.3333333333335,1.2857142857142856,Adult,0-2 years,0,0,0.009255412,0,Low Risk
23,42870,RENT,7.0,MEDICAL,A,2000,5.42,0.05,N,3,0.046652670865407045,3572.5,0.5598320503848845,Young,6-10 years,0,0,0.062437747,0,Low Risk
22,65004,RENT,4.0,VENTURE,E,15000,16.95,0.23,N,3,0.23075503045966403,5417.0,2.7690603655159682,Young,3-5 years,0,0,0.42602977,0,Medium Risk
22,35000,RENT,1.0,EDUCATION,C,2400,,0.07,Y,2,0.06857142857142857,2916.6666666666665,0.822857142857143,Young,0-2 years,0,0,0.22420889,0,Low Risk
22,31200,RENT,0.0,PERSONAL,D,8000,14.3,0.26,Y,3,0.2564102564102564,2600.0,3.076923076923077,Young,0-2 years,0,1,0.9802576,1,High Risk
24,100000,MORTGAGE,8.0,HOMEIMPROVEMENT,A,12000,6.92,0.12,N,2,0.12,8333.333333333334,1.44,Young,6-10 years,0,0,0.0184308,0,Low Risk
36,69000,RENT,0.0,HOMEIMPROVEMENT,D,25000,14.59,0.36,N,12,0.36231884057971014,5750.0,4.3478260869565215,Middle Age,0-2 years,1,1,0.9980719,1,High Risk
29,42000,MORTGAGE,6.0,EDUCATION,A,5500,7.66,0.13,N,10,0.13095238095238096,3500.0,1.5714285714285714,Adult,6-10 years,0,1,0.12872769,0,Low Risk
22,33000,RENT,1.0,EDUCATION,B,5000,10.25,0.15,N,2,0.15151515151515152,2750.0,1.8181818181818181,Young,0-2 years,0,0,0.35861444,0,Medium Risk
29,39000,MORTGAGE,12.0,EDUCATION,A,16000,5.99,0.41,N,8,0.41025641025641024,3250.0,4.923076923076923,Adult,10+ years,1,0,0.43516663,0,Medium Risk
26,84000,RENT,4.0,DEBTCONSOLIDATION,B,15000,10.14,0.18,N,4,0.17857142857142858,7000.0,2.142857142857143,Adult,3-5 years,0,0,0.14081477,0,Low Risk
30,28000,RENT,5.0,DEBTCONSOLIDATION,C,12000,14.22,0.43,N,8,0.42857142857142855,2333.3333333333335,5.142857142857142,Adult,3-5 years,1,1,0.99584323,1,High Risk
25,57200,MORTGAGE,1.0,EDUCATION,A,2400,7.49,0.04,N,2,0.04195804195804196,4766.666666666667,0.5034965034965034,Young,0-2 years,0,0,0.12194762,0,Low Risk
23,42000,RENT,2.0,PERSONAL,C,6000,12.41,0.14,N,4,0.14285714285714285,3500.0,1.7142857142857142,Young,0-2 years,0,1,0.30062327,0,Medium Risk
24,59000,RENT,7.0,HOMEIMPROVEMENT,D,15250,14.96,0.26,N,4,0.2584745762711864,4916.666666666667,3.101694915254237,Young,6-10 years,0,0,0.7497225,1,High Risk
26,30000,RENT,11.0,MEDICAL,B,5000,,0.17,N,2,0.16666666666666666,2500.0,2.0,Adult,10+ years,0,0,0.41858518,0,Medium Risk
31,15000,RENT,,EDUCATION,A,5000,,0.33,N,10,0.3333333333333333,1250.0,4.0,Adult,,1,1,0.99927634,1,High Risk
22,36000,MORTGAGE,3.0,MEDICAL,B,6000,12.53,0.17,N,2,0.16666666666666666,3000.0,2.0,Young,3-5 years,0,0,0.34302363,0,Medium Risk
24,92000,MORTGAGE,9.0,PERSONAL,E,25000,17.93,0.27,Y,2,0.2717391304347826,7666.666666666667,3.260869565217391,Young,6-10 years,0,0,0.44536483,0,Medium Risk
28,90000,MORTGAGE,13.0,HOMEIMPROVEMENT,A,1800,7.51,0.02,N,5,0.02,7500.0,0.24,Adult,10+ years,0,0,0.15598956,0,Low Risk
25,39000,RENT,1.0,HOMEIMPROVEMENT,D,10750,14.59,0.28,Y,4,0.27564102564102566,3250.0,3.3076923076923075,Young,0-2 years,0,1,0.9940698,1,High Risk
28,62000,RENT,2.0,PERSONAL,B,3000,9.96,0.05,N,9,0.04838709677419355,5166.666666666667,0.5806451612903225,Adult,0-2 years,0,0,0.099004455,0,Low Risk
26,35500,RENT,10.0,DEBTCONSOLIDATION,D,8400,17.27,0.24,N,4,0.23661971830985915,2958.3333333333335,2.8394366197183096,Adult,6-10 years,0,1,0.9806372,1,High Risk
32,16800,RENT,0.0,PERSONAL,C,5000,14.35,0.3,Y,7,0.2976190476190476,1400.0,3.5714285714285716,Adult,0-2 years,1,1,0.9889592,1,High Risk
28,28089,RENT,0.0,PERSONAL,C,5500,12.22,0.2,Y,5,0.19580618747552422,2340.75,2.3496742497062906,Adult,0-2 years,0,0,0.2939772,0,Low Risk
24,83000,RENT,5.0,PERSONAL,D,25000,12.92,0.3,Y,3,0.30120481927710846,6916.666666666667,3.614457831325301,Young,3-5 years,1,0,0.71441936,1,High Risk
27,66000,RENT,6.0,VENTURE,A,10000,7.9,0.15,N,7,0.15151515151515152,5500.0,1.8181818181818181,Adult,6-10 years,0,0,0.007188178,0,Low Risk
37,100000,MORTGAGE,0.0,VENTURE,C,9600,13.22,0.1,Y,17,0.096,8333.333333333334,1.152,Middle Age,0-2 years,0,0,0.11485651,0,Low Risk
28,48000,RENT,4.0,VENTURE,D,2000,14.96,0.04,N,5,0.041666666666666664,4000.0,0.5,Adult,3-5 years,0,0,0.28380692,0,Low Risk
26,50004,MORTGAGE,10.0,EDUCATION,A,5000,9.32,0.1,N,2,0.0999920006399488,4167.0,1.1999040076793857,Adult,6-10 years,0,0,0.16846508,0,Low Risk
31,52000,MORTGAGE,8.0,HOMEIMPROVEMENT,A,6400,7.88,0.12,N,10,0.12307692307692308,4333.333333333333,1.476923076923077,Adult,6-10 years,0,0,0.10330357,0,Low Risk
33,65000,RENT,4.0,VENTURE,A,1000,,0.02,N,9,0.015384615384615385,5416.666666666667,0.1846153846153846,Adult,3-5 years,0,0,0.008717777,0,Low Risk
31,70000,MORTGAGE,9.0,MEDICAL,A,6000,7.49,0.09,N,7,0.08571428571428572,5833.333333333333,1.0285714285714287,Adult,6-10 years,0,0,0.052687455,0,Low Risk
24,58000,RENT,5.0,MEDICAL,A,5000,7.49,0.09,N,2,0.08620689655172414,4833.333333333333,1.0344827586206897,Young,3-5 years,0,0,0.1358516,0,Low Risk
30,130000,MORTGAGE,14.0,VENTURE,B,7000,9.91,0.05,N,9,0.05384615384615385,10833.333333333334,0.6461538461538461,Adult,10+ years,0,0,0.003511388,0,Low Risk
31,33600,MORTGAGE,1.0,HOMEIMPROVEMENT,B,15250,12.53,0.45,N,6,0.4538690476190476,2800.0,5.446428571428571,Adult,0-2 years,1,0,0.52581584,1,Medium Risk
28,64600,RENT,3.0,PERSONAL,C,10000,13.48,0.15,Y,7,0.15479876160990713,5383.333333333333,1.8575851393188856,Adult,3-5 years,0,0,0.22978605,0,Low Risk
24,38000,RENT,8.0,MEDICAL,B,4500,10.83,0.12,N,2,0.11842105263157894,3166.6666666666665,1.4210526315789473,Young,6-10 years,0,0,0.23657337,0,Low Risk
29,45000,OWN,8.0,MEDICAL,B,8000,12.21,0.18,N,10,0.17777777777777778,3750.0,2.1333333333333333,Adult,6-10 years,0,0,0.003068718,0,Low Risk
24,51000,MORTGAGE,5.0,HOMEIMPROVEMENT,A,3600,7.14,0.07,N,2,0.07058823529411765,4250.0,0.8470588235294118,Young,3-5 years,0,0,0.19342478,0,Low Risk
29,84996,MORTGAGE,13.0,DEBTCONSOLIDATION,A,6000,7.68,0.07,N,8,0.07059155724975293,7083.0,0.8470986869970352,Adult,10+ years,0,0,0.03803231,0,Low Risk
28,65000,RENT,9.0,PERSONAL,A,10400,5.42,0.16,N,8,0.16,5416.666666666667,1.92,Adult,6-10 years,0,0,0.028351612,0,Low Risk
30,66000,MORTGAGE,14.0,DEBTCONSOLIDATION,C,11200,13.49,0.17,N,6,0.1696969696969697,5500.0,2.036363636363636,Adult,10+ years,0,1,0.27828136,0,Low Risk
24,53000,OWN,8.0,MEDICAL,A,3350,6.76,0.06,N,2,0.06320754716981132,4416.666666666667,0.7584905660377358,Young,6-10 years,0,0,0.003976921,0,Low Risk
30,59000,MORTGAGE,0.0,MEDICAL,A,10000,7.51,0.17,N,8,0.1694915254237288,4916.666666666667,2.0338983050847457,Adult,0-2 years,0,0,0.40859997,0,Medium Risk
29,41000,MORTGAGE,7.0,VENTURE,A,6000,5.79,0.15,N,8,0.14634146341463414,3416.6666666666665,1.7560975609756098,Adult,6-10 years,0,0,0.008374666,0,Low Risk
31,30000,RENT,1.0,HOMEIMPROVEMENT,C,2500,13.57,0.08,Y,8,0.08333333333333333,2500.0,1.0,Adult,0-2 years,0,1,0.9501315,1,High Risk
42,64464,MORTGAGE,13.0,MEDICAL,E,30000,19.03,0.4,N,17,0.4653760238272524,5372.0,5.584512285927029,Middle Age,10+ years,1,1,0.9647046,1,High Risk
24,69000,RENT,0.0,PERSONAL,E,10000,17.14,0.14,N,4,0.14492753623188406,5750.0,1.7391304347826086,Young,0-2 years,0,1,0.96711135,1,High Risk
34,48000,MORTGAGE,10.0,DEBTCONSOLIDATION,A,9000,7.14,0.19,N,6,0.1875,4000.0,2.25,Adult,6-10 years,0,0,0.08527749,0,Low Risk
26,74000,RENT,2.0,EDUCATION,C,8000,13.92,0.11,N,3,0.10810810810810811,6166.666666666667,1.2972972972972971,Adult,0-2 years,0,0,0.3765953,0,Medium Risk
25,98400,RENT,4.0,PERSONAL,D,16525,15.28,0.17,Y,3,0.1679369918699187,8200.0,2.0152439024390243,Young,3-5 years,0,0,0.42597088,0,Medium Risk
32,86000,MORTGAGE,4.0,MEDICAL,B,10800,12.42,0.13,N,7,0.12558139534883722,7166.666666666667,1.5069767441860464,Adult,3-5 years,0,0,0.07985882,0,Low Risk
26,116004,MORTGAGE,11.0,VENTURE,B,20000,12.21,0.17,N,2,0.1724078480052412,9667.0,2.0688941760628943,Adult,10+ years,0,0,0.02470993,0,Low Risk
22,50000,RENT,6.0,EDUCATION,A,10000,7.88,0.2,N,4,0.2,4166.666666666667,2.4,Young,6-10 years,0,0,0.0348903,0,Low Risk
22,32000,RENT,3.0,DEBTCONSOLIDATION,A,5600,7.9,0.17,N,3,0.175,2666.6666666666665,2.1,Young,3-5 years,0,0,0.39411765,0,Medium Risk
24,50000,MORTGAGE,8.0,EDUCATION,A,3000,7.66,0.06,N,2,0.06,4166.666666666667,0.72,Young,6-10 years,0,0,0.052444067,0,Low Risk
25,48000,MORTGAGE,0.0,MEDICAL,C,23500,13.49,0.49,Y,4,0.4895833333333333,4000.0,5.875,Young,0-2 years,1,0,0.7483534,1,High Risk
24,60400,OWN,5.0,VENTURE,A,5500,8.0,0.09,N,2,0.09105960264900662,5033.333333333333,1.0927152317880795,Young,3-5 years,0,0,0.0003914068,0,Low Risk
33,38500,RENT,1.0,DEBTCONSOLIDATION,A,5000,7.14,0.13,N,10,0.12987012987012986,3208.3333333333335,1.5584415584415583,Adult,0-2 years,0,0,0.10000893,0,Low Risk
31,42000,RENT,2.0,DEBTCONSOLIDATION,A,2200,9.63,0.05,N,8,0.05238095238095238,3500.0,0.6285714285714286,Adult,0-2 years,0,0,0.17225853,0,Low Risk
28,138600,MORTGAGE,10.0,DEBTCONSOLIDATION,C,12000,12.99,0.09,N,7,0.08658008658008658,11550.0,1.0389610389610389,Adult,6-10 years,0,0,0.12616178,0,Low Risk
21,72500,RENT,3.0,EDUCATION,C,14000,13.49,0.19,Y,3,0.19310344827586207,6041.666666666667,2.3172413793103446,Young,3-5 years,0,0,0.1760516,0,Low Risk
25,101877,RENT,9.0,VENTURE,B,6600,10.99,0.06,N,2,0.06478400424040755,8489.75,0.7774080508848906,Young,6-10 years,0,0,0.007025969,0,Low Risk
33,68500,RENT,6.0,HOMEIMPROVEMENT,B,8000,10.62,0.12,N,6,0.11678832116788321,5708.333333333333,1.4014598540145986,Adult,6-10 years,0,0,0.20578578,0,Low Risk
24,92000,MORTGAGE,8.0,VENTURE,B,11000,10.99,0.12,N,3,0.11956521739130435,7666.666666666667,1.434782608695652,Young,6-10 years,0,0,0.009017684,0,Low Risk
23,148000,RENT,1.0,DEBTCONSOLIDATION,E,25000,14.93,0.17,N,3,0.16891891891891891,12333.333333333334,2.0270270270270268,Young,0-2 years,0,1,0.9746255,1,High Risk
23,45000,MORTGAGE,4.0,EDUCATION,B,9925,11.48,0.22,N,2,0.22055555555555556,3750.0,2.6466666666666665,Young,3-5 years,0,0,0.15563843,0,Low Risk
24,56496,RENT,5.0,EDUCATION,A,2000,9.32,0.04,N,3,0.03540073633531578,4708.0,0.42480883602378927,Young,3-5 years,0,0,0.21312594,0,Low Risk
33,56000,MORTGAGE,13.0,MEDICAL,A,12000,6.62,0.21,N,6,0.21428571428571427,4666.666666666667,2.571428571428571,Adult,10+ years,0,0,0.14555332,0,Low Risk
36,45000,OWN,4.0,DEBTCONSOLIDATION,D,8000,14.74,0.18,Y,13,0.17777777777777778,3750.0,2.1333333333333333,Middle Age,3-5 years,0,0,0.012326152,0,Low Risk
45,60000,RENT,4.0,EDUCATION,B,25000,9.99,0.42,N,14,0.4166666666666667,5000.0,5.0,Middle Age,3-5 years,1,1,0.99059826,1,High Risk
22,83000,RENT,2.0,PERSONAL,D,16000,,0.19,N,3,0.1927710843373494,6916.666666666667,2.3132530120481927,Young,0-2 years,0,1,0.80075634,1,High Risk
42,31000,MORTGAGE,5.0,VENTURE,B,7200,11.99,0.23,N,17,0.23225806451612904,2583.3333333333335,2.7870967741935484,Middle Age,3-5 years,0,0,0.048630685,0,Low Risk
24,30000,RENT,3.0,EDUCATION,B,6000,11.71,0.2,N,4,0.2,2500.0,2.4,Young,3-5 years,0,0,0.42306522,0,Medium Risk
23,49800,RENT,2.0,PERSONAL,B,2400,11.83,0.05,N,2,0.04819277108433735,4150.0,0.5783132530120482,Young,0-2 years,0,0,0.31221566,0,Medium Risk
25,67000,RENT,3.0,EDUCATION,A,7000,8.94,0.1,N,4,0.1044776119402985,5583.333333333333,1.2537313432835822,Young,3-5 years,0,0,0.13976261,0,Low Risk
24,54000,MORTGAGE,8.0,HOMEIMPROVEMENT,B,8500,10.99,0.16,N,3,0.1574074074074074,4500.0,1.8888888888888888,Young,6-10 years,0,0,0.5650583,1,Medium Risk
26,54996,RENT,3.0,HOMEIMPROVEMENT,B,5000,11.86,0.09,N,2,0.09091570296021528,4583.0,1.0909884355225834,Adult,3-5 years,0,0,0.3272844,0,Medium Risk
26,102000,MORTGAGE,6.0,DEBTCONSOLIDATION,C,6000,13.61,0.06,N,2,0.058823529411764705,8500.0,0.7058823529411765,Adult,6-10 years,0,0,0.089879595,0,Low Risk
26,95000,MORTGAGE,10.0,VENTURE,B,5000,9.88,0.05,N,2,0.05263157894736842,7916.666666666667,0.631578947368421,Adult,6-10 years,0,0,0.0074993437,0,Low Risk
34,275004,MORTGAGE,2.0,VENTURE,D,25000,16.32,0.09,Y,9,0.0909077686142747,22917.0,1.0908932233712965,Adult,0-2 years,0,0,0.38620013,0,Medium Risk
22,39124,OWN,6.0,VENTURE,A,5000,7.74,0.13,N,4,0.12779879357938861,3260.3333333333335,1.5335855229526631,Young,6-10 years,0,0,0.00096494285,0,Low Risk
29,30000,MORTGAGE,3.0,MEDICAL,B,4000,,0.13,N,7,0.13333333333333333,2500.0,1.6,Adult,3-5 years,0,0,0.35643888,0,Medium Risk
24,75996,RENT,1.0,DEBTCONSOLIDATION,E,10000,16.0,0.13,N,2,0.13158587294068108,6333.0,1.579030475288173,Young,0-2 years,0,1,0.97794306,1,High Risk
25,50000,MORTGAGE,0.0,VENTURE,A,2600,6.03,0.05,N,3,0.052,4166.666666666667,0.624,Young,0-2 years,0,0,0.0025659525,0,Low Risk
31,83000,RENT,5.0,PERSONAL,B,6300,10.65,0.08,N,5,0.07590361445783132,6916.666666666667,0.9108433734939758,Adult,3-5 years,0,0,0.12611598,0,Low Risk
28,36000,RENT,13.0,MEDICAL,A,10000,8.59,0.28,N,9,0.2777777777777778,3000.0,3.3333333333333335,Adult,10+ years,0,0,0.16123454,0,Low Risk
23,90000,MORTGAGE,1.0,EDUCATION,B,12000,12.18,0.13,N,4,0.13333333333333333,7500.0,1.6,Young,0-2 years,0,0,0.042612627,0,Low Risk
22,66250,MORTGAGE,5.0,MEDICAL,A,8700,6.92,0.13,N,3,0.13132075471698113,5520.833333333333,1.5758490566037737,Young,3-5 years,0,0,0.04933067,0,Low Risk
28,30000,RENT,4.0,DEBTCONSOLIDATION,A,8000,,0.27,N,8,0.26666666666666666,2500.0,3.2,Adult,3-5 years,0,0,0.32375014,0,Medium Risk
29,69000,MORTGAGE,5.0,HOMEIMPROVEMENT,A,14000,7.51,0.2,N,5,0.2028985507246377,5750.0,2.4347826086956523,Adult,3-5 years,0,0,0.51772135,1,Medium Risk
36,33600,OWN,,PERSONAL,A,3000,8.49,0.09,N,14,0.08928571428571429,2800.0,1.0714285714285714,Middle Age,,0,0,0.009402525,0,Low Risk
28,105000,RENT,0.0,VENTURE,E,20000,,0.19,N,7,0.19047619047619047,8750.0,2.2857142857142856,Adult,0-2 years,0,1,0.70861477,1,High Risk
27,75000,RENT,7.0,VENTURE,B,15000,11.14,0.2,N,6,0.2,6250.0,2.4,Adult,6-10 years,0,0,0.011550797,0,Low Risk
25,53000,RENT,6.0,DEBTCONSOLIDATION,C,3000,13.99,0.06,N,4,0.05660377358490566,4416.666666666667,0.6792452830188679,Young,6-10 years,0,0,0.2369713,0,Low Risk
24,36000,MORTGAGE,3.0,EDUCATION,B,8000,9.83,0.22,N,3,0.2222222222222222,3000.0,2.6666666666666665,Young,3-5 years,0,0,0.23818594,0,Low Risk
26,70000,RENT,9.0,MEDICAL,C,16525,13.92,0.24,Y,2,0.23607142857142857,5833.333333333333,2.832857142857143,Adult,6-10 years,0,0,0.22133413,0,Low Risk
67,200000,MORTGAGE,2.0,PERSONAL,C,3000,10.28,0.01,N,26,0.015,16666.666666666668,0.18,Senior,0-2 years,0,0,0.029853826,0,Low Risk
30,38400,RENT,,DEBTCONSOLIDATION,C,3000,12.99,0.08,N,9,0.078125,3200.0,0.9375,Adult,,0,0,0.3204581,0,Medium Risk
22,80000,MORTGAGE,6.0,EDUCATION,B,35000,,0.44,N,2,0.4375,6666.666666666667,5.25,Young,6-10 years,1,0,0.1433718,0,Low Risk
40,32878,RENT,6.0,VENTURE,C,13775,12.98,0.42,Y,14,0.41897317355070257,2739.8333333333335,5.027678082608431,Middle Age,6-10 years,1,1,0.9851858,1,High Risk
29,56700,MORTGAGE,9.0,EDUCATION,C,10000,,0.18,Y,5,0.1763668430335097,4725.0,2.1164021164021163,Adult,6-10 years,0,0,0.3197178,0,Medium Risk
30,50000,RENT,0.0,DEBTCONSOLIDATION,C,7000,14.65,0.14,N,9,0.14,4166.666666666667,1.68,Adult,0-2 years,0,0,0.14721435,0,Low Risk
34,73000,MORTGAGE,7.0,PERSONAL,A,20675,,0.28,N,9,0.28321917808219177,6083.333333333333,3.3986301369863017,Adult,6-10 years,0,0,0.1728028,0,Low Risk
25,53600,RENT,1.0,EDUCATION,A,7300,8.0,0.14,N,4,0.13619402985074627,4466.666666666667,1.6343283582089552,Young,0-2 years,0,0,0.12468961,0,Low Risk
24,100000,MORTGAGE,8.0,DEBTCONSOLIDATION,C,3600,13.23,0.04,Y,2,0.036,8333.333333333334,0.432,Young,6-10 years,0,0,0.18315423,0,Low Risk
26,110000,RENT,3.0,HOMEIMPROVEMENT,C,25000,,0.23,Y,2,0.22727272727272727,9166.666666666666,2.7272727272727275,Adult,3-5 years,0,0,0.2336856,0,Low Risk
21,31000,MORTGAGE,5.0,PERSONAL,A,6000,7.51,0.19,N,4,0.1935483870967742,2583.3333333333335,2.32258064516129,Young,3-5 years,0,0,0.35070372,0,Medium Risk
23,35500,MORTGAGE,8.0,EDUCATION,A,9000,7.49,0.25,N,3,0.2535211267605634,2958.3333333333335,3.0422535211267605,Young,6-10 years,0,0,0.17587352,0,Low Risk
35,30000,RENT,0.0,DEBTCONSOLIDATION,B,3000,10.65,0.1,N,9,0.1,2500.0,1.2,Adult,0-2 years,0,0,0.47166672,0,Medium Risk
24,41000,RENT,3.0,EDUCATION,A,6000,8.9,0.15,N,3,0.14634146341463414,3416.6666666666665,1.7560975609756098,Young,3-5 years,0,0,0.13326785,0,Low Risk
37,60000,RENT,17.0,VENTURE,A,5000,6.17,0.08,N,13,0.08333333333333333,5000.0,1.0,Middle Age,10+ years,0,0,0.004453174,0,Low Risk
22,30000,RENT,0.0,MEDICAL,A,7000,8.9,0.23,N,4,0.23333333333333334,2500.0,2.8,Young,0-2 years,0,0,0.39975554,0,Medium Risk
23,62400,RENT,0.0,DEBTCONSOLIDATION,C,10000,12.87,0.16,Y,4,0.16025641025641027,5200.0,1.9230769230769231,Young,0-2 years,0,0,0.19671209,0,Low Risk
24,60000,RENT,8.0,EDUCATION,A,16800,6.54,0.28,N,2,0.28,5000.0,3.36,Young,6-10 years,0,0,0.12443925,0,Low Risk
29,64402,RENT,1.0,DEBTCONSOLIDATION,A,13500,7.49,0.21,N,8,0.2096208192292165,5366.833333333333,2.515449830750598,Adult,0-2 years,0,0,0.10836487,0,Low Risk
31,78504,RENT,2.0,EDUCATION,C,10000,11.41,0.13,N,7,0.12738204422704574,6542.0,1.5285845307245491,Adult,0-2 years,0,0,0.37341368,0,Medium Risk
27,88000,RENT,4.0,DEBTCONSOLIDATION,B,20000,10.38,0.23,N,7,0.22727272727272727,7333.333333333333,2.7272727272727275,Adult,3-5 years,0,0,0.23927912,0,Low Risk
32,36000,RENT,4.0,VENTURE,A,5300,8.9,0.15,N,6,0.14722222222222223,3000.0,1.7666666666666666,Adult,3-5 years,0,0,0.007340981,0,Low Risk
26,58000,MORTGAGE,5.0,MEDICAL,C,12000,13.16,0.21,Y,4,0.20689655172413793,4833.333333333333,2.4827586206896552,Adult,3-5 years,0,0,0.29802686,0,Low Risk
30,56000,MORTGAGE,1.0,MEDICAL,B,14000,12.18,0.25,N,7,0.25,4666.666666666667,3.0,Adult,0-2 years,0,0,0.38375613,0,Medium Risk
22,48000,MORTGAGE,4.0,PERSONAL,A,6500,6.17,0.14,N,2,0.13541666666666666,4000.0,1.625,Young,3-5 years,0,0,0.09991291,0,Low Risk
26,75531,RENT,3.0,PERSONAL,D,15000,16.49,0.2,N,4,0.19859395480001588,6294.25,2.3831274576001906,Adult,3-5 years,0,0,0.28601465,0,Low Risk
24,43400,RENT,2.0,DEBTCONSOLIDATION,E,18000,16.63,0.41,Y,2,0.4147465437788018,3616.6666666666665,4.976958525345622,Young,0-2 years,1,1,0.998789,1,High Risk
22,52000,RENT,,MEDICAL,A,11200,6.62,0.22,N,4,0.2153846153846154,4333.333333333333,2.5846153846153848,Young,,0,0,0.110565394,0,Low Risk
21,88000,RENT,,VENTURE,E,10000,17.93,0.11,Y,3,0.11363636363636363,7333.333333333333,1.3636363636363638,Young,,0,1,0.8274395,1,High Risk
22,107000,MORTGAGE,2.0,MEDICAL,C,17400,13.47,0.16,N,4,0.16261682242990655,8916.666666666666,1.9514018691588786,Young,0-2 years,0,0,0.08235322,0,Low Risk
29,73000,MORTGAGE,7.0,EDUCATION,A,12000,7.29,0.16,N,8,0.1643835616438356,6083.333333333333,1.9726027397260275,Adult,6-10 years,0,0,0.13121536,0,Low Risk
31,75000,RENT,2.0,VENTURE,A,6000,7.68,0.08,N,10,0.08,6250.0,0.96,Adult,0-2 years,0,0,0.003703083,0,Low Risk
27,48000,OWN,3.0,EDUCATION,C,4500,13.8,0.09,N,8,0.09375,4000.0,1.125,Adult,3-5 years,0,0,0.003312999,0,Low Risk
23,44000,RENT,4.0,DEBTCONSOLIDATION,A,3000,7.66,0.07,N,4,0.06818181818181818,3666.6666666666665,0.8181818181818182,Young,3-5 years,0,1,0.48929405,0,Medium Risk
29,200000,RENT,14.0,EDUCATION,B,16000,12.69,0.08,N,7,0.08,16666.666666666668,0.96,Adult,10+ years,0,0,0.08754508,0,Low Risk
26,65000,MORTGAGE,10.0,DEBTCONSOLIDATION,A,5000,7.51,0.08,N,2,0.07692307692307693,5416.666666666667,0.923076923076923,Adult,6-10 years,0,0,0.14858343,0,Low Risk
22,41300,RENT,6.0,EDUCATION,B,4800,11.89,0.12,N,3,0.1162227602905569,3441.6666666666665,1.394673123486683,Young,6-10 years,0,0,0.2673812,0,Low Risk
40,77000,MORTGAGE,9.0,EDUCATION,B,12000,,0.16,N,12,0.15584415584415584,6416.666666666667,1.87012987012987,Middle Age,6-10 years,0,0,0.11135855,0,Low Risk
25,60000,MORTGAGE,7.0,DEBTCONSOLIDATION,A,8000,5.79,0.13,N,2,0.13333333333333333,5000.0,1.6,Young,6-10 years,0,0,0.07898626,0,Low Risk
25,46500,RENT,5.0,EDUCATION,A,9500,6.76,0.2,N,3,0.20430107526881722,3875.0,2.4516129032258065,Young,3-5 years,0,0,0.12521292,0,Low Risk
24,54000,RENT,0.0,HOMEIMPROVEMENT,D,16000,15.65,0.3,N,4,0.2962962962962963,4500.0,3.5555555555555554,Young,0-2 years,1,1,0.9843204,1,High Risk
24,45000,MORTGAGE,0.0,MEDICAL,B,3000,,0.07,N,3,0.06666666666666667,3750.0,0.8,Young,0-2 years,0,0,0.14114572,0,Low Risk
27,51996,OWN,8.0,DEBTCONSOLIDATION,D,9600,14.09,0.18,N,9,0.18462958689129932,4333.0,2.215555042695592,Adult,6-10 years,0,0,0.018636622,0,Low Risk
23,36000,MORTGAGE,7.0,DEBTCONSOLIDATION,C,15800,13.72,0.44,Y,4,0.4388888888888889,3000.0,5.266666666666667,Young,6-10 years,1,0,0.8039527,1,High Risk
26,21600,OWN,5.0,EDUCATION,B,5200,12.42,0.24,N,3,0.24074074074074073,1800.0,2.888888888888889,Adult,3-5 years,0,0,0.006846601,0,Low Risk
27,12000,OWN,0.0,EDUCATION,D,8125,14.42,0.68,Y,5,0.6770833333333334,1000.0,8.125,Adult,0-2 years,1,1,0.998351,1,High Risk
38,18000,RENT,4.0,PERSONAL,C,3000,13.23,0.17,N,17,0.16666666666666666,1500.0,2.0,Middle Age,3-5 years,0,1,0.98982304,1,High Risk
28,88365,RENT,9.0,EDUCATION,D,12000,16.29,0.14,N,6,0.135800373451027,7363.75,1.6296044814123238,Adult,6-10 years,0,0,0.3434339,0,Medium Risk
24,74600,MORTGAGE,3.0,DEBTCONSOLIDATION,E,20000,17.51,0.27,N,3,0.2680965147453083,6216.666666666667,3.2171581769436997,Young,3-5 years,0,1,0.9874978,1,High Risk
26,108000,MORTGAGE,,HOMEIMPROVEMENT,A,8000,5.42,0.07,N,4,0.07407407407407407,9000.0,0.8888888888888888,Adult,,0,0,0.025863156,0,Low Risk
32,52000,RENT,10.0,EDUCATION,A,4200,7.51,0.08,N,6,0.08076923076923077,4333.333333333333,0.9692307692307693,Adult,6-10 years,0,0,0.13738483,0,Low Risk
27,20000,RENT,1.0,PERSONAL,A,7025,5.42,0.35,N,9,0.35125,1666.6666666666667,4.215,Adult,0-2 years,1,1,0.9878852,1,High Risk
36,45600,MORTGAGE,6.0,VENTURE,C,10000,13.49,0.22,Y,15,0.21929824561403508,3800.0,2.6315789473684212,Middle Age,6-10 years,0,0,0.13942935,0,Low Risk
23,79200,MORTGAGE,7.0,EDUCATION,A,5000,5.42,0.06,N,3,0.06313131313131314,6600.0,0.7575757575757576,Young,6-10 years,0,0,0.07566046,0,Low Risk
26,44000,MORTGAGE,3.0,DEBTCONSOLIDATION,D,3500,16.29,0.08,N,3,0.07954545454545454,3666.6666666666665,0.9545454545454546,Adult,3-5 years,0,1,0.99267596,1,High Risk
26,116600,RENT,2.0,HOMEIMPROVEMENT,C,7500,11.59,0.06,Y,3,0.06432246998284734,9716.666666666666,0.7718696397941681,Adult,0-2 years,0,0,0.20759977,0,Low Risk
22,38004,RENT,0.0,MEDICAL,B,4100,11.49,0.11,N,4,0.10788338069676875,3167.0,1.2946005683612252,Young,0-2 years,0,0,0.21977809,0,Low Risk
25,153000,MORTGAGE,9.0,EDUCATION,B,7500,11.71,0.05,N,3,0.049019607843137254,12750.0,0.5882352941176471,Young,6-10 years,0,0,0.048008442,0,Low Risk
25,63000,MORTGAGE,3.0,PERSONAL,C,3000,13.47,0.05,Y,2,0.047619047619047616,5250.0,0.5714285714285714,Young,3-5 years,0,0,0.23234749,0,Low Risk
32,54000,RENT,16.0,HOMEIMPROVEMENT,A,8500,7.49,0.16,N,6,0.1574074074074074,4500.0,1.8888888888888888,Adult,10+ years,0,0,0.37705496,0,Medium Risk
29,12000,OWN,0.0,HOMEIMPROVEMENT,B,4500,11.14,0.38,N,6,0.375,1000.0,4.5,Adult,0-2 years,1,1,0.9983606,1,High Risk
30,136000,MORTGAGE,13.0,VENTURE,B,2800,10.65,0.02,N,10,0.020588235294117647,11333.333333333334,0.24705882352941175,Adult,10+ years,0,0,0.0046787285,0,Low Risk
23,28800,RENT,2.0,VENTURE,C,5000,13.11,0.17,N,3,0.1736111111111111,2400.0,2.0833333333333335,Young,0-2 years,0,0,0.48840842,0,Medium Risk
22,36000,RENT,1.0,DEBTCONSOLIDATION,C,6000,12.68,0.17,N,4,0.16666666666666666,3000.0,2.0,Young,0-2 years,0,0,0.28892422,0,Low Risk
31,47400,RENT,3.0,MEDICAL,B,4500,10.36,0.09,N,5,0.0949367088607595,3950.0,1.139240506329114,Adult,3-5 years,0,0,0.1468099,0,Low Risk
21,75000,MORTGAGE,5.0,EDUCATION,A,5400,7.29,0.07,N,3,0.072,6250.0,0.864,Young,3-5 years,0,0,0.0395696,0,Low Risk
24,73500,RENT,3.0,HOMEIMPROVEMENT,C,5000,12.99,0.07,N,4,0.06802721088435375,6125.0,0.8163265306122449,Young,3-5 years,0,0,0.505646,1,Medium Risk
42,70000,RENT,6.0,PERSONAL,B,12000,,0.17,N,17,0.17142857142857143,5833.333333333333,2.0571428571428574,Middle Age,6-10 years,0,0,0.051086586,0,Low Risk
32,77500,MORTGAGE,3.0,PERSONAL,B,13000,,0.17,N,10,0.16774193548387098,6458.333333333333,2.012903225806452,Adult,3-5 years,0,0,0.13139297,0,Low Risk
24,27456,RENT,1.0,MEDICAL,C,9250,12.87,0.34,N,3,0.33690268065268064,2288.0,4.0428321678321675,Young,0-2 years,1,1,0.9914724,1,High Risk
33,62000,MORTGAGE,3.0,EDUCATION,A,3700,6.39,0.06,N,7,0.05967741935483871,5166.666666666667,0.7161290322580645,Adult,3-5 years,0,0,0.021336673,0,Low Risk
26,85000,RENT,3.0,HOMEIMPROVEMENT,C,21000,13.92,0.25,N,3,0.24705882352941178,7083.333333333333,2.9647058823529413,Adult,3-5 years,0,0,0.21443619,0,Low Risk
27,33000,MORTGAGE,8.0,EDUCATION,D,9000,12.49,0.27,Y,8,0.2727272727272727,2750.0,3.272727272727273,Adult,6-10 years,0,1,0.6177174,1,High Risk
28,61000,MORTGAGE,12.0,PERSONAL,B,12000,9.99,0.2,N,6,0.19672131147540983,5083.333333333333,2.360655737704918,Adult,10+ years,0,0,0.19118433,0,Low Risk
21,53000,MORTGAGE,5.0,VENTURE,C,18000,13.8,0.34,Y,3,0.33962264150943394,4416.666666666667,4.0754716981132075,Young,3-5 years,1,0,0.42832202,0,Medium Risk
32,107004,MORTGAGE,6.0,VENTURE,B,4200,11.71,0.04,N,8,0.0392508691263878,8917.0,0.47101042951665356,Adult,6-10 years,0,0,0.01263905,0,Low Risk
38,34800,RENT,1.0,DEBTCONSOLIDATION,C,2100,14.72,0.06,N,13,0.0603448275862069,2900.0,0.7241379310344828,Middle Age,0-2 years,0,0,0.3320967,0,Medium Risk
28,37000,RENT,0.0,DEBTCONSOLIDATION,D,14000,14.42,0.38,N,10,0.3783783783783784,3083.3333333333335,4.54054054054054,Adult,0-2 years,1,1,0.9986559,1,High Risk
26,57500,MORTGAGE,2.0,DEBTCONSOLIDATION,A,7750,6.76,0.13,N,3,0.13478260869565217,4791.666666666667,1.617391304347826,Adult,0-2 years,0,0,0.11036214,0,Low Risk
25,42000,RENT,2.0,DEBTCONSOLIDATION,C,4800,13.22,0.11,N,4,0.11428571428571428,3500.0,1.3714285714285714,Young,0-2 years,0,0,0.33529142,0,Medium Risk
23,90000,MORTGAGE,5.0,PERSONAL,A,15000,6.03,0.17,N,3,0.16666666666666666,7500.0,2.0,Young,3-5 years,0,0,0.013758299,0,Low Risk
40,76000,RENT,1.0,PERSONAL,C,5000,13.72,0.07,Y,15,0.06578947368421052,6333.333333333333,0.7894736842105263,Middle Age,0-2 years,0,0,0.23759796,0,Low Risk
28,60000,MORTGAGE,6.0,EDUCATION,B,15000,11.99,0.25,N,5,0.25,5000.0,3.0,Adult,6-10 years,0,0,0.16169569,0,Low Risk
25,42000,RENT,2.0,MEDICAL,B,2000,9.25,0.05,N,3,0.047619047619047616,3500.0,0.5714285714285714,Young,0-2 years,0,0,0.18859401,0,Low Risk
23,35000,MORTGAGE,7.0,EDUCATION,F,15000,18.43,0.43,Y,2,0.42857142857142855,2916.6666666666665,5.142857142857143,Young,6-10 years,1,0,0.55541646,1,Medium Risk
32,50000,RENT,0.0,EDUCATION,C,6400,13.35,0.13,N,8,0.128,4166.666666666667,1.5359999999999998,Adult,0-2 years,0,0,0.090548284,0,Low Risk
22,39000,RENT,5.0,PERSONAL,D,9600,16.77,0.25,Y,2,0.24615384615384617,3250.0,2.953846153846154,Young,3-5 years,0,1,0.7985705,1,High Risk
38,44000,RENT,0.0,PERSONAL,D,5000,15.65,0.11,N,14,0.11363636363636363,3666.6666666666665,1.3636363636363638,Middle Age,0-2 years,0,1,0.98736006,1,High Risk
23,25800,RENT,2.0,PERSONAL,C,6000,,0.23,Y,4,0.23255813953488372,2150.0,2.7906976744186047,Young,0-2 years,0,0,0.35628027,0,Medium Risk
25,100000,RENT,3.0,EDUCATION,B,12000,9.91,0.12,N,2,0.12,8333.333333333334,1.44,Young,3-5 years,0,0,0.05060146,0,Low Risk
27,58000,OWN,4.0,EDUCATION,B,4000,11.14,0.07,N,10,0.06896551724137931,4833.333333333333,0.8275862068965518,Adult,3-5 years,0,0,0.0035695627,0,Low Risk
58,85000,MORTGAGE,0.0,PERSONAL,B,8000,11.49,0.09,N,28,0.09411764705882353,7083.333333333333,1.1294117647058823,Senior,0-2 years,0,0,0.13611616,0,Low Risk
22,67000,OWN,5.0,EDUCATION,D,7500,16.29,0.11,Y,3,0.11194029850746269,5583.333333333333,1.3432835820895523,Young,3-5 years,0,0,0.005324192,0,Low Risk
22,60000,OWN,7.0,VENTURE,D,15000,16.49,0.25,Y,2,0.25,5000.0,3.0,Young,6-10 years,0,0,0.004772096,0,Low Risk
30,65000,RENT,3.0,PERSONAL,C,10000,12.73,0.15,Y,6,0.15384615384615385,5416.666666666667,1.846153846153846,Adult,3-5 years,0,0,0.10313261,0,Low Risk
23,50000,MORTGAGE,2.0,VENTURE,A,6400,8.49,0.13,N,4,0.128,4166.666666666667,1.5359999999999998,Young,0-2 years,0,0,0.0030523036,0,Low Risk
26,60000,MORTGAGE,6.0,EDUCATION,A,9000,6.91,0.15,N,3,0.15,5000.0,1.8,Adult,6-10 years,0,0,0.047479995,0,Low Risk
29,45000,MORTGAGE,4.0,PERSONAL,D,15000,18.49,0.33,N,6,0.3333333333333333,3750.0,4.0,Adult,3-5 years,1,0,0.4176672,0,Medium Risk
27,36000,MORTGAGE,3.0,HOMEIMPROVEMENT,A,2500,9.63,0.07,N,7,0.06944444444444445,3000.0,0.8333333333333334,Adult,3-5 years,0,0,0.3300965,0,Medium Risk
35,60000,MORTGAGE,12.0,MEDICAL,C,16000,15.96,0.27,Y,5,0.26666666666666666,5000.0,3.2,Adult,10+ years,0,0,0.3995898,0,Medium Risk
30,106000,RENT,9.0,DEBTCONSOLIDATION,C,20000,13.22,0.19,Y,5,0.18867924528301888,8833.333333333334,2.2641509433962264,Adult,6-10 years,0,0,0.25525868,0,Low Risk
21,66000,MORTGAGE,4.0,DEBTCONSOLIDATION,A,7000,7.88,0.11,N,2,0.10606060606060606,5500.0,1.2727272727272727,Young,3-5 years,0,0,0.078758135,0,Low Risk
21,45996,MORTGAGE,2.0,EDUCATION,C,17000,13.16,0.37,Y,4,0.3695973562918515,3833.0,4.4351682755022175,Young,0-2 years,1,1,0.40510604,0,Medium Risk
26,78000,RENT,8.0,HOMEIMPROVEMENT,C,20000,13.85,0.26,Y,4,0.2564102564102564,6500.0,3.076923076923077,Adult,6-10 years,0,0,0.69482857,1,High Risk
29,85000,RENT,1.0,PERSONAL,B,35000,11.99,0.41,N,8,0.4117647058823529,7083.333333333333,4.9411764705882355,Adult,0-2 years,1,1,0.9882437,1,High Risk
25,39396,RENT,0.0,VENTURE,D,6000,15.31,0.15,Y,3,0.15229972586049345,3283.0,1.8275967103259214,Young,0-2 years,0,1,0.98002875,1,High Risk
21,32000,MORTGAGE,5.0,DEBTCONSOLIDATION,B,4200,11.58,0.13,N,2,0.13125,2666.6666666666665,1.5750000000000002,Young,3-5 years,0,0,0.41199178,0,Medium Risk
25,19800,RENT,0.0,DEBTCONSOLIDATION,C,5000,13.49,0.25,Y,4,0.25252525252525254,1650.0,3.0303030303030303,Young,0-2 years,0,1,0.9907492,1,High Risk
24,49344,MORTGAGE,6.0,DEBTCONSOLIDATION,B,8500,9.99,0.17,N,4,0.17226005188067445,4112.0,2.0671206225680936,Young,6-10 years,0,0,0.32774284,0,Medium Risk
45,54000,MORTGAGE,1.0,EDUCATION,D,7750,16.07,0.14,N,13,0.14351851851851852,4500.0,1.7222222222222223,Middle Age,0-2 years,0,1,0.87416625,1,High Risk
24,59000,RENT,1.0,EDUCATION,A,10000,,0.17,N,4,0.1694915254237288,4916.666666666667,2.0338983050847457,Young,0-2 years,0,0,0.24862443,0,Low Risk
23,18000,RENT,1.0,PERSONAL,A,7000,7.88,0.39,N,4,0.3888888888888889,1500.0,4.666666666666667,Young,0-2 years,1,1,0.99930155,1,High Risk
32,54000,MORTGAGE,9.0,EDUCATION,B,3000,,0.06,N,7,0.05555555555555555,4500.0,0.6666666666666666,Adult,6-10 years,0,0,0.4239109,0,Medium Risk
25,55800,MORTGAGE,1.0,PERSONAL,B,4000,10.75,0.07,N,2,0.07168458781362007,4650.0,0.8602150537634409,Young,0-2 years,0,0,0.23280622,0,Low Risk
22,100000,MORTGAGE,6.0,EDUCATION,B,14350,9.99,0.14,N,2,0.1435,8333.333333333334,1.722,Young,6-10 years,0,0,0.05295497,0,Low Risk
24,62400,RENT,4.0,DEBTCONSOLIDATION,D,20000,14.84,0.32,N,4,0.32051282051282054,5200.0,3.8461538461538463,Young,3-5 years,1,1,0.9966748,1,High Risk
23,39996,MORTGAGE,5.0,EDUCATION,A,10000,7.51,0.25,N,3,0.25002500250025,3333.0,3.0003000300030003,Young,3-5 years,0,0,0.08703088,0,Low Risk
37,24000,RENT,5.0,DEBTCONSOLIDATION,B,10000,9.76,0.42,N,13,0.4166666666666667,2000.0,5.0,Middle Age,3-5 years,1,1,0.9910631,1,High Risk
27,50000,OWN,3.0,MEDICAL,C,9000,12.53,0.18,N,8,0.18,4166.666666666667,2.1599999999999997,Adult,3-5 years,0,0,0.0013082605,0,Low Risk
27,69790,RENT,6.0,DEBTCONSOLIDATION,B,18000,10.25,0.26,N,9,0.2579166069637484,5815.833333333333,3.094999283564981,Adult,6-10 years,0,0,0.14568898,0,Low Risk
26,24000,RENT,0.0,MEDICAL,D,3600,14.96,0.15,N,4,0.15,2000.0,1.8,Adult,0-2 years,0,1,0.97163594,1,High Risk
25,52000,RENT,,PERSONAL,B,24000,10.74,0.46,N,2,0.46153846153846156,4333.333333333333,5.538461538461539,Young,,1,1,0.99144226,1,High Risk
23,26000,RENT,1.0,PERSONAL,D,1600,16.29,0.06,Y,3,0.06153846153846154,2166.6666666666665,0.7384615384615385,Young,0-2 years,0,1,0.9829221,1,High Risk
32,77400,MORTGAGE,0.0,DEBTCONSOLIDATION,F,10000,18.43,0.13,N,6,0.12919896640826872,6450.0,1.550387596899225,Adult,0-2 years,0,1,0.96090186,1,High Risk
25,90000,RENT,5.0,PERSONAL,A,10000,7.49,0.11,N,2,0.1111111111111111,7500.0,1.3333333333333333,Young,3-5 years,0,0,0.03784939,0,Low Risk
25,25000,OWN,2.0,VENTURE,A,1500,6.76,0.06,N,4,0.06,2083.3333333333335,0.72,Young,0-2 years,0,0,0.0008004069,0,Low Risk
31,32000,RENT,0.0,HOMEIMPROVEMENT,B,4500,11.14,0.14,N,9,0.140625,2666.6666666666665,1.6875,Adult,0-2 years,0,1,0.919225,1,High Risk
25,52000,RENT,9.0,EDUCATION,C,16000,13.98,0.31,N,3,0.3076923076923077,4333.333333333333,3.6923076923076925,Young,6-10 years,1,1,0.9840808,1,High Risk
30,75000,RENT,2.0,HOMEIMPROVEMENT,A,10000,7.29,0.13,N,9,0.13333333333333333,6250.0,1.6,Adult,0-2 years,0,0,0.07048469,0,Low Risk
27,65000,RENT,2.0,HOMEIMPROVEMENT,A,4000,5.99,0.06,N,5,0.06153846153846154,5416.666666666667,0.7384615384615384,Adult,0-2 years,0,0,0.043858353,0,Low Risk
25,170000,MORTGAGE,0.0,EDUCATION,A,3850,6.17,0.02,N,4,0.022647058823529412,14166.666666666666,0.27176470588235296,Young,0-2 years,0,0,0.030198375,0,Low Risk
23,39000,MORTGAGE,7.0,VENTURE,C,16000,14.26,0.41,N,3,0.41025641025641024,3250.0,4.923076923076923,Young,6-10 years,1,1,0.6329586,1,High Risk
44,48000,RENT,0.0,MEDICAL,C,5000,13.43,0.1,N,17,0.10416666666666667,4000.0,1.25,Middle Age,0-2 years,0,0,0.23526284,0,Low Risk
22,50400,MORTGAGE,6.0,EDUCATION,D,12000,14.09,0.24,N,2,0.23809523809523808,4200.0,2.857142857142857,Young,6-10 years,0,0,0.2158856,0,Low Risk
42,40000,RENT,0.0,MEDICAL,A,5000,6.17,0.13,N,12,0.125,3333.3333333333335,1.5,Middle Age,0-2 years,0,0,0.025071722,0,Low Risk
37,54000,RENT,2.0,VENTURE,C,5500,13.23,0.1,Y,12,0.10185185185185185,4500.0,1.2222222222222223,Middle Age,0-2 years,0,1,0.43817884,0,Medium Risk
27,44000,MORTGAGE,3.0,EDUCATION,C,6400,13.85,0.15,N,10,0.14545454545454545,3666.6666666666665,1.7454545454545456,Adult,3-5 years,0,0,0.50802517,1,Medium Risk
22,22800,MORTGAGE,0.0,EDUCATION,A,3000,8.94,0.13,N,4,0.13157894736842105,1900.0,1.5789473684210527,Young,0-2 years,0,0,0.1527538,0,Low Risk
26,96000,MORTGAGE,2.0,VENTURE,G,10000,21.14,0.1,N,3,0.10416666666666667,8000.0,1.25,Adult,0-2 years,0,1,0.90254015,1,High Risk
38,55000,MORTGAGE,3.0,MEDICAL,C,14000,13.22,0.25,N,13,0.2545454545454545,4583.333333333333,3.0545454545454547,Middle Age,3-5 years,0,0,0.19350342,0,Low Risk
23,80000,RENT,6.0,PERSONAL,A,5000,5.42,0.06,N,2,0.0625,6666.666666666667,0.75,Young,6-10 years,0,0,0.02973889,0,Low Risk
47,45000,OWN,10.0,MEDICAL,A,11200,6.62,0.25,N,12,0.24888888888888888,3750.0,2.986666666666667,Middle Age,6-10 years,0,0,0.0022916258,0,Low Risk
28,84500,MORTGAGE,13.0,HOMEIMPROVEMENT,C,9600,15.27,0.11,N,5,0.1136094674556213,7041.666666666667,1.3633136094674556,Adult,10+ years,0,0,0.3254968,0,Medium Risk
24,24000,RENT,,HOMEIMPROVEMENT,B,2000,12.69,0.08,N,2,0.08333333333333333,2000.0,1.0,Young,,0,1,0.9549483,1,High Risk
30,90000,MORTGAGE,14.0,PERSONAL,A,18000,8.49,0.2,N,7,0.2,7500.0,2.4,Adult,10+ years,0,0,0.0954699,0,Low Risk
22,61000,MORTGAGE,6.0,EDUCATION,A,12000,7.49,0.2,N,2,0.19672131147540983,5083.333333333333,2.360655737704918,Young,6-10 years,0,0,0.06462531,0,Low Risk
29,48000,MORTGAGE,13.0,PERSONAL,A,6625,8.49,0.14,N,9,0.13802083333333334,4000.0,1.65625,Adult,10+ years,0,0,0.120153666,0,Low Risk
30,45000,RENT,0.0,MEDICAL,B,4800,10.37,0.11,N,6,0.10666666666666667,3750.0,1.28,Adult,0-2 years,0,0,0.093351565,0,Low Risk
22,24000,OWN,1.0,EDUCATION,C,6000,12.68,0.25,N,4,0.25,2000.0,3.0,Young,0-2 years,0,0,0.00236098,0,Low Risk
25,48000,MORTGAGE,7.0,VENTURE,B,3000,11.99,0.06,N,4,0.0625,4000.0,0.75,Young,6-10 years,0,0,0.02037364,0,Low Risk
30,69000,MORTGAGE,13.0,VENTURE,B,10000,9.99,0.14,N,9,0.14492753623188406,5750.0,1.7391304347826086,Adult,10+ years,0,0,0.021704288,0,Low Risk
22,50000,RENT,7.0,DEBTCONSOLIDATION,B,15600,12.21,0.31,N,4,0.312,4166.666666666667,3.7439999999999998,Young,6-10 years,1,1,0.98435646,1,High Risk
26,53000,MORTGAGE,10.0,MEDICAL,C,11500,14.65,0.22,N,4,0.2169811320754717,4416.666666666667,2.6037735849056602,Adult,6-10 years,0,0,0.471207,0,Medium Risk
26,35000,MORTGAGE,0.0,MEDICAL,A,8000,5.42,0.23,N,2,0.22857142857142856,2916.6666666666665,2.742857142857143,Adult,0-2 years,0,0,0.111761175,0,Low Risk
49,77736,MORTGAGE,,DEBTCONSOLIDATION,A,8000,6.03,0.1,N,17,0.10291242152927858,6478.0,1.234949058351343,Middle Age,,0,0,0.10724439,0,Low Risk
23,54000,RENT,0.0,DEBTCONSOLIDATION,B,12000,12.42,0.22,N,2,0.2222222222222222,4500.0,2.6666666666666665,Young,0-2 years,0,1,0.47443047,0,Medium Risk
26,54000,MORTGAGE,5.0,PERSONAL,A,14000,7.88,0.26,N,3,0.25925925925925924,4500.0,3.111111111111111,Adult,3-5 years,0,0,0.20317519,0,Low Risk
32,115200,MORTGAGE,3.0,MEDICAL,A,10200,,0.09,N,9,0.08854166666666667,9600.0,1.0625,Adult,3-5 years,0,0,0.066530906,0,Low Risk
28,65000,MORTGAGE,5.0,MEDICAL,C,4500,15.96,0.07,Y,9,0.06923076923076923,5416.666666666667,0.8307692307692307,Adult,3-5 years,0,0,0.3059308,0,Medium Risk
27,140000,MORTGAGE,11.0,MEDICAL,A,2700,,0.02,N,9,0.019285714285714285,11666.666666666666,0.23142857142857143,Adult,10+ years,0,0,0.08161322,0,Low Risk
27,37440,RENT,7.0,PERSONAL,B,2800,,0.07,N,9,0.07478632478632478,3120.0,0.8974358974358975,Adult,6-10 years,0,0,0.3665211,0,Medium Risk
37,780000,RENT,9.0,VENTURE,B,7500,12.18,0.01,N,13,0.009615384615384616,65000.0,0.11538461538461539,Middle Age,6-10 years,0,0,0.006462764,0,Low Risk
31,59500,RENT,1.0,MEDICAL,B,6000,11.71,0.09,N,6,0.10084033613445378,4958.333333333333,1.2100840336134455,Adult,0-2 years,0,1,0.49747473,0,Medium Risk
36,72000,MORTGAGE,3.0,EDUCATION,A,8000,6.92,0.11,N,12,0.1111111111111111,6000.0,1.3333333333333333,Middle Age,3-5 years,0,0,0.025376795,0,Low Risk
37,63000,RENT,2.0,DEBTCONSOLIDATION,B,11000,,0.17,N,16,0.1746031746031746,5250.0,2.0952380952380953,Middle Age,0-2 years,0,0,0.15758838,0,Low Risk
36,20004,RENT,1.0,VENTURE,B,4375,10.74,0.22,N,17,0.21870625874825034,1667.0,2.624475104979004,Middle Age,0-2 years,0,0,0.016090414,0,Low Risk
56,150000,MORTGAGE,5.0,PERSONAL,B,15000,11.48,0.1,N,26,0.1,12500.0,1.2,Senior,3-5 years,0,0,0.04875043,0,Low Risk
23,25000,RENT,0.0,DEBTCONSOLIDATION,A,5000,6.91,0.2,N,3,0.2,2083.3333333333335,2.4,Young,0-2 years,0,0,0.18194905,0,Low Risk
29,126000,MORTGAGE,2.0,EDUCATION,B,6450,10.37,0.05,N,7,0.05119047619047619,10500.0,0.6142857142857143,Adult,0-2 years,0,0,0.04329715,0,Low Risk
38,75000,MORTGAGE,13.0,VENTURE,B,20000,11.36,0.27,N,11,0.26666666666666666,6250.0,3.2,Middle Age,10+ years,0,0,0.011573369,0,Low Risk
22,49800,RENT,1.0,PERSONAL,A,3000,7.88,0.06,N,3,0.060240963855421686,4150.0,0.7228915662650602,Young,0-2 years,0,0,0.1897807,0,Low Risk
30,24000,OWN,11.0,VENTURE,A,6000,,0.25,N,9,0.25,2000.0,3.0,Adult,10+ years,0,0,0.00093350146,0,Low Risk
33,42000,RENT,8.0,MEDICAL,D,2000,,0.05,Y,9,0.047619047619047616,3500.0,0.5714285714285714,Adult,6-10 years,0,0,0.8423295,1,High Risk
22,24000,RENT,0.0,DEBTCONSOLIDATION,C,3000,,0.13,N,4,0.125,2000.0,1.5,Young,0-2 years,0,1,0.2733277,0,Low Risk
29,44000,RENT,2.0,PERSONAL,D,5400,16.0,0.12,Y,8,0.12272727272727273,3666.6666666666665,1.4727272727272729,Adult,0-2 years,0,1,0.977463,1,High Risk
21,85800,MORTGAGE,5.0,VENTURE,B,18900,,0.22,N,2,0.2202797202797203,7150.0,2.6433566433566433,Young,3-5 years,0,0,0.026716337,0,Low Risk
27,18000,RENT,2.0,MEDICAL,B,2400,10.65,0.13,N,6,0.13333333333333333,1500.0,1.6,Adult,0-2 years,0,0,0.30560225,0,Medium Risk
34,39600,MORTGAGE,16.0,PERSONAL,A,2400,6.03,0.06,N,9,0.06060606060606061,3300.0,0.7272727272727273,Adult,10+ years,0,0,0.11626738,0,Low Risk
26,80690,RENT,8.0,PERSONAL,A,30000,7.49,0.37,N,3,0.37179328293468833,6724.166666666667,4.46151939521626,Adult,6-10 years,1,1,0.98923314,1,High Risk
25,29000,RENT,0.0,MEDICAL,C,6000,13.49,0.21,N,3,0.20689655172413793,2416.6666666666665,2.4827586206896552,Young,0-2 years,0,1,0.47153342,0,Medium Risk
25,30000,RENT,4.0,MEDICAL,C,2000,14.22,0.07,Y,4,0.06666666666666667,2500.0,0.8,Young,3-5 years,0,0,0.42332703,0,Medium Risk
22,72000,MORTGAGE,6.0,PERSONAL,A,10800,6.91,0.15,N,3,0.15,6000.0,1.8,Young,6-10 years,0,0,0.025107464,0,Low Risk
23,24000,RENT,1.0,VENTURE,B,14075,,0.59,N,3,0.5864583333333333,2000.0,7.0375,Young,0-2 years,1,1,0.9959513,1,High Risk
46,101500,MORTGAGE,8.0,DEBTCONSOLIDATION,B,15000,11.14,0.15,N,14,0.1477832512315271,8458.333333333334,1.773399014778325,Middle Age,6-10 years,0,0,0.063665174,0,Low Risk
34,220000,MORTGAGE,13.0,DEBTCONSOLIDATION,C,11275,12.99,0.05,Y,8,0.05125,18333.333333333332,0.615,Adult,10+ years,0,0,0.1182263,0,Low Risk
28,53100,RENT,4.0,MEDICAL,D,3000,,0.06,N,9,0.05649717514124294,4425.0,0.6779661016949152,Adult,3-5 years,0,1,0.8232432,1,High Risk
29,240000,MORTGAGE,13.0,DEBTCONSOLIDATION,A,12000,6.03,0.05,N,9,0.05,20000.0,0.6,Adult,10+ years,0,0,0.0086633265,0,Low Risk
30,55840,RENT,6.0,MEDICAL,B,6000,10.25,0.11,N,5,0.10744985673352435,4653.333333333333,1.2893982808022924,Adult,6-10 years,0,0,0.22508335,0,Low Risk
29,96000,MORTGAGE,1.0,DEBTCONSOLIDATION,A,11200,5.42,0.12,N,9,0.11666666666666667,8000.0,1.4,Adult,0-2 years,0,0,0.022727942,0,Low Risk
44,58000,RENT,2.0,HOMEIMPROVEMENT,C,15000,13.48,0.26,Y,15,0.25862068965517243,4833.333333333333,3.103448275862069,Middle Age,0-2 years,0,0,0.34365654,0,Medium Risk
26,85000,RENT,1.0,EDUCATION,A,2500,8.59,0.03,N,2,0.029411764705882353,7083.333333333333,0.35294117647058826,Adult,0-2 years,0,0,0.106451035,0,Low Risk
38,65000,RENT,2.0,VENTURE,A,7000,7.88,0.11,N,11,0.1076923076923077,5416.666666666667,1.2923076923076922,Middle Age,0-2 years,0,0,0.002661533,0,Low Risk
25,50000,MORTGAGE,9.0,EDUCATION,A,5000,5.79,0.1,N,2,0.1,4166.666666666667,1.2,Young,6-10 years,0,0,0.082174264,0,Low Risk
22,78996,RENT,1.0,DEBTCONSOLIDATION,D,12000,15.95,0.15,Y,3,0.15190642564180465,6583.0,1.8228771077016557,Young,0-2 years,0,1,0.9928155,1,High Risk
37,84000,MORTGAGE,21.0,VENTURE,C,24000,,0.29,Y,17,0.2857142857142857,7000.0,3.4285714285714284,Middle Age,10+ years,0,0,0.23772047,0,Low Risk
23,125000,MORTGAGE,7.0,MEDICAL,B,10000,9.99,0.08,N,2,0.08,10416.666666666666,0.9600000000000001,Young,6-10 years,0,0,0.06759265,0,Low Risk
35,75000,OWN,9.0,VENTURE,A,7600,,0.1,N,7,0.10133333333333333,6250.0,1.216,Adult,6-10 years,0,0,0.0007436923,0,Low Risk
24,35000,MORTGAGE,8.0,VENTURE,B,2000,10.37,0.06,N,2,0.05714285714285714,2916.6666666666665,0.6857142857142857,Young,6-10 years,0,0,0.008930731,0,Low Risk
29,12000,RENT,1.0,EDUCATION,D,4500,15.05,0.38,N,9,0.375,1000.0,4.5,Adult,0-2 years,1,1,0.99964476,1,High Risk
23,38400,OWN,5.0,EDUCATION,B,7675,10.0,0.2,N,4,0.19986979166666666,3200.0,2.3984375,Young,3-5 years,0,0,0.0028627436,0,Low Risk
29,90444,RENT,13.0,MEDICAL,A,12000,7.14,0.13,N,8,0.1326787846623325,7537.0,1.59214541594799,Adult,10+ years,0,0,0.027101595,0,Low Risk
25,50000,RENT,5.0,HOMEIMPROVEMENT,A,3000,6.03,0.06,N,3,0.06,4166.666666666667,0.72,Young,3-5 years,0,0,0.03142174,0,Low Risk
27,51200,RENT,11.0,EDUCATION,D,18000,14.96,0.35,Y,8,0.3515625,4266.666666666667,4.21875,Adult,10+ years,1,1,0.9924339,1,High Risk
25,26000,RENT,5.0,MEDICAL,B,12000,11.99,0.46,N,3,0.46153846153846156,2166.6666666666665,5.538461538461539,Young,3-5 years,1,1,0.9962494,1,High Risk
35,75573,MORTGAGE,9.0,HOMEIMPROVEMENT,B,22000,9.88,0.29,N,8,0.2911092585976473,6297.75,3.493311103171768,Adult,6-10 years,0,0,0.20813487,0,Low Risk
23,60000,RENT,4.0,PERSONAL,B,12500,10.25,0.21,N,3,0.20833333333333334,5000.0,2.5,Young,3-5 years,0,0,0.081250764,0,Low Risk
47,92000,OWN,0.0,HOMEIMPROVEMENT,D,12000,14.11,0.13,N,12,0.13043478260869565,7666.666666666667,1.5652173913043477,Middle Age,0-2 years,0,0,0.0061707785,0,Low Risk
24,47250,RENT,5.0,EDUCATION,B,12600,11.83,0.27,N,2,0.26666666666666666,3937.5,3.2,Young,3-5 years,0,0,0.2052976,0,Low Risk
23,85000,RENT,7.0,PERSONAL,B,15000,10.99,0.18,N,3,0.17647058823529413,7083.333333333333,2.1176470588235294,Young,6-10 years,0,0,0.12649946,0,Low Risk
33,60000,OWN,7.0,EDUCATION,A,12000,6.62,0.2,N,10,0.2,5000.0,2.4,Adult,6-10 years,0,0,0.0013289403,0,Low Risk
38,95000,RENT,9.0,MEDICAL,C,5000,13.48,0.05,Y,16,0.05263157894736842,7916.666666666667,0.631578947368421,Middle Age,6-10 years,0,0,0.10894659,0,Low Risk
27,42504,RENT,2.0,DEBTCONSOLIDATION,B,7200,10.59,0.17,N,6,0.16939582156973462,3542.0,2.0327498588368154,Adult,0-2 years,0,0,0.2288058,0,Low Risk
23,85000,MORTGAGE,5.0,EDUCATION,A,8000,7.14,0.09,N,2,0.09411764705882353,7083.333333333333,1.1294117647058823,Young,3-5 years,0,0,0.027153343,0,Low Risk
24,90000,RENT,9.0,VENTURE,D,15000,14.42,0.17,Y,3,0.16666666666666666,7500.0,2.0,Young,6-10 years,0,0,0.22225493,0,Low Risk
28,65000,RENT,3.0,HOMEIMPROVEMENT,B,7000,12.69,0.11,N,10,0.1076923076923077,5416.666666666667,1.2923076923076922,Adult,3-5 years,0,0,0.11156767,0,Low Risk
24,78300,RENT,2.0,VENTURE,A,7000,6.03,0.09,N,3,0.08939974457215837,6525.0,1.0727969348659003,Young,0-2 years,0,0,0.011036092,0,Low Risk
25,50000,RENT,7.0,EDUCATION,E,8500,15.7,0.17,N,4,0.17,4166.666666666667,2.04,Young,6-10 years,0,0,0.28329587,0,Low Risk
26,46999,RENT,2.0,VENTURE,B,10000,10.99,0.21,N,3,0.21277048447839317,3916.5833333333335,2.553245813740718,Adult,0-2 years,0,0,0.025635412,0,Low Risk
27,90000,MORTGAGE,8.0,DEBTCONSOLIDATION,A,12000,7.29,0.13,N,5,0.13333333333333333,7500.0,1.6,Adult,6-10 years,0,0,0.025941966,0,Low Risk
23,24290,RENT,0.0,MEDICAL,A,3400,7.51,0.14,N,4,0.1399752984767394,2024.1666666666667,1.6797035817208728,Young,0-2 years,0,0,0.18779182,0,Low Risk
22,140000,MORTGAGE,6.0,EDUCATION,B,10000,10.99,0.07,N,3,0.07142857142857142,11666.666666666666,0.8571428571428572,Young,6-10 years,0,0,0.09286851,0,Low Risk
22,100000,MORTGAGE,6.0,DEBTCONSOLIDATION,A,15000,8.94,0.15,N,3,0.15,8333.333333333334,1.7999999999999998,Young,6-10 years,0,0,0.03193535,0,Low Risk
25,42000,RENT,6.0,MEDICAL,A,5600,7.49,0.13,N,2,0.13333333333333333,3500.0,1.6,Young,6-10 years,0,0,0.09165685,0,Low Risk
27,70000,RENT,4.0,MEDICAL,A,7500,7.88,0.11,N,5,0.10714285714285714,5833.333333333333,1.2857142857142858,Adult,3-5 years,0,0,0.031577043,0,Low Risk
27,62570,MORTGAGE,11.0,EDUCATION,D,25000,14.84,0.4,N,5,0.3995525011986575,5214.166666666667,4.794630014383889,Adult,10+ years,1,0,0.40086916,0,Medium Risk
23,29000,RENT,0.0,EDUCATION,E,10000,17.93,0.34,Y,3,0.3448275862068966,2416.6666666666665,4.137931034482759,Young,0-2 years,1,1,0.9977702,1,High Risk
28,49000,MORTGAGE,5.0,MEDICAL,B,4750,10.25,0.1,N,8,0.09693877551020408,4083.3333333333335,1.163265306122449,Adult,3-5 years,0,0,0.38565326,0,Medium Risk
22,67775,MORTGAGE,3.0,EDUCATION,C,9600,14.79,0.14,Y,4,0.1416451493913685,5647.916666666667,1.6997417926964218,Young,3-5 years,0,0,0.3407525,0,Medium Risk
31,80004,MORTGAGE,9.0,MEDICAL,B,5500,10.75,0.07,N,8,0.0687465626718664,6667.0,0.8249587520623969,Adult,6-10 years,0,0,0.10656095,0,Low Risk
23,33600,MORTGAGE,,DEBTCONSOLIDATION,C,4000,14.79,0.12,N,2,0.11904761904761904,2800.0,1.4285714285714286,Young,,0,0,0.5322549,1,Medium Risk
25,65000,RENT,3.0,PERSONAL,A,4000,6.62,0.06,N,2,0.06153846153846154,5416.666666666667,0.7384615384615384,Young,3-5 years,0,0,0.031203726,0,Low Risk
23,30000,RENT,0.0,EDUCATION,C,6000,13.49,0.2,Y,3,0.2,2500.0,2.4,Young,0-2 years,0,0,0.35820702,0,Medium Risk
29,60000,OWN,1.0,PERSONAL,B,10000,10.99,0.17,N,10,0.16666666666666666,5000.0,2.0,Adult,0-2 years,0,0,0.0015248278,0,Low Risk
25,44000,MORTGAGE,7.0,EDUCATION,B,7500,10.08,0.17,N,4,0.17045454545454544,3666.6666666666665,2.0454545454545454,Young,6-10 years,0,1,0.60445845,1,High Risk
22,67000,MORTGAGE,0.0,EDUCATION,B,12000,11.99,0.18,N,4,0.1791044776119403,5583.333333333333,2.1492537313432836,Young,0-2 years,0,0,0.13221538,0,Low Risk
24,83000,RENT,3.0,HOMEIMPROVEMENT,A,3200,6.99,0.04,N,3,0.03855421686746988,6916.666666666667,0.4626506024096385,Young,3-5 years,0,0,0.06882253,0,Low Risk
27,31000,RENT,0.0,MEDICAL,B,4000,10.74,0.13,N,7,0.12903225806451613,2583.3333333333335,1.5483870967741935,Adult,0-2 years,0,0,0.26907992,0,Low Risk
21,27600,OWN,3.0,EDUCATION,C,1000,15.27,0.04,Y,3,0.036231884057971016,2300.0,0.43478260869565216,Young,3-5 years,0,0,0.0030288515,0,Low Risk
27,24000,RENT,0.0,PERSONAL,B,2800,10.95,0.12,N,10,0.11666666666666667,2000.0,1.4,Adult,0-2 years,0,0,0.31202325,0,Medium Risk
27,100000,RENT,7.0,MEDICAL,B,14000,10.62,0.14,N,8,0.14,8333.333333333334,1.68,Adult,6-10 years,0,0,0.040802974,0,Low Risk
25,170850,MORTGAGE,9.0,MEDICAL,F,6500,15.01,0.03,N,2,0.03804506877377817,14237.5,0.456540825285338,Young,6-10 years,0,1,0.9381843,1,High Risk
24,60000,MORTGAGE,0.0,PERSONAL,B,15000,11.89,0.25,N,2,0.25,5000.0,3.0,Young,0-2 years,0,0,0.13528273,0,Low Risk
23,120000,MORTGAGE,7.0,VENTURE,B,4400,11.71,0.04,N,3,0.03666666666666667,10000.0,0.44,Young,6-10 years,0,0,0.008850504,0,Low Risk
31,18000,RENT,6.0,EDUCATION,C,4000,12.84,0.22,N,5,0.2222222222222222,1500.0,2.6666666666666665,Adult,6-10 years,0,1,0.9930976,1,High Risk
31,62004,RENT,1.0,VENTURE,C,10000,12.84,0.16,N,5,0.16127991742468228,5167.0,1.9353590090961874,Adult,0-2 years,0,0,0.2021257,0,Low Risk
23,64000,RENT,7.0,DEBTCONSOLIDATION,C,3500,14.72,0.05,Y,2,0.0546875,5333.333333333333,0.65625,Young,6-10 years,0,1,0.364129,0,Medium Risk
28,60372,RENT,4.0,DEBTCONSOLIDATION,C,18000,14.65,0.3,Y,5,0.2981514609421586,5031.0,3.5778175313059033,Adult,3-5 years,1,0,0.35796174,0,Medium Risk
23,68000,MORTGAGE,2.0,VENTURE,B,10000,10.37,0.15,N,2,0.14705882352941177,5666.666666666667,1.7647058823529411,Young,0-2 years,0,0,0.0063132215,0,Low Risk
27,61500,MORTGAGE,3.0,HOMEIMPROVEMENT,B,6000,10.99,0.1,N,7,0.0975609756097561,5125.0,1.170731707317073,Adult,3-5 years,0,0,0.18922544,0,Low Risk
22,39000,RENT,3.0,MEDICAL,B,6600,,0.17,N,2,0.16923076923076924,3250.0,2.0307692307692307,Young,3-5 years,0,0,0.5028166,1,Medium Risk
24,90000,MORTGAGE,7.0,EDUCATION,B,35000,10.65,0.39,N,3,0.3888888888888889,7500.0,4.666666666666667,Young,6-10 years,1,0,0.0986966,0,Low Risk
27,23000,RENT,0.0,VENTURE,A,8500,,0.37,N,7,0.3695652173913043,1916.6666666666667,4.434782608695652,Adult,0-2 years,1,1,0.99392444,1,High Risk
24,79000,RENT,9.0,DEBTCONSOLIDATION,D,25000,14.96,0.32,Y,4,0.31645569620253167,6583.333333333333,3.79746835443038,Young,6-10 years,1,1,0.9971956,1,High Risk
22,50000,RENT,6.0,MEDICAL,A,9500,6.99,0.19,N,2,0.19,4166.666666666667,2.28,Young,6-10 years,0,0,0.030488186,0,Low Risk
45,125000,MORTGAGE,0.0,HOMEIMPROVEMENT,A,12000,6.03,0.1,N,14,0.096,10416.666666666666,1.1520000000000001,Middle Age,0-2 years,0,0,0.0416585,0,Low Risk
26,101000,MORTGAGE,6.0,PERSONAL,A,16000,7.88,0.16,N,3,0.15841584158415842,8416.666666666666,1.9009900990099011,Adult,6-10 years,0,0,0.014616412,0,Low Risk
31,90000,MORTGAGE,3.0,VENTURE,C,16500,12.61,0.18,N,6,0.18333333333333332,7500.0,2.2,Adult,3-5 years,0,0,0.07479909,0,Low Risk
31,59000,RENT,2.0,HOMEIMPROVEMENT,C,8750,12.68,0.15,N,9,0.1483050847457627,4916.666666666667,1.7796610169491525,Adult,0-2 years,0,0,0.5425655,1,Medium Risk
21,19000,OWN,0.0,MEDICAL,D,7200,14.74,0.38,Y,4,0.37894736842105264,1583.3333333333333,4.5473684210526315,Young,0-2 years,1,1,0.9990866,1,High Risk
26,120000,MORTGAGE,3.0,DEBTCONSOLIDATION,B,25000,,0.21,N,3,0.20833333333333334,10000.0,2.5,Adult,3-5 years,0,0,0.1591102,0,Low Risk
35,74984,RENT,2.0,VENTURE,A,13500,7.29,0.18,N,9,0.180038408193748,6248.666666666667,2.160460898324976,Adult,0-2 years,0,0,0.0077838167,0,Low Risk
24,24000,OWN,5.0,VENTURE,A,4200,6.99,0.17,N,3,0.175,2000.0,2.1,Young,3-5 years,0,0,0.0004168605,0,Low Risk
21,28800,MORTGAGE,0.0,DEBTCONSOLIDATION,A,5000,7.49,0.17,N,3,0.1736111111111111,2400.0,2.0833333333333335,Young,0-2 years,0,0,0.19886388,0,Low Risk
28,64000,MORTGAGE,5.0,VENTURE,A,12000,6.03,0.19,N,8,0.1875,5333.333333333333,2.25,Adult,3-5 years,0,0,0.005425173,0,Low Risk
27,24000,RENT,0.0,VENTURE,B,2800,10.95,0.12,N,10,0.11666666666666667,2000.0,1.4,Adult,0-2 years,0,0,0.041345485,0,Low Risk
34,84000,MORTGAGE,10.0,VENTURE,A,30000,7.9,0.36,N,8,0.35714285714285715,7000.0,4.285714285714286,Adult,6-10 years,1,0,0.02375905,0,Low Risk
30,49200,MORTGAGE,13.0,HOMEIMPROVEMENT,A,9250,,0.19,N,8,0.18800813008130082,4100.0,2.2560975609756095,Adult,10+ years,0,0,0.2442908,0,Low Risk
21,57000,RENT,3.0,PERSONAL,A,3000,5.42,0.05,N,3,0.05263157894736842,4750.0,0.631578947368421,Young,3-5 years,0,0,0.046614893,0,Low Risk
25,51000,MORTGAGE,6.0,EDUCATION,C,3000,13.99,0.06,N,2,0.058823529411764705,4250.0,0.7058823529411765,Young,6-10 years,0,0,0.34627497,0,Medium Risk
29,52000,RENT,4.0,MEDICAL,C,10000,13.23,0.19,Y,9,0.19230769230769232,4333.333333333333,2.307692307692308,Adult,3-5 years,0,0,0.23458885,0,Low Risk
22,59000,RENT,4.0,MEDICAL,E,16000,16.32,0.27,N,3,0.2711864406779661,4916.666666666667,3.254237288135593,Young,3-5 years,0,1,0.97292954,1,High Risk
23,55000,RENT,3.0,VENTURE,C,14000,11.66,0.25,N,3,0.2545454545454545,4583.333333333333,3.0545454545454547,Young,3-5 years,0,0,0.18054953,0,Low Risk
25,27096,RENT,7.0,DEBTCONSOLIDATION,A,5000,7.9,0.18,N,2,0.18452908178328906,2258.0,2.2143489813994686,Young,6-10 years,0,1,0.35665342,0,Medium Risk
22,78400,MORTGAGE,2.0,VENTURE,D,5000,17.49,0.06,Y,3,0.06377551020408163,6533.333333333333,0.7653061224489797,Young,0-2 years,0,0,0.46716806,0,Medium Risk
23,60228,RENT,7.0,MEDICAL,C,8000,12.98,0.13,Y,2,0.1328285847114299,5019.0,1.5939430165371589,Young,6-10 years,0,0,0.23411041,0,Low Risk
23,14898,RENT,,VENTURE,C,6250,15.27,0.42,N,2,0.4195193985769902,1241.5,5.034232782923882,Young,,1,1,0.9990729,1,High Risk
22,12000,RENT,5.0,EDUCATION,B,5500,10.36,0.46,N,4,0.4583333333333333,1000.0,5.5,Young,3-5 years,1,1,0.9987508,1,High Risk
32,107800,OWN,3.0,EDUCATION,C,5200,14.65,0.05,Y,8,0.04823747680890538,8983.333333333334,0.5788497217068646,Adult,3-5 years,0,0,0.0014908747,0,Low Risk
26,54000,RENT,7.0,DEBTCONSOLIDATION,D,25000,14.83,0.46,Y,2,0.46296296296296297,4500.0,5.555555555555555,Adult,6-10 years,1,1,0.9991124,1,High Risk
24,77350,MORTGAGE,2.0,DEBTCONSOLIDATION,C,4800,13.79,0.06,Y,4,0.062055591467356175,6445.833333333333,0.7446670976082741,Young,0-2 years,0,0,0.2047385,0,Low Risk
28,67386,MORTGAGE,11.0,HOMEIMPROVEMENT,A,1500,6.91,0.02,N,6,0.02225981657911139,5615.5,0.2671177989493367,Adult,10+ years,0,0,0.1679744,0,Low Risk
32,78000,RENT,0.0,VENTURE,C,13000,12.87,0.17,Y,10,0.16666666666666666,6500.0,2.0,Adult,0-2 years,0,0,0.36419412,0,Medium Risk
24,27000,RENT,0.0,DEBTCONSOLIDATION,C,10000,12.73,0.37,N,2,0.37037037037037035,2250.0,4.444444444444445,Young,0-2 years,1,1,0.9941531,1,High Risk
24,72000,RENT,8.0,PERSONAL,C,3200,13.92,0.04,N,3,0.044444444444444446,6000.0,0.5333333333333333,Young,6-10 years,0,0,0.18295725,0,Low Risk
26,103000,MORTGAGE,0.0,PERSONAL,C,14000,13.57,0.14,N,4,0.13592233009708737,8583.333333333334,1.6310679611650485,Adult,0-2 years,0,1,0.09195167,0,Low Risk
22,26000,RENT,0.0,EDUCATION,B,8000,11.99,0.31,N,4,0.3076923076923077,2166.6666666666665,3.6923076923076925,Young,0-2 years,1,1,0.9893261,1,High Risk
29,27600,RENT,2.0,EDUCATION,A,7500,6.62,0.27,N,9,0.2717391304347826,2300.0,3.260869565217391,Adult,0-2 years,0,0,0.23018093,0,Low Risk
37,133000,RENT,3.0,MEDICAL,C,9000,13.85,0.07,Y,12,0.06766917293233082,11083.333333333334,0.8120300751879699,Middle Age,3-5 years,0,0,0.2443518,0,Low Risk
23,55000,OWN,7.0,VENTURE,B,1000,11.49,0.02,N,4,0.01818181818181818,4583.333333333333,0.2181818181818182,Young,6-10 years,0,0,0.00032564873,0,Low Risk
22,31200,RENT,1.0,VENTURE,B,3200,11.99,0.1,N,2,0.10256410256410256,2600.0,1.2307692307692308,Young,0-2 years,0,0,0.07438194,0,Low Risk
24,90000,MORTGAGE,8.0,DEBTCONSOLIDATION,C,19750,13.61,0.22,Y,2,0.21944444444444444,7500.0,2.6333333333333333,Young,6-10 years,0,0,0.258669,0,Low Risk
23,59000,MORTGAGE,7.0,EDUCATION,A,9000,8.49,0.15,N,3,0.15254237288135594,4916.666666666667,1.830508474576271,Young,6-10 years,0,0,0.2296043,0,Low Risk
25,79000,MORTGAGE,9.0,PERSONAL,B,7500,10.01,0.09,N,3,0.0949367088607595,6583.333333333333,1.139240506329114,Young,6-10 years,0,0,0.3820653,0,Medium Risk
34,75000,MORTGAGE,7.0,DEBTCONSOLIDATION,A,6500,9.38,0.09,N,7,0.08666666666666667,6250.0,1.04,Adult,6-10 years,0,0,0.08934795,0,Low Risk
23,60000,MORTGAGE,6.0,EDUCATION,C,25600,,0.43,N,4,0.4266666666666667,5000.0,5.12,Young,6-10 years,1,0,0.29131636,0,Low Risk
24,130000,MORTGAGE,8.0,EDUCATION,A,18500,,0.14,N,2,0.1423076923076923,10833.333333333334,1.7076923076923076,Young,6-10 years,0,0,0.04207654,0,Low Risk
23,21600,RENT,3.0,EDUCATION,B,5500,9.25,0.25,N,4,0.25462962962962965,1800.0,3.0555555555555554,Young,3-5 years,0,0,0.15502621,0,Low Risk
23,33600,RENT,7.0,MEDICAL,D,11000,15.65,0.33,Y,3,0.3273809523809524,2800.0,3.9285714285714284,Young,6-10 years,1,1,0.99594384,1,High Risk
27,12000,RENT,2.0,PERSONAL,C,2850,13.61,0.24,Y,5,0.2375,1000.0,2.85,Adult,0-2 years,0,1,0.99407476,1,High Risk
22,76000,RENT,4.0,EDUCATION,A,12000,7.9,0.16,N,4,0.15789473684210525,6333.333333333333,1.8947368421052633,Young,3-5 years,0,0,0.09815456,0,Low Risk
26,74000,MORTGAGE,4.0,EDUCATION,B,7500,10.08,0.1,N,4,0.10135135135135136,6166.666666666667,1.2162162162162162,Adult,3-5 years,0,1,0.31340724,0,Medium Risk
29,72000,RENT,4.0,DEBTCONSOLIDATION,C,7800,,0.11,Y,8,0.10833333333333334,6000.0,1.3,Adult,3-5 years,0,0,0.24110556,0,Low Risk
26,88000,RENT,10.0,VENTURE,B,10000,12.69,0.11,N,2,0.11363636363636363,7333.333333333333,1.3636363636363638,Adult,6-10 years,0,0,0.022766909,0,Low Risk
24,43000,MORTGAGE,1.0,PERSONAL,D,4000,17.49,0.09,N,3,0.09302325581395349,3583.3333333333335,1.1162790697674418,Young,0-2 years,0,1,0.6648132,1,High Risk
32,119000,MORTGAGE,10.0,MEDICAL,C,9000,13.47,0.08,N,7,0.07563025210084033,9916.666666666666,0.9075630252100841,Adult,6-10 years,0,0,0.24616499,0,Low Risk
24,52559,RENT,9.0,HOMEIMPROVEMENT,B,20000,,0.38,N,3,0.380524743621454,4379.916666666667,4.566296923457448,Young,6-10 years,1,1,0.9893798,1,High Risk
22,30000,RENT,4.0,EDUCATION,B,12000,10.62,0.4,N,3,0.4,2500.0,4.8,Young,3-5 years,1,1,0.9939235,1,High Risk
30,69600,RENT,0.0,PERSONAL,D,15000,14.59,0.22,N,7,0.21551724137931033,5800.0,2.586206896551724,Adult,0-2 years,0,1,0.90450764,1,High Risk
24,95000,RENT,3.0,DEBTCONSOLIDATION,A,18000,8.49,0.19,N,4,0.18947368421052632,7916.666666666667,2.2736842105263158,Young,3-5 years,0,0,0.036507066,0,Low Risk
65,76000,RENT,3.0,EDUCATION,B,35000,10.99,0.46,N,27,0.4605263157894737,6333.333333333333,5.526315789473684,Senior,3-5 years,1,1,0.9921291,1,High Risk
34,80000,MORTGAGE,4.0,HOMEIMPROVEMENT,E,12000,,0.15,N,10,0.15,6666.666666666667,1.7999999999999998,Adult,3-5 years,0,0,0.32039315,0,Medium Risk
40,61500,RENT,3.0,PERSONAL,B,8000,11.48,0.13,N,17,0.13008130081300814,5125.0,1.5609756097560976,Middle Age,3-5 years,0,0,0.10653638,0,Low Risk
30,57996,RENT,2.0,DEBTCONSOLIDATION,C,8400,12.98,0.14,Y,8,0.14483757500517278,4833.0,1.7380509000620732,Adult,0-2 years,0,0,0.23439959,0,Low Risk
23,34800,RENT,1.0,HOMEIMPROVEMENT,B,5000,10.99,0.14,N,2,0.14367816091954022,2900.0,1.7241379310344827,Young,0-2 years,0,1,0.98635244,1,High Risk
28,85000,MORTGAGE,0.0,EDUCATION,E,24000,19.03,0.28,N,7,0.2823529411764706,7083.333333333333,3.388235294117647,Adult,0-2 years,0,0,0.79513794,1,High Risk
24,59000,MORTGAGE,3.0,EDUCATION,C,6800,12.53,0.12,N,2,0.1152542372881356,4916.666666666667,1.383050847457627,Young,3-5 years,0,1,0.3733814,0,Medium Risk
26,54500,RENT,7.0,EDUCATION,A,2400,9.32,0.04,N,3,0.044036697247706424,4541.666666666667,0.528440366972477,Adult,6-10 years,0,0,0.16814509,0,Low Risk
24,98400,MORTGAGE,0.0,EDUCATION,C,8000,12.68,0.08,N,2,0.08130081300813008,8200.0,0.975609756097561,Young,0-2 years,0,0,0.20992728,0,Low Risk
25,77004,MORTGAGE,9.0,PERSONAL,B,15000,9.63,0.19,N,2,0.19479507558048934,6417.0,2.337540906965872,Young,6-10 years,0,0,0.25994724,0,Low Risk
24,60000,RENT,4.0,VENTURE,A,5850,7.49,0.1,N,3,0.0975,5000.0,1.17,Young,3-5 years,0,0,0.0039741113,0,Low Risk
32,41000,MORTGAGE,2.0,PERSONAL,D,8000,15.05,0.2,N,9,0.1951219512195122,3416.6666666666665,2.3414634146341466,Adult,0-2 years,0,0,0.64123625,1,High Risk
23,51000,RENT,2.0,EDUCATION,B,9000,10.99,0.18,N,2,0.17647058823529413,4250.0,2.1176470588235294,Young,0-2 years,0,0,0.18844256,0,Low Risk
22,25000,RENT,4.0,VENTURE,B,8000,10.74,0.32,N,4,0.32,2083.3333333333335,3.84,Young,3-5 years,1,1,0.991568,1,High Risk
23,90000,RENT,0.0,PERSONAL,A,2000,7.88,0.02,N,3,0.022222222222222223,7500.0,0.26666666666666666,Young,0-2 years,0,0,0.07479758,0,Low Risk
21,31200,RENT,0.0,EDUCATION,C,13000,13.11,0.42,Y,2,0.4166666666666667,2600.0,5.0,Young,0-2 years,1,1,0.99291396,1,High Risk
28,44000,RENT,5.0,PERSONAL,C,16000,13.48,0.36,N,5,0.36363636363636365,3666.6666666666665,4.363636363636364,Adult,3-5 years,1,1,0.9964174,1,High Risk
31,25000,OWN,4.0,HOMEIMPROVEMENT,B,3075,11.83,0.12,N,5,0.123,2083.3333333333335,1.476,Adult,3-5 years,0,0,0.008021865,0,Low Risk
26,15600,RENT,5.0,DEBTCONSOLIDATION,A,5000,5.99,0.32,N,3,0.32051282051282054,1300.0,3.8461538461538463,Adult,3-5 years,1,1,0.99850345,1,High Risk
34,140000,MORTGAGE,17.0,VENTURE,D,12000,15.21,0.09,Y,10,0.08571428571428572,11666.666666666666,1.0285714285714287,Adult,10+ years,0,0,0.2688726,0,Low Risk
40,21408,MORTGAGE,,MEDICAL,B,1500,11.12,0.07,N,17,0.07006726457399103,1784.0,0.8408071748878924,Middle Age,,0,0,0.2868019,0,Low Risk
26,100000,MORTGAGE,10.0,DEBTCONSOLIDATION,A,12000,5.99,0.12,N,2,0.12,8333.333333333334,1.44,Adult,6-10 years,0,0,0.019565836,0,Low Risk
30,50000,MORTGAGE,0.0,VENTURE,C,10000,,0.2,N,9,0.2,4166.666666666667,2.4,Adult,0-2 years,0,0,0.099963136,0,Low Risk
29,54000,RENT,1.0,HOMEIMPROVEMENT,B,2000,10.01,0.04,N,7,0.037037037037037035,4500.0,0.4444444444444444,Adult,0-2 years,0,0,0.4717026,0,Medium Risk
26,35000,RENT,10.0,MEDICAL,B,12875,,0.37,N,2,0.3678571428571429,2916.6666666666665,4.414285714285715,Adult,6-10 years,1,1,0.9873045,1,High Risk
23,75000,RENT,0.0,MEDICAL,B,6000,11.48,0.08,N,2,0.08,6250.0,0.96,Young,0-2 years,0,0,0.14493227,0,Low Risk
22,34000,RENT,6.0,DEBTCONSOLIDATION,B,14000,10.62,0.41,N,4,0.4117647058823529,2833.3333333333335,4.941176470588235,Young,6-10 years,1,1,0.99679023,1,High Risk
24,33000,RENT,2.0,VENTURE,C,3300,12.99,0.1,N,4,0.1,2750.0,1.2,Young,0-2 years,0,0,0.3552263,0,Medium Risk
24,49600,MORTGAGE,8.0,HOMEIMPROVEMENT,A,2500,7.4,0.05,N,2,0.05040322580645161,4133.333333333333,0.6048387096774194,Young,6-10 years,0,0,0.2647103,0,Low Risk
24,51630,RENT,0.0,MEDICAL,B,4900,9.99,0.09,N,3,0.09490606236684099,4302.5,1.1388727484020917,Young,0-2 years,0,0,0.20383832,0,Low Risk
31,155000,MORTGAGE,5.0,HOMEIMPROVEMENT,A,7000,5.42,0.05,N,5,0.04516129032258064,12916.666666666666,0.5419354838709678,Adult,3-5 years,0,0,0.010965611,0,Low Risk
34,72000,MORTGAGE,11.0,VENTURE,B,5800,,0.08,N,9,0.08055555555555556,6000.0,0.9666666666666667,Adult,10+ years,0,0,0.013849274,0,Low Risk
24,36000,MORTGAGE,8.0,HOMEIMPROVEMENT,A,6000,7.14,0.17,N,4,0.16666666666666666,3000.0,2.0,Young,6-10 years,0,1,0.16600373,0,Low Risk
28,68804,MORTGAGE,1.0,EDUCATION,A,22000,6.99,0.32,N,6,0.3197488518109412,5733.666666666667,3.8369862217312947,Adult,0-2 years,1,0,0.24227889,0,Low Risk
37,93000,MORTGAGE,2.0,VENTURE,B,18000,12.18,0.19,N,11,0.1935483870967742,7750.0,2.3225806451612905,Middle Age,0-2 years,0,0,0.007781471,0,Low Risk
28,60000,OWN,5.0,VENTURE,C,10000,,0.17,N,7,0.16666666666666666,5000.0,2.0,Adult,3-5 years,0,0,0.0021548807,0,Low Risk
23,33000,RENT,3.0,DEBTCONSOLIDATION,B,4000,10.96,0.12,N,4,0.12121212121212122,2750.0,1.4545454545454546,Young,3-5 years,0,0,0.3938506,0,Medium Risk
24,95000,RENT,3.0,PERSONAL,A,12000,7.88,0.13,N,3,0.12631578947368421,7916.666666666667,1.5157894736842106,Young,3-5 years,0,0,0.012460569,0,Low Risk
23,29100,RENT,3.0,EDUCATION,D,5000,14.84,0.17,N,2,0.1718213058419244,2425.0,2.0618556701030926,Young,3-5 years,0,0,0.6641431,1,High Risk
33,113800,RENT,8.0,MEDICAL,B,5000,11.83,0.04,N,9,0.043936731107205626,9483.333333333334,0.5272407732864675,Adult,6-10 years,0,0,0.16718042,0,Low Risk
29,55530,MORTGAGE,13.0,EDUCATION,A,18825,8.9,0.34,N,7,0.3390059427336575,4627.5,4.06807131280389,Adult,10+ years,1,0,0.279722,0,Low Risk
21,83000,MORTGAGE,4.0,MEDICAL,A,8500,8.0,0.1,N,4,0.10240963855421686,6916.666666666667,1.2289156626506024,Young,3-5 years,0,0,0.06993863,0,Low Risk
33,45000,RENT,4.0,MEDICAL,A,12000,7.88,0.27,N,6,0.26666666666666666,3750.0,3.2,Adult,3-5 years,0,0,0.04870452,0,Low Risk
23,62000,RENT,1.0,DEBTCONSOLIDATION,A,10000,8.94,0.16,N,2,0.16129032258064516,5166.666666666667,1.9354838709677418,Young,0-2 years,0,0,0.08824644,0,Low Risk
28,87600,OWN,12.0,VENTURE,C,12000,12.99,0.14,N,6,0.136986301369863,7300.0,1.643835616438356,Adult,10+ years,0,0,0.0023356248,0,Low Risk
22,47000,RENT,6.0,DEBTCONSOLIDATION,C,19200,12.29,0.41,Y,4,0.4085106382978723,3916.6666666666665,4.902127659574468,Young,6-10 years,1,1,0.99278015,1,High Risk
38,47000,RENT,2.0,VENTURE,A,3000,,0.06,N,11,0.06382978723404255,3916.6666666666665,0.7659574468085106,Middle Age,0-2 years,0,0,0.012792193,0,Low Risk
23,82000,MORTGAGE,5.0,PERSONAL,D,5000,16.77,0.06,Y,3,0.06097560975609756,6833.333333333333,0.7317073170731707,Young,3-5 years,0,0,0.31602705,0,Medium Risk
29,37500,RENT,0.0,VENTURE,A,11000,8.49,0.29,N,5,0.29333333333333333,3125.0,3.52,Adult,0-2 years,0,0,0.026099538,0,Low Risk
23,30000,RENT,4.0,MEDICAL,B,8000,12.18,0.27,N,2,0.26666666666666666,2500.0,3.2,Young,3-5 years,0,0,0.5336432,1,Medium Risk
21,32000,RENT,3.0,EDUCATION,A,5000,7.68,0.16,N,4,0.15625,2666.6666666666665,1.875,Young,3-5 years,0,0,0.21509807,0,Low Risk
22,50000,RENT,2.0,VENTURE,B,3500,,0.07,N,3,0.07,4166.666666666667,0.84,Young,0-2 years,0,0,0.010732555,0,Low Risk
25,97000,MORTGAGE,9.0,PERSONAL,C,8000,,0.08,N,4,0.08247422680412371,8083.333333333333,0.9896907216494846,Young,6-10 years,0,0,0.18335328,0,Low Risk
24,69000,RENT,2.0,DEBTCONSOLIDATION,B,16000,11.89,0.23,N,4,0.2318840579710145,5750.0,2.782608695652174,Young,0-2 years,0,1,0.44710436,0,Medium Risk
27,48000,RENT,5.0,DEBTCONSOLIDATION,B,2250,,0.05,N,7,0.046875,4000.0,0.5625,Adult,3-5 years,0,0,0.14227301,0,Low Risk
26,62004,MORTGAGE,3.0,MEDICAL,B,4000,9.99,0.06,N,2,0.06451196696987291,5167.0,0.7741436036384749,Adult,3-5 years,0,0,0.23649484,0,Low Risk
32,49000,RENT,16.0,VENTURE,B,6300,9.91,0.13,N,6,0.12857142857142856,4083.3333333333335,1.5428571428571427,Adult,10+ years,0,0,0.014704773,0,Low Risk
30,23000,RENT,3.0,PERSONAL,C,6500,14.72,0.28,N,10,0.2826086956521739,1916.6666666666667,3.391304347826087,Adult,3-5 years,0,0,0.34848782,0,Medium Risk
22,50000,MORTGAGE,0.0,EDUCATION,B,20000,11.48,0.4,N,2,0.4,4166.666666666667,4.8,Young,0-2 years,1,0,0.1804304,0,Low Risk
22,27600,RENT,3.0,MEDICAL,A,4000,5.42,0.14,N,4,0.14492753623188406,2300.0,1.7391304347826086,Young,3-5 years,0,0,0.06600017,0,Low Risk
32,79050,MORTGAGE,10.0,MEDICAL,F,24000,18.62,0.26,Y,8,0.3036053130929791,6587.5,3.6432637571157493,Adult,6-10 years,0,1,0.97648865,1,High Risk
37,120000,MORTGAGE,21.0,PERSONAL,D,20000,14.84,0.17,N,11,0.16666666666666666,10000.0,2.0,Middle Age,10+ years,0,0,0.2644259,0,Low Risk
37,84000,RENT,4.0,HOMEIMPROVEMENT,B,5000,10.0,0.06,N,16,0.05952380952380952,7000.0,0.7142857142857143,Middle Age,3-5 years,0,0,0.086584575,0,Low Risk
34,95000,RENT,7.0,MEDICAL,B,10000,9.99,0.11,N,6,0.10526315789473684,7916.666666666667,1.263157894736842,Adult,6-10 years,0,0,0.05685196,0,Low Risk
29,42000,RENT,0.0,EDUCATION,C,7500,12.87,0.18,Y,8,0.17857142857142858,3500.0,2.142857142857143,Adult,0-2 years,0,0,0.27957344,0,Low Risk
23,45000,MORTGAGE,1.0,MEDICAL,B,7200,11.86,0.16,N,2,0.16,3750.0,1.92,Young,0-2 years,0,0,0.21272594,0,Low Risk
36,51996,OWN,7.0,HOMEIMPROVEMENT,B,8500,11.49,0.16,N,16,0.16347411339333795,4333.0,1.9616893607200554,Middle Age,6-10 years,0,0,0.003951284,0,Low Risk
26,65000,RENT,0.0,VENTURE,C,17000,13.47,0.26,N,2,0.26153846153846155,5416.666666666667,3.1384615384615384,Adult,0-2 years,0,0,0.20461302,0,Low Risk
23,100000,OWN,7.0,PERSONAL,D,35000,16.77,0.35,N,4,0.35,8333.333333333334,4.199999999999999,Young,6-10 years,1,0,0.043738842,0,Low Risk
23,26400,RENT,7.0,DEBTCONSOLIDATION,A,3800,7.9,0.14,N,4,0.14393939393939395,2200.0,1.7272727272727273,Young,6-10 years,0,0,0.33220404,0,Medium Risk
30,45000,MORTGAGE,5.0,VENTURE,B,8000,10.36,0.18,N,9,0.17777777777777778,3750.0,2.1333333333333333,Adult,3-5 years,0,0,0.0073348405,0,Low Risk
24,82000,RENT,8.0,EDUCATION,B,7000,10.0,0.09,N,4,0.08536585365853659,6833.333333333333,1.024390243902439,Young,6-10 years,0,0,0.12543336,0,Low Risk
24,185000,MORTGAGE,6.0,MEDICAL,A,3000,7.88,0.02,N,2,0.016216216216216217,15416.666666666666,0.1945945945945946,Young,6-10 years,0,0,0.03173262,0,Low Risk
30,67202,RENT,4.0,DEBTCONSOLIDATION,A,10000,,0.15,N,7,0.14880509508645576,5600.166666666667,1.785661141037469,Adult,3-5 years,0,0,0.08278948,0,Low Risk
23,136000,MORTGAGE,2.0,PERSONAL,D,9800,15.99,0.07,Y,3,0.07205882352941176,11333.333333333334,0.8647058823529411,Young,0-2 years,0,0,0.3707092,0,Medium Risk
22,46000,RENT,4.0,PERSONAL,A,11000,7.49,0.24,N,4,0.2391304347826087,3833.3333333333335,2.869565217391304,Young,3-5 years,0,0,0.13751994,0,Low Risk
26,41000,RENT,3.0,DEBTCONSOLIDATION,C,6600,13.85,0.16,Y,4,0.16097560975609757,3416.6666666666665,1.931707317073171,Adult,3-5 years,0,0,0.30458716,0,Medium Risk
22,44000,RENT,,PERSONAL,D,4500,14.46,0.1,Y,2,0.10227272727272728,3666.6666666666665,1.2272727272727273,Young,,0,1,0.9516939,1,High Risk
33,70000,MORTGAGE,0.0,HOMEIMPROVEMENT,C,14000,12.61,0.2,Y,10,0.2,5833.333333333333,2.4,Adult,0-2 years,0,0,0.17109707,0,Low Risk
23,70000,RENT,3.0,EDUCATION,A,12000,7.9,0.17,N,2,0.17142857142857143,5833.333333333333,2.0571428571428574,Young,3-5 years,0,0,0.04930411,0,Low Risk
27,24000,RENT,2.0,VENTURE,C,5000,14.72,0.21,N,10,0.20833333333333334,2000.0,2.5,Adult,0-2 years,0,0,0.47226608,0,Medium Risk
24,50000,RENT,0.0,PERSONAL,A,6000,7.49,0.12,N,4,0.12,4166.666666666667,1.44,Young,0-2 years,0,0,0.04060317,0,Low Risk
30,85000,RENT,4.0,HOMEIMPROVEMENT,A,10000,6.62,0.12,N,9,0.11764705882352941,7083.333333333333,1.411764705882353,Adult,3-5 years,0,0,0.021847771,0,Low Risk
23,42000,MORTGAGE,7.0,EDUCATION,D,10000,14.59,0.24,Y,2,0.23809523809523808,3500.0,2.857142857142857,Young,6-10 years,0,0,0.49696323,0,Medium Risk
22,50000,MORTGAGE,0.0,PERSONAL,B,2500,12.18,0.05,N,4,0.05,4166.666666666667,0.6,Young,0-2 years,0,0,0.08856442,0,Low Risk
25,90000,MORTGAGE,9.0,PERSONAL,A,10000,5.42,0.11,N,2,0.1111111111111111,7500.0,1.3333333333333333,Young,6-10 years,0,0,0.024139717,0,Low Risk
26,40000,RENT,11.0,PERSONAL,B,5000,9.91,0.13,N,3,0.125,3333.3333333333335,1.5,Adult,10+ years,0,0,0.14386383,0,Low Risk
23,68400,RENT,7.0,EDUCATION,C,7200,14.72,0.11,N,2,0.10526315789473684,5700.0,1.263157894736842,Young,6-10 years,0,0,0.31915173,0,Medium Risk
22,72204,RENT,2.0,PERSONAL,C,6700,13.47,0.09,N,3,0.0927926430668661,6017.0,1.1135117168023931,Young,0-2 years,0,0,0.15666062,0,Low Risk
27,89000,MORTGAGE,11.0,EDUCATION,D,2800,14.96,0.03,Y,10,0.03146067415730337,7416.666666666667,0.3775280898876404,Adult,10+ years,0,0,0.2391778,0,Low Risk
29,40000,MORTGAGE,9.0,EDUCATION,C,1400,14.26,0.04,Y,5,0.035,3333.3333333333335,0.42,Adult,6-10 years,0,0,0.20942834,0,Low Risk
28,48000,RENT,1.0,PERSONAL,C,11200,14.26,0.23,N,6,0.23333333333333334,4000.0,2.8,Adult,0-2 years,0,0,0.24056113,0,Low Risk
21,48000,MORTGAGE,5.0,EDUCATION,C,10800,12.84,0.23,N,2,0.225,4000.0,2.7,Young,3-5 years,0,0,0.18981756,0,Low Risk
28,64000,MORTGAGE,4.0,PERSONAL,A,8825,5.99,0.14,N,5,0.137890625,5333.333333333333,1.6546875,Adult,3-5 years,0,0,0.06831717,0,Low Risk
26,62000,MORTGAGE,10.0,VENTURE,C,10000,13.43,0.16,Y,2,0.16129032258064516,5166.666666666667,1.9354838709677418,Adult,6-10 years,0,0,0.28180152,0,Low Risk
25,32000,RENT,3.0,DEBTCONSOLIDATION,A,3000,8.94,0.09,N,3,0.09375,2666.6666666666665,1.125,Young,3-5 years,0,0,0.42200485,0,Medium Risk
22,48609,RENT,6.0,DEBTCONSOLIDATION,A,12000,7.49,0.25,N,3,0.24686786397580696,4050.75,2.9624143677096835,Young,6-10 years,0,0,0.1312214,0,Low Risk
31,79800,MORTGAGE,3.0,PERSONAL,A,5000,6.91,0.06,N,9,0.06265664160401002,6650.0,0.7518796992481203,Adult,3-5 years,0,0,0.10491875,0,Low Risk
30,61000,RENT,4.0,HOMEIMPROVEMENT,C,7600,,0.12,Y,6,0.12459016393442623,5083.333333333333,1.4950819672131148,Adult,3-5 years,0,0,0.3345099,0,Medium Risk
24,42000,MORTGAGE,5.0,PERSONAL,A,19200,7.9,0.46,N,4,0.45714285714285713,3500.0,5.485714285714286,Young,3-5 years,1,0,0.19174923,0,Low Risk
23,84996,MORTGAGE,5.0,MEDICAL,B,5000,10.95,0.06,N,3,0.05882629770812744,7083.0,0.7059155724975293,Young,3-5 years,0,0,0.10021471,0,Low Risk
23,85000,RENT,2.0,EDUCATION,B,5000,11.58,0.06,N,3,0.058823529411764705,7083.333333333333,0.7058823529411765,Young,0-2 years,0,0,0.08218351,0,Low Risk
32,106000,MORTGAGE,12.0,HOMEIMPROVEMENT,A,12000,5.79,0.11,N,8,0.11320754716981132,8833.333333333334,1.3584905660377358,Adult,10+ years,0,0,0.034260888,0,Low Risk
28,43500,MORTGAGE,12.0,PERSONAL,B,4000,12.69,0.09,N,5,0.09195402298850575,3625.0,1.103448275862069,Adult,10+ years,0,0,0.36437482,0,Medium Risk
29,42000,RENT,0.0,VENTURE,D,5000,14.96,0.12,Y,5,0.11904761904761904,3500.0,1.4285714285714286,Adult,0-2 years,0,1,0.95853996,1,High Risk
25,45000,RENT,3.0,MEDICAL,E,13650,18.79,0.3,N,2,0.30333333333333334,3750.0,3.64,Young,3-5 years,1,1,0.803866,1,High Risk
27,59578,RENT,11.0,HOMEIMPROVEMENT,D,6000,14.59,0.1,Y,7,0.10070831514988754,4964.833333333333,1.2084997817986505,Adult,10+ years,0,0,0.70559645,1,High Risk
25,45000,RENT,4.0,VENTURE,B,8000,10.38,0.18,N,2,0.17777777777777778,3750.0,2.1333333333333333,Young,3-5 years,0,0,0.009367162,0,Low Risk
32,29000,RENT,17.0,PERSONAL,D,4800,16.29,0.17,Y,7,0.16551724137931034,2416.6666666666665,1.9862068965517243,Adult,10+ years,0,1,0.77252513,1,High Risk
28,35000,OWN,2.0,VENTURE,B,15000,,0.43,N,7,0.42857142857142855,2916.6666666666665,5.142857142857143,Adult,0-2 years,1,0,0.001781645,0,Low Risk
26,14400,RENT,2.0,DEBTCONSOLIDATION,D,2000,15.58,0.14,N,4,0.1388888888888889,1200.0,1.6666666666666667,Adult,0-2 years,0,1,0.9934376,1,High Risk
33,68000,MORTGAGE,15.0,VENTURE,B,5000,12.18,0.07,N,10,0.07352941176470588,5666.666666666667,0.8823529411764706,Adult,10+ years,0,0,0.01929073,0,Low Risk
25,21600,RENT,3.0,PERSONAL,B,3600,10.99,0.17,N,4,0.16666666666666666,1800.0,2.0,Young,3-5 years,0,0,0.29807752,0,Low Risk
41,70800,MORTGAGE,25.0,PERSONAL,A,12000,6.62,0.17,N,11,0.1694915254237288,5900.0,2.0338983050847457,Middle Age,10+ years,0,0,0.040189255,0,Low Risk
48,30000,MORTGAGE,21.0,VENTURE,B,2100,12.42,0.07,N,16,0.07,2500.0,0.84,Middle Age,10+ years,0,0,0.04407707,0,Low Risk
32,60000,MORTGAGE,11.0,PERSONAL,C,7500,11.03,0.13,Y,10,0.125,5000.0,1.5,Adult,10+ years,0,0,0.14636001,0,Low Risk
28,86400,MORTGAGE,0.0,EDUCATION,A,5000,5.79,0.06,N,5,0.05787037037037037,7200.0,0.6944444444444444,Adult,0-2 years,0,0,0.031225188,0,Low Risk
26,39000,MORTGAGE,4.0,DEBTCONSOLIDATION,D,5000,13.67,0.13,N,3,0.1282051282051282,3250.0,1.5384615384615385,Adult,3-5 years,0,1,0.97413516,1,High Risk
26,57000,MORTGAGE,10.0,VENTURE,B,2500,11.58,0.04,N,3,0.043859649122807015,4750.0,0.5263157894736842,Adult,6-10 years,0,0,0.02831744,0,Low Risk
29,17004,RENT,8.0,HOMEIMPROVEMENT,A,2200,9.32,0.13,N,5,0.1293813220418725,1417.0,1.55257586450247,Adult,6-10 years,0,1,0.940982,1,High Risk
27,50400,MORTGAGE,,EDUCATION,B,3600,8.88,0.07,N,10,0.07142857142857142,4200.0,0.8571428571428571,Adult,,0,0,0.110249266,0,Low Risk
24,47000,OWN,1.0,PERSONAL,B,6000,11.11,0.13,N,4,0.1276595744680851,3916.6666666666665,1.5319148936170213,Young,0-2 years,0,0,0.0030013865,0,Low Risk
30,24000,MORTGAGE,,MEDICAL,A,7000,6.62,0.29,N,9,0.2916666666666667,2000.0,3.5,Adult,,0,0,0.1487929,0,Low Risk
22,125000,MORTGAGE,0.0,PERSONAL,D,25000,,0.2,Y,2,0.2,10416.666666666666,2.4000000000000004,Young,0-2 years,0,0,0.2810814,0,Low Risk
22,39996,RENT,4.0,PERSONAL,C,3000,14.35,0.08,Y,3,0.075007500750075,3333.0,0.9000900090009001,Young,3-5 years,0,0,0.23565125,0,Low Risk
22,48000,MORTGAGE,6.0,MEDICAL,A,5000,7.88,0.1,N,2,0.10416666666666667,4000.0,1.25,Young,6-10 years,0,0,0.16814269,0,Low Risk
22,37000,RENT,2.0,EDUCATION,A,10000,8.59,0.27,N,2,0.2702702702702703,3083.3333333333335,3.243243243243243,Young,0-2 years,0,0,0.17581868,0,Low Risk
27,60000,MORTGAGE,0.0,PERSONAL,A,10000,8.63,0.17,N,5,0.16666666666666666,5000.0,2.0,Adult,0-2 years,0,0,0.047933474,0,Low Risk
33,50000,RENT,1.0,HOMEIMPROVEMENT,A,9000,7.51,0.18,N,9,0.18,4166.666666666667,2.1599999999999997,Adult,0-2 years,0,0,0.03568646,0,Low Risk
22,57600,OWN,6.0,VENTURE,A,6500,7.49,0.11,N,3,0.11284722222222222,4800.0,1.3541666666666667,Young,6-10 years,0,0,0.0005550811,0,Low Risk
29,108000,RENT,11.0,EDUCATION,B,16000,,0.15,N,7,0.14814814814814814,9000.0,1.7777777777777777,Adult,10+ years,0,1,0.12066305,0,Low Risk
23,15000,OWN,7.0,MEDICAL,B,4475,,0.3,N,4,0.29833333333333334,1250.0,3.58,Young,6-10 years,1,1,0.99812335,1,High Risk
23,34000,OWN,7.0,VENTURE,A,10950,7.29,0.32,N,2,0.3220588235294118,2833.3333333333335,3.8647058823529408,Young,6-10 years,1,0,0.0034010299,0,Low Risk
28,52000,MORTGAGE,10.0,EDUCATION,A,13600,7.88,0.26,N,7,0.26153846153846155,4333.333333333333,3.138461538461539,Adult,6-10 years,0,0,0.1705232,0,Low Risk
24,75000,RENT,8.0,EDUCATION,B,17000,9.33,0.23,N,3,0.22666666666666666,6250.0,2.72,Young,6-10 years,0,0,0.1512814,0,Low Risk
23,71004,RENT,8.0,EDUCATION,D,20000,14.09,0.28,N,3,0.2816742718720072,5917.0,3.3800912624640866,Young,6-10 years,0,0,0.46078107,0,Medium Risk
28,40000,MORTGAGE,6.0,PERSONAL,A,10000,9.32,0.25,N,8,0.25,3333.3333333333335,3.0,Adult,6-10 years,0,0,0.071665384,0,Low Risk
31,260000,MORTGAGE,6.0,MEDICAL,C,25000,13.57,0.1,Y,6,0.09615384615384616,21666.666666666668,1.1538461538461537,Adult,6-10 years,0,0,0.16948397,0,Low Risk
29,45000,RENT,4.0,EDUCATION,A,8700,7.88,0.19,N,9,0.19333333333333333,3750.0,2.32,Adult,3-5 years,0,0,0.05682732,0,Low Risk
54,29000,MORTGAGE,7.0,PERSONAL,B,2500,11.71,0.09,N,28,0.08620689655172414,2416.6666666666665,1.0344827586206897,Senior,6-10 years,0,0,0.38873145,0,Medium Risk
50,45600,MORTGAGE,,PERSONAL,A,5000,7.9,0.11,N,16,0.10964912280701754,3800.0,1.3157894736842106,Middle Age,,0,0,0.16709258,0,Low Risk
25,35000,OWN,2.0,MEDICAL,A,6400,,0.18,N,2,0.18285714285714286,2916.6666666666665,2.1942857142857144,Young,0-2 years,0,0,0.0018323924,0,Low Risk
22,28800,RENT,5.0,MEDICAL,B,9000,10.99,0.31,N,2,0.3125,2400.0,3.75,Young,3-5 years,1,1,0.99006516,1,High Risk
25,35360,MORTGAGE,9.0,MEDICAL,A,10000,8.94,0.28,N,2,0.2828054298642534,2946.6666666666665,3.393665158371041,Young,6-10 years,0,0,0.22188757,0,Low Risk
25,195054,MORTGAGE,9.0,HOMEIMPROVEMENT,B,10000,10.59,0.05,N,2,0.051267854030166,16254.5,0.615214248361992,Young,6-10 years,0,0,0.11359959,0,Low Risk
27,50000,RENT,1.0,EDUCATION,C,8000,13.98,0.16,N,9,0.16,4166.666666666667,1.92,Adult,0-2 years,0,0,0.0944001,0,Low Risk
27,43200,RENT,4.0,EDUCATION,A,10000,7.49,0.23,N,10,0.23148148148148148,3600.0,2.7777777777777777,Adult,3-5 years,0,0,0.13764232,0,Low Risk
27,106000,RENT,11.0,EDUCATION,C,3600,14.27,0.03,N,5,0.033962264150943396,8833.333333333334,0.4075471698113207,Adult,10+ years,0,0,0.08318762,0,Low Risk
40,85000,MORTGAGE,1.0,EDUCATION,C,10000,12.87,0.12,N,11,0.11764705882352941,7083.333333333333,1.411764705882353,Middle Age,0-2 years,0,0,0.10003107,0,Low Risk
28,80000,MORTGAGE,13.0,EDUCATION,B,21000,11.36,0.26,N,10,0.2625,6666.666666666667,3.15,Adult,10+ years,0,0,0.11314675,0,Low Risk
29,60000,MORTGAGE,13.0,PERSONAL,A,13500,7.51,0.23,N,7,0.225,5000.0,2.7,Adult,10+ years,0,0,0.10030291,0,Low Risk
23,27000,RENT,6.0,MEDICAL,B,10000,10.65,0.37,N,3,0.37037037037037035,2250.0,4.444444444444445,Young,6-10 years,1,1,0.9930675,1,High Risk
23,73000,MORTGAGE,7.0,EDUCATION,C,7500,13.22,0.1,Y,2,0.10273972602739725,6083.333333333333,1.2328767123287672,Young,6-10 years,0,0,0.37966746,0,Medium Risk
25,50000,RENT,2.0,DEBTCONSOLIDATION,B,10000,10.95,0.2,N,3,0.2,4166.666666666667,2.4,Young,0-2 years,0,0,0.07775665,0,Low Risk
25,96000,RENT,1.0,HOMEIMPROVEMENT,B,12000,9.99,0.13,N,4,0.125,8000.0,1.5,Young,0-2 years,0,0,0.07028576,0,Low Risk
32,95000,MORTGAGE,5.0,VENTURE,B,4800,10.99,0.05,N,8,0.05052631578947368,7916.666666666667,0.6063157894736841,Adult,3-5 years,0,0,0.0065388586,0,Low Risk
28,72000,MORTGAGE,1.0,EDUCATION,D,6000,15.37,0.08,Y,10,0.08333333333333333,6000.0,1.0,Adult,0-2 years,0,0,0.41400582,0,Medium Risk
22,55000,MORTGAGE,2.0,MEDICAL,C,4800,12.98,0.09,N,4,0.08727272727272728,4583.333333333333,1.0472727272727274,Young,0-2 years,0,0,0.1806716,0,Low Risk
27,100000,MORTGAGE,11.0,PERSONAL,A,12000,,0.12,N,6,0.12,8333.333333333334,1.44,Adult,10+ years,0,0,0.02385407,0,Low Risk
34,68340,MORTGAGE,9.0,HOMEIMPROVEMENT,B,25000,10.99,0.37,N,10,0.3658179689786362,5695.0,4.389815627743634,Adult,6-10 years,1,0,0.3080855,0,Medium Risk
32,44500,OWN,3.0,HOMEIMPROVEMENT,A,15000,7.51,0.34,N,5,0.33707865168539325,3708.3333333333335,4.044943820224719,Adult,3-5 years,1,0,0.0043858937,0,Low Risk
26,47000,OWN,8.0,VENTURE,A,12500,8.49,0.27,N,2,0.26595744680851063,3916.6666666666665,3.1914893617021276,Adult,6-10 years,0,0,0.00055614556,0,Low Risk
30,68803,RENT,3.0,MEDICAL,A,2000,6.17,0.03,N,10,0.029068499920061625,5733.583333333333,0.3488219990407395,Adult,3-5 years,0,0,0.03563647,0,Low Risk
29,107220,MORTGAGE,9.0,HOMEIMPROVEMENT,B,10000,,0.09,N,10,0.09326618168252192,8935.0,1.119194180190263,Adult,6-10 years,0,0,0.13073906,0,Low Risk
22,120000,MORTGAGE,3.0,MEDICAL,A,22000,7.49,0.18,N,3,0.18333333333333332,10000.0,2.2,Young,3-5 years,0,0,0.02267223,0,Low Risk
22,40000,RENT,2.0,DEBTCONSOLIDATION,C,5025,13.43,0.13,N,2,0.125625,3333.3333333333335,1.5074999999999998,Young,0-2 years,0,0,0.14250791,0,Low Risk
26,100000,MORTGAGE,10.0,EDUCATION,C,14000,13.11,0.14,Y,2,0.14,8333.333333333334,1.68,Adult,6-10 years,0,0,0.11627423,0,Low Risk
28,110000,RENT,2.0,HOMEIMPROVEMENT,C,10000,13.22,0.09,N,5,0.09090909090909091,9166.666666666666,1.090909090909091,Adult,0-2 years,0,0,0.14715832,0,Low Risk
25,28176,OWN,3.0,MEDICAL,B,1000,9.63,0.04,N,4,0.03549119818285065,2348.0,0.42589437819420783,Young,3-5 years,0,0,0.005716473,0,Low Risk
30,93132,MORTGAGE,10.0,HOMEIMPROVEMENT,A,2500,5.99,0.03,N,6,0.02684361980844393,7761.0,0.3221234377013272,Adult,6-10 years,0,0,0.02322287,0,Low Risk
24,115000,OWN,8.0,DEBTCONSOLIDATION,D,35000,16.89,0.3,Y,4,0.30434782608695654,9583.333333333334,3.652173913043478,Young,6-10 years,1,0,0.28236523,0,Low Risk
26,60000,MORTGAGE,3.0,PERSONAL,C,30000,14.27,0.5,Y,3,0.5,5000.0,6.0,Adult,3-5 years,1,0,0.27772647,0,Low Risk
22,93000,RENT,6.0,HOMEIMPROVEMENT,A,6000,8.94,0.06,N,4,0.06451612903225806,7750.0,0.7741935483870968,Young,6-10 years,0,1,0.43726522,0,Medium Risk
25,46000,RENT,9.0,MEDICAL,A,7000,8.49,0.15,N,3,0.15217391304347827,3833.3333333333335,1.826086956521739,Young,6-10 years,0,0,0.15635782,0,Low Risk
33,54000,MORTGAGE,3.0,EDUCATION,C,10000,15.23,0.19,Y,8,0.18518518518518517,4500.0,2.2222222222222223,Adult,3-5 years,0,0,0.6075192,1,High Risk
23,120000,RENT,4.0,MEDICAL,C,23750,13.47,0.2,N,2,0.19791666666666666,10000.0,2.375,Young,3-5 years,0,0,0.14230001,0,Low Risk
21,50000,RENT,5.0,VENTURE,B,8500,10.65,0.17,N,2,0.17,4166.666666666667,2.04,Young,3-5 years,0,0,0.0052450676,0,Low Risk
21,45996,RENT,5.0,DEBTCONSOLIDATION,D,5000,,0.11,Y,3,0.10870510479172102,3833.0,1.3044612575006522,Young,3-5 years,0,1,0.94540715,1,High Risk
36,74000,MORTGAGE,4.0,PERSONAL,C,10000,11.03,0.14,N,15,0.13513513513513514,6166.666666666667,1.6216216216216215,Middle Age,3-5 years,0,1,0.29532123,0,Low Risk
28,49000,RENT,12.0,HOMEIMPROVEMENT,C,4500,14.27,0.09,N,10,0.09183673469387756,4083.3333333333335,1.1020408163265305,Adult,10+ years,0,1,0.8220924,1,High Risk
25,74004,RENT,2.0,PERSONAL,E,20000,15.95,0.27,Y,4,0.2702556618561159,6167.0,3.243067942273391,Young,0-2 years,0,1,0.96893376,1,High Risk
29,71000,RENT,1.0,MEDICAL,C,12000,,0.17,N,5,0.16901408450704225,5916.666666666667,2.028169014084507,Adult,0-2 years,0,0,0.12219522,0,Low Risk
25,33500,RENT,2.0,MEDICAL,B,10000,10.25,0.3,N,3,0.29850746268656714,2791.6666666666665,3.582089552238806,Young,0-2 years,1,0,0.33531466,0,Medium Risk
36,156326,RENT,10.0,HOMEIMPROVEMENT,A,1800,8.0,0.01,N,16,0.011514399396133721,13027.166666666666,0.13817279275360464,Middle Age,6-10 years,0,0,0.038271897,0,Low Risk
22,72000,OWN,1.0,PERSONAL,B,15000,10.25,0.21,N,3,0.20833333333333334,6000.0,2.5,Young,0-2 years,0,0,0.0033544255,0,Low Risk
25,32400,RENT,1.0,HOMEIMPROVEMENT,D,17500,15.95,0.54,Y,3,0.5401234567901234,2700.0,6.481481481481482,Young,0-2 years,1,1,0.99899787,1,High Risk
22,30000,MORTGAGE,6.0,VENTURE,C,3200,13.48,0.11,N,4,0.10666666666666667,2500.0,1.28,Young,6-10 years,0,0,0.41059706,0,Medium Risk
30,48000,RENT,7.0,PERSONAL,A,4000,,0.08,N,5,0.08333333333333333,4000.0,1.0,Adult,6-10 years,0,0,0.14920995,0,Low Risk
33,120000,MORTGAGE,14.0,VENTURE,B,2000,12.69,0.02,N,9,0.016666666666666666,10000.0,0.2,Adult,10+ years,0,0,0.013301139,0,Low Risk
24,72000,MORTGAGE,5.0,DEBTCONSOLIDATION,B,8000,12.21,0.11,N,4,0.1111111111111111,6000.0,1.3333333333333333,Young,3-5 years,0,0,0.19004422,0,Low Risk
21,110000,RENT,0.0,EDUCATION,C,3500,13.99,0.03,Y,3,0.031818181818181815,9166.666666666666,0.38181818181818183,Young,0-2 years,0,0,0.08573763,0,Low Risk
26,83000,MORTGAGE,1.0,PERSONAL,B,17000,10.25,0.2,N,3,0.20481927710843373,6916.666666666667,2.4578313253012047,Adult,0-2 years,0,0,0.21115842,0,Low Risk
31,39000,MORTGAGE,11.0,DEBTCONSOLIDATION,A,2200,7.49,0.06,N,6,0.05641025641025641,3250.0,0.676923076923077,Adult,10+ years,0,1,0.339413,0,Medium Risk
27,91000,MORTGAGE,2.0,HOMEIMPROVEMENT,A,3000,5.99,0.03,N,8,0.03296703296703297,7583.333333333333,0.39560439560439564,Adult,0-2 years,0,0,0.03681339,0,Low Risk
21,27996,RENT,5.0,EDUCATION,A,3700,8.0,0.13,N,3,0.13216173739105586,2333.0,1.5859408486926705,Young,3-5 years,0,0,0.16859788,0,Low Risk
23,63000,RENT,0.0,VENTURE,D,16000,14.42,0.25,Y,2,0.25396825396825395,5250.0,3.0476190476190474,Young,0-2 years,0,1,0.9450827,1,High Risk
27,68120,RENT,6.0,EDUCATION,B,8000,10.0,0.12,N,5,0.11743981209630065,5676.666666666667,1.4092777451556078,Adult,6-10 years,0,0,0.20379092,0,Low Risk
22,24000,RENT,0.0,EDUCATION,E,1500,18.79,0.06,Y,3,0.0625,2000.0,0.75,Young,0-2 years,0,1,0.9448728,1,High Risk
25,68000,RENT,1.0,EDUCATION,C,10000,14.26,0.15,Y,2,0.14705882352941177,5666.666666666667,1.7647058823529411,Young,0-2 years,0,0,0.29391888,0,Low Risk
23,35000,RENT,4.0,PERSONAL,C,3000,13.85,0.09,N,3,0.08571428571428572,2916.6666666666665,1.0285714285714287,Young,3-5 years,0,0,0.25543982,0,Low Risk
34,24000,OWN,4.0,VENTURE,C,2400,13.98,0.1,Y,6,0.1,2000.0,1.2,Adult,3-5 years,0,0,0.0026015243,0,Low Risk
30,77000,MORTGAGE,5.0,DEBTCONSOLIDATION,A,1500,6.39,0.02,N,7,0.01948051948051948,6416.666666666667,0.23376623376623376,Adult,3-5 years,0,0,0.0907064,0,Low Risk
23,100000,MORTGAGE,7.0,PERSONAL,B,11200,11.49,0.11,N,2,0.112,8333.333333333334,1.3439999999999999,Young,6-10 years,0,0,0.08382494,0,Low Risk
38,43000,OWN,5.0,VENTURE,A,10000,7.51,0.23,N,12,0.23255813953488372,3583.3333333333335,2.7906976744186047,Middle Age,3-5 years,0,0,0.0002706538,0,Low Risk
30,96000,RENT,4.0,PERSONAL,B,14400,,0.15,N,8,0.15,8000.0,1.8,Adult,3-5 years,0,0,0.04683959,0,Low Risk
23,110000,MORTGAGE,8.0,VENTURE,A,7800,,0.07,N,4,0.07090909090909091,9166.666666666666,0.850909090909091,Young,6-10 years,0,0,0.0067313784,0,Low Risk
41,41004,MORTGAGE,4.0,MEDICAL,B,10000,11.99,0.24,N,14,0.24387864598575748,3417.0,2.9265437518290898,Middle Age,3-5 years,0,0,0.23007944,0,Low Risk
24,38000,RENT,8.0,MEDICAL,C,5000,13.99,0.13,N,4,0.13157894736842105,3166.6666666666665,1.5789473684210527,Young,6-10 years,0,0,0.36594912,0,Medium Risk
33,90000,RENT,8.0,DEBTCONSOLIDATION,C,14500,14.65,0.16,N,9,0.16111111111111112,7500.0,1.9333333333333333,Adult,6-10 years,0,0,0.16936003,0,Low Risk
25,87000,RENT,7.0,MEDICAL,C,9000,13.49,0.1,N,4,0.10344827586206896,7250.0,1.2413793103448276,Young,6-10 years,0,0,0.24312232,0,Low Risk
48,120000,MORTGAGE,18.0,DEBTCONSOLIDATION,C,3600,,0.03,Y,17,0.03,10000.0,0.36,Middle Age,10+ years,0,0,0.14364174,0,Low Risk
28,125000,MORTGAGE,8.0,MEDICAL,B,8000,11.14,0.06,N,6,0.064,10416.666666666666,0.768,Adult,6-10 years,0,0,0.06070447,0,Low Risk
35,84000,MORTGAGE,5.0,DEBTCONSOLIDATION,C,15200,15.27,0.18,Y,7,0.18095238095238095,7000.0,2.1714285714285713,Adult,3-5 years,0,1,0.42032537,0,Medium Risk
30,48996,MORTGAGE,14.0,EDUCATION,C,1200,14.35,0.02,N,7,0.02449179524859172,4083.0,0.29390154298310067,Adult,10+ years,0,1,0.37193835,0,Medium Risk
26,48000,RENT,1.0,EDUCATION,E,15000,18.64,0.31,N,3,0.3125,4000.0,3.75,Adult,0-2 years,1,1,0.9934209,1,High Risk
31,157000,MORTGAGE,5.0,EDUCATION,A,7200,7.49,0.05,N,7,0.045859872611464965,13083.333333333334,0.5503184713375796,Adult,3-5 years,0,0,0.014691238,0,Low Risk
22,19000,RENT,5.0,VENTURE,C,3000,13.06,0.16,N,2,0.15789473684210525,1583.3333333333333,1.8947368421052633,Young,3-5 years,0,1,0.9902547,1,High Risk
23,40000,RENT,3.0,EDUCATION,A,6000,5.79,0.15,N,4,0.15,3333.3333333333335,1.7999999999999998,Young,3-5 years,0,0,0.022025146,0,Low Risk
27,60000,RENT,11.0,VENTURE,B,20000,10.51,0.33,N,7,0.3333333333333333,5000.0,4.0,Adult,10+ years,1,1,0.991676,1,High Risk
35,94000,MORTGAGE,2.0,HOMEIMPROVEMENT,A,10000,7.49,0.11,N,9,0.10638297872340426,7833.333333333333,1.2765957446808511,Adult,0-2 years,0,0,0.0408849,0,Low Risk
41,92000,MORTGAGE,15.0,MEDICAL,A,12000,7.66,0.13,N,15,0.13043478260869565,7666.666666666667,1.5652173913043477,Middle Age,10+ years,0,0,0.02099027,0,Low Risk
24,12960,MORTGAGE,1.0,HOMEIMPROVEMENT,B,3650,9.91,0.28,N,3,0.2816358024691358,1080.0,3.3796296296296298,Young,0-2 years,0,1,0.99257386,1,High Risk
25,99473,MORTGAGE,9.0,PERSONAL,B,8500,11.58,0.09,N,2,0.08545032320328129,8289.416666666666,1.0254038784393755,Young,6-10 years,0,0,0.22785206,0,Low Risk
32,84000,MORTGAGE,15.0,MEDICAL,A,15000,6.91,0.18,N,7,0.17857142857142858,7000.0,2.142857142857143,Adult,10+ years,0,0,0.028064745,0,Low Risk
23,95000,RENT,4.0,PERSONAL,B,10000,10.99,0.11,N,4,0.10526315789473684,7916.666666666667,1.263157894736842,Young,3-5 years,0,0,0.079942636,0,Low Risk
30,35000,MORTGAGE,14.0,MEDICAL,A,2000,5.42,0.06,N,9,0.05714285714285714,2916.6666666666665,0.6857142857142857,Adult,10+ years,0,0,0.048463196,0,Low Risk
22,25600,RENT,5.0,VENTURE,A,9000,8.9,0.35,N,4,0.3515625,2133.3333333333335,4.21875,Young,3-5 years,1,1,0.99561465,1,High Risk
35,53000,OWN,1.0,PERSONAL,C,10000,15.27,0.19,Y,6,0.18867924528301888,4416.666666666667,2.2641509433962264,Adult,0-2 years,0,0,0.002422734,0,Low Risk
35,105000,RENT,6.0,VENTURE,B,24000,9.25,0.23,N,7,0.22857142857142856,8750.0,2.742857142857143,Adult,6-10 years,0,0,0.009773095,0,Low Risk
66,42000,RENT,2.0,MEDICAL,B,6475,9.99,0.15,N,24,0.15416666666666667,3500.0,1.85,Senior,0-2 years,0,0,0.053354766,0,Low Risk
23,40000,RENT,0.0,DEBTCONSOLIDATION,B,2500,,0.06,N,2,0.0625,3333.3333333333335,0.75,Young,0-2 years,0,0,0.12860811,0,Low Risk
41,30840,RENT,8.0,MEDICAL,B,6000,10.59,0.19,N,13,0.19455252918287938,2570.0,2.3346303501945527,Middle Age,6-10 years,0,0,0.32082918,0,Medium Risk
30,35000,OWN,8.0,MEDICAL,B,10000,10.65,0.29,N,6,0.2857142857142857,2916.6666666666665,3.428571428571429,Adult,6-10 years,0,0,0.0028656977,0,Low Risk
22,23000,RENT,3.0,DEBTCONSOLIDATION,B,3500,10.37,0.15,N,4,0.15217391304347827,1916.6666666666667,1.826086956521739,Young,3-5 years,0,0,0.26266187,0,Low Risk
22,48156,MORTGAGE,6.0,DEBTCONSOLIDATION,A,3000,,0.06,N,2,0.0622975330176925,4013.0,0.74757039621231,Young,6-10 years,0,0,0.1589042,0,Low Risk
25,62000,MORTGAGE,2.0,HOMEIMPROVEMENT,E,20000,17.04,0.32,N,3,0.3225806451612903,5166.666666666667,3.8709677419354835,Young,0-2 years,1,1,0.708735,1,High Risk
34,480000,MORTGAGE,5.0,PERSONAL,D,14000,14.61,0.03,N,9,0.029166666666666667,40000.0,0.35,Adult,3-5 years,0,0,0.2928693,0,Low Risk
25,95000,RENT,,DEBTCONSOLIDATION,B,2400,9.25,0.03,N,2,0.02526315789473684,7916.666666666667,0.30315789473684207,Young,,0,0,0.11400725,0,Low Risk
23,61498,MORTGAGE,5.0,MEDICAL,B,5000,11.36,0.08,N,3,0.08130345702299262,5124.833333333333,0.9756414842759115,Young,3-5 years,0,0,0.3444059,0,Medium Risk
24,50000,RENT,3.0,PERSONAL,D,5000,14.74,0.1,Y,4,0.1,4166.666666666667,1.2,Young,3-5 years,0,0,0.23476247,0,Low Risk
39,325000,MORTGAGE,14.0,PERSONAL,D,18000,14.96,0.06,Y,14,0.055384615384615386,27083.333333333332,0.6646153846153846,Middle Age,10+ years,0,0,0.17384376,0,Low Risk
26,69000,RENT,7.0,EDUCATION,A,6200,7.88,0.09,N,3,0.08985507246376812,5750.0,1.0782608695652174,Adult,6-10 years,0,0,0.17956653,0,Low Risk
28,69000,MORTGAGE,4.0,EDUCATION,D,30000,,0.43,Y,9,0.43478260869565216,5750.0,5.217391304347826,Adult,3-5 years,1,1,0.6322703,1,High Risk
24,30000,RENT,0.0,MEDICAL,C,6000,13.49,0.2,N,2,0.2,2500.0,2.4,Young,0-2 years,0,0,0.3642123,0,Medium Risk
26,60000,OWN,8.0,VENTURE,A,9800,,0.16,N,4,0.16333333333333333,5000.0,1.96,Adult,6-10 years,0,0,0.00043360607,0,Low Risk
30,55000,MORTGAGE,1.0,HOMEIMPROVEMENT,B,6500,10.99,0.12,N,7,0.11818181818181818,4583.333333333333,1.4181818181818182,Adult,0-2 years,0,0,0.17350237,0,Low Risk
29,64000,RENT,3.0,EDUCATION,C,15000,15.27,0.23,N,6,0.234375,5333.333333333333,2.8125,Adult,3-5 years,0,1,0.51857305,1,Medium Risk
23,64000,MORTGAGE,6.0,DEBTCONSOLIDATION,A,5500,7.14,0.09,N,3,0.0859375,5333.333333333333,1.03125,Young,6-10 years,0,0,0.10640798,0,Low Risk
25,120000,MORTGAGE,6.0,DEBTCONSOLIDATION,B,10000,,0.08,N,2,0.08333333333333333,10000.0,1.0,Young,6-10 years,0,0,0.15211676,0,Low Risk
21,36000,RENT,3.0,EDUCATION,B,10000,10.62,0.28,N,3,0.2777777777777778,3000.0,3.3333333333333335,Young,3-5 years,0,0,0.1948617,0,Low Risk
27,54000,RENT,4.0,MEDICAL,C,8000,13.8,0.15,Y,5,0.14814814814814814,4500.0,1.7777777777777777,Adult,3-5 years,0,0,0.4679835,0,Medium Risk
39,82000,MORTGAGE,7.0,HOMEIMPROVEMENT,E,8000,19.42,0.1,Y,17,0.0975609756097561,6833.333333333333,1.1707317073170733,Middle Age,6-10 years,0,0,0.43920854,0,Medium Risk
24,98000,MORTGAGE,5.0,HOMEIMPROVEMENT,B,10000,11.71,0.1,N,3,0.10204081632653061,8166.666666666667,1.2244897959183674,Young,3-5 years,0,0,0.12989761,0,Low Risk
22,70800,RENT,6.0,EDUCATION,C,10000,12.61,0.14,N,2,0.14124293785310735,5900.0,1.694915254237288,Young,6-10 years,0,0,0.18331155,0,Low Risk
29,136000,MORTGAGE,4.0,DEBTCONSOLIDATION,D,7775,14.96,0.06,Y,5,0.05716911764705882,11333.333333333334,0.6860294117647059,Adult,3-5 years,0,1,0.97594464,1,High Risk
24,130000,OWN,8.0,VENTURE,B,22800,,0.18,N,2,0.1753846153846154,10833.333333333334,2.1046153846153843,Young,6-10 years,0,0,0.0010695634,0,Low Risk
22,66996,RENT,3.0,EDUCATION,B,20000,12.18,0.3,N,2,0.2985252850916473,5583.0,3.582303421099767,Young,3-5 years,1,0,0.16625609,0,Low Risk
29,72000,RENT,8.0,HOMEIMPROVEMENT,B,20400,11.49,0.28,N,7,0.2833333333333333,6000.0,3.4,Adult,6-10 years,0,0,0.38498077,0,Medium Risk
23,76042,RENT,6.0,HOMEIMPROVEMENT,D,20000,15.05,0.26,Y,4,0.2630125456984298,6336.833333333333,3.156150548381158,Young,6-10 years,0,1,0.92337084,1,High Risk
21,40116,RENT,2.0,VENTURE,A,6500,5.79,0.16,N,3,0.16203011267324757,3343.0,1.944361352078971,Young,0-2 years,0,0,0.0048150276,0,Low Risk
21,50350,RENT,3.0,EDUCATION,A,3600,7.88,0.07,N,3,0.07149950347567031,4195.833333333333,0.8579940417080437,Young,3-5 years,0,0,0.03416993,0,Low Risk
40,75000,RENT,3.0,EDUCATION,A,6500,7.9,0.09,N,15,0.08666666666666667,6250.0,1.04,Middle Age,3-5 years,0,0,0.043954324,0,Low Risk
23,15600,RENT,1.0,VENTURE,A,4500,5.99,0.29,N,3,0.28846153846153844,1300.0,3.4615384615384617,Young,0-2 years,0,1,0.9909733,1,High Risk
42,55392,RENT,17.0,DEBTCONSOLIDATION,D,7000,15.95,0.13,Y,15,0.12637203928365107,4616.0,1.516464471403813,Middle Age,10+ years,0,1,0.98760056,1,High Risk
33,28200,RENT,2.0,EDUCATION,C,9000,,0.32,N,8,0.3191489361702128,2350.0,3.8297872340425534,Adult,0-2 years,1,1,0.9903324,1,High Risk
36,68000,OTHER,2.0,PERSONAL,A,7200,9.63,0.11,N,15,0.10588235294117647,5666.666666666667,1.2705882352941176,Middle Age,0-2 years,0,0,0.081129394,0,Low Risk
23,60000,RENT,0.0,EDUCATION,C,9600,14.65,0.16,Y,2,0.16,5000.0,1.92,Young,0-2 years,0,0,0.14525108,0,Low Risk
29,112000,MORTGAGE,3.0,PERSONAL,D,25000,14.61,0.22,N,5,0.22321428571428573,9333.333333333334,2.6785714285714284,Adult,3-5 years,0,0,0.45482853,0,Medium Risk
25,21996,RENT,3.0,HOMEIMPROVEMENT,C,8000,13.98,0.36,Y,2,0.36370249136206584,1833.0,4.36442989634479,Young,3-5 years,1,1,0.99687344,1,High Risk
28,84800,RENT,4.0,VENTURE,B,9000,,0.11,N,7,0.10613207547169812,7066.666666666667,1.2735849056603774,Adult,3-5 years,0,0,0.010923718,0,Low Risk
55,75000,MORTGAGE,3.0,PERSONAL,A,10000,7.51,0.13,N,20,0.13333333333333333,6250.0,1.6,Senior,3-5 years,0,0,0.019356297,0,Low Risk
25,48226,RENT,9.0,MEDICAL,A,7000,7.9,0.15,N,3,0.14514991913075934,4018.8333333333335,1.741799029569112,Young,6-10 years,0,0,0.1295717,0,Low Risk
32,59004,RENT,0.0,MEDICAL,D,8000,16.49,0.14,Y,8,0.13558402820147786,4917.0,1.6270083384177343,Adult,0-2 years,0,1,0.9938624,1,High Risk
23,72000,RENT,3.0,MEDICAL,B,19000,10.99,0.26,N,4,0.2638888888888889,6000.0,3.1666666666666665,Young,3-5 years,0,0,0.17326665,0,Low Risk
27,60000,RENT,4.0,DEBTCONSOLIDATION,B,18500,10.99,0.31,N,5,0.30833333333333335,5000.0,3.7,Adult,3-5 years,1,1,0.97810763,1,High Risk
22,18204,RENT,2.0,DEBTCONSOLIDATION,B,2500,11.89,0.14,N,4,0.13733245440562514,1517.0,1.6479894528675016,Young,0-2 years,0,0,0.1938759,0,Low Risk
30,56000,MORTGAGE,5.0,EDUCATION,B,1500,,0.03,N,7,0.026785714285714284,4666.666666666667,0.3214285714285714,Adult,3-5 years,0,0,0.2860718,0,Low Risk
38,60000,MORTGAGE,7.0,DEBTCONSOLIDATION,B,8000,10.99,0.13,N,13,0.13333333333333333,5000.0,1.6,Middle Age,6-10 years,0,0,0.101410046,0,Low Risk
31,88000,MORTGAGE,10.0,DEBTCONSOLIDATION,B,7000,9.2,0.08,N,10,0.07954545454545454,7333.333333333333,0.9545454545454546,Adult,6-10 years,0,0,0.28888586,0,Low Risk
24,23004,RENT,9.0,DEBTCONSOLIDATION,A,1500,7.68,0.07,N,2,0.06520605112154408,1917.0,0.7824726134585289,Young,6-10 years,0,0,0.3062418,0,Medium Risk
28,95000,MORTGAGE,0.0,DEBTCONSOLIDATION,A,18000,7.88,0.19,N,10,0.18947368421052632,7916.666666666667,2.2736842105263158,Adult,0-2 years,0,0,0.018995125,0,Low Risk
24,23000,RENT,0.0,EDUCATION,A,3000,8.0,0.13,N,3,0.13043478260869565,1916.6666666666667,1.5652173913043477,Young,0-2 years,0,0,0.21195458,0,Low Risk
41,41435,RENT,,MEDICAL,E,10000,16.45,0.24,N,17,0.24134186074574634,3452.9166666666665,2.8961023289489565,Middle Age,,0,1,0.9362537,1,High Risk
23,16000,OWN,7.0,PERSONAL,A,2000,6.39,0.13,N,3,0.125,1333.3333333333333,1.5,Young,6-10 years,0,0,0.017097654,0,Low Risk
21,36895,RENT,6.0,MEDICAL,A,4200,9.32,0.11,N,3,0.1138365632199485,3074.5833333333335,1.366038758639382,Young,6-10 years,0,0,0.24457575,0,Low Risk
28,206000,RENT,2.0,EDUCATION,C,24000,,0.12,Y,5,0.11650485436893204,17166.666666666668,1.3980582524271843,Adult,0-2 years,0,0,0.10727377,0,Low Risk
23,34482,RENT,7.0,PERSONAL,B,7000,10.99,0.2,N,4,0.20300446609825415,2873.5,2.43605359317905,Young,6-10 years,0,0,0.49497145,0,Medium Risk
22,55000,RENT,1.0,VENTURE,C,15000,12.84,0.27,N,3,0.2727272727272727,4583.333333333333,3.272727272727273,Young,0-2 years,0,0,0.17162697,0,Low Risk
40,15600,OWN,2.0,EDUCATION,D,4000,15.7,0.26,Y,13,0.2564102564102564,1300.0,3.076923076923077,Middle Age,0-2 years,0,1,0.9963419,1,High Risk
25,45000,MORTGAGE,0.0,DEBTCONSOLIDATION,A,4325,6.91,0.1,N,3,0.0961111111111111,3750.0,1.1533333333333333,Young,0-2 years,0,0,0.059643682,0,Low Risk
31,112000,RENT,5.0,PERSONAL,B,23000,12.18,0.21,N,6,0.20535714285714285,9333.333333333334,2.464285714285714,Adult,3-5 years,0,0,0.2527485,0,Low Risk
22,32769,RENT,3.0,VENTURE,A,7000,7.29,0.21,N,3,0.21361652781592358,2730.75,2.563398333791083,Young,3-5 years,0,0,0.031605594,0,Low Risk
27,62900,RENT,9.0,MEDICAL,D,7450,15.99,0.1,N,10,0.11844197138314785,5241.666666666667,1.4213036565977741,Adult,6-10 years,0,1,0.97093874,1,High Risk
22,43000,RENT,4.0,DEBTCONSOLIDATION,B,18550,11.83,0.43,N,4,0.4313953488372093,3583.3333333333335,5.176744186046512,Young,3-5 years,1,1,0.9938747,1,High Risk
30,84000,MORTGAGE,13.0,HOMEIMPROVEMENT,B,12000,11.11,0.14,N,9,0.14285714285714285,7000.0,1.7142857142857142,Adult,10+ years,0,0,0.12040351,0,Low Risk
29,58327,RENT,4.0,VENTURE,B,9600,11.48,0.16,N,5,0.16458929826666896,4860.583333333333,1.9750715792000275,Adult,3-5 years,0,0,0.022055758,0,Low Risk
23,40000,MORTGAGE,5.0,EDUCATION,B,18000,9.91,0.45,N,2,0.45,3333.3333333333335,5.3999999999999995,Young,3-5 years,1,0,0.12676395,0,Low Risk
38,55000,RENT,2.0,HOMEIMPROVEMENT,B,14000,11.48,0.25,N,16,0.2545454545454545,4583.333333333333,3.0545454545454547,Middle Age,0-2 years,0,0,0.22436063,0,Low Risk
37,76066,RENT,10.0,DEBTCONSOLIDATION,D,24250,15.65,0.32,Y,13,0.31880209291930695,6338.833333333333,3.8256251150316833,Middle Age,6-10 years,1,1,0.9982994,1,High Risk
26,44400,MORTGAGE,,DEBTCONSOLIDATION,C,6500,14.35,0.15,N,3,0.1463963963963964,3700.0,1.7567567567567568,Adult,,0,0,0.4950868,0,Medium Risk
24,75000,MORTGAGE,4.0,HOMEIMPROVEMENT,A,15000,6.03,0.2,N,2,0.2,6250.0,2.4,Young,3-5 years,0,0,0.04683041,0,Low Risk
33,240000,OWN,15.0,PERSONAL,C,15000,13.16,0.06,Y,10,0.0625,20000.0,0.75,Adult,10+ years,0,0,0.0022092527,0,Low Risk
22,80000,MORTGAGE,0.0,MEDICAL,C,2000,14.72,0.03,Y,3,0.025,6666.666666666667,0.3,Young,0-2 years,0,0,0.104569435,0,Low Risk
23,42000,OWN,7.0,EDUCATION,B,4400,11.89,0.1,N,4,0.10476190476190476,3500.0,1.2571428571428571,Young,6-10 years,0,0,0.004162831,0,Low Risk
33,54000,MORTGAGE,7.0,VENTURE,C,7500,13.22,0.14,N,10,0.1388888888888889,4500.0,1.6666666666666667,Adult,6-10 years,0,0,0.57221854,1,Medium Risk
26,85000,MORTGAGE,0.0,MEDICAL,B,8000,,0.09,N,4,0.09411764705882353,7083.333333333333,1.1294117647058823,Adult,0-2 years,0,0,0.10491629,0,Low Risk
23,46744,RENT,4.0,EDUCATION,D,8800,14.96,0.19,Y,3,0.1882594557590279,3895.3333333333335,2.2591134691083345,Young,3-5 years,0,0,0.36377364,0,Medium Risk
40,80004,MORTGAGE,15.0,EDUCATION,A,9500,7.51,0.12,N,12,0.11874406279686016,6667.0,1.4249287535623218,Middle Age,10+ years,0,0,0.0412323,0,Low Risk
27,77200,RENT,0.0,DEBTCONSOLIDATION,B,5425,10.59,0.07,N,9,0.0702720207253886,6433.333333333333,0.8432642487046632,Adult,0-2 years,0,1,0.11231758,0,Low Risk
27,235000,MORTGAGE,5.0,VENTURE,C,28000,15.96,0.12,N,5,0.11914893617021277,19583.333333333332,1.4297872340425533,Adult,3-5 years,0,0,0.06552209,0,Low Risk
36,82500,MORTGAGE,20.0,MEDICAL,B,11000,10.65,0.13,N,11,0.13333333333333333,6875.0,1.6,Middle Age,10+ years,0,0,0.1468694,0,Low Risk
29,250000,MORTGAGE,5.0,PERSONAL,A,10000,7.49,0.04,N,10,0.04,20833.333333333332,0.48000000000000004,Adult,3-5 years,0,0,0.021408666,0,Low Risk
37,138000,MORTGAGE,19.0,EDUCATION,D,4000,15.62,0.03,N,12,0.028985507246376812,11500.0,0.34782608695652173,Middle Age,10+ years,0,0,0.25824618,0,Low Risk
22,110000,RENT,6.0,DEBTCONSOLIDATION,C,20000,13.72,0.18,N,3,0.18181818181818182,9166.666666666666,2.181818181818182,Young,6-10 years,0,0,0.11679519,0,Low Risk
30,50650,RENT,5.0,PERSONAL,B,4200,9.91,0.08,N,7,0.08292201382033564,4220.833333333333,0.9950641658440277,Adult,3-5 years,0,1,0.06361248,0,Low Risk
35,117000,RENT,8.0,PERSONAL,A,15000,9.63,0.13,N,8,0.1282051282051282,9750.0,1.5384615384615385,Adult,6-10 years,0,0,0.06394805,0,Low Risk
23,78000,MORTGAGE,7.0,EDUCATION,A,12400,7.29,0.16,N,3,0.15897435897435896,6500.0,1.9076923076923078,Young,6-10 years,0,0,0.12096172,0,Low Risk
23,55000,RENT,4.0,EDUCATION,B,8000,9.25,0.15,N,2,0.14545454545454545,4583.333333333333,1.7454545454545456,Young,3-5 years,0,0,0.14889489,0,Low Risk
25,78000,RENT,0.0,DEBTCONSOLIDATION,D,9600,14.11,0.12,Y,4,0.12307692307692308,6500.0,1.476923076923077,Young,0-2 years,0,1,0.99528354,1,High Risk
28,32400,MORTGAGE,,PERSONAL,B,2500,8.88,0.08,N,8,0.07716049382716049,2700.0,0.9259259259259259,Adult,,0,1,0.4586952,0,Medium Risk
22,59000,RENT,6.0,PERSONAL,B,12000,10.37,0.2,N,3,0.2033898305084746,4916.666666666667,2.4406779661016946,Young,6-10 years,0,0,0.43331727,0,Medium Risk
22,85000,MORTGAGE,0.0,VENTURE,A,12800,6.54,0.15,N,3,0.15058823529411763,7083.333333333333,1.8070588235294118,Young,0-2 years,0,0,0.0011919133,0,Low Risk
31,22000,RENT,5.0,VENTURE,F,1400,22.06,0.06,Y,7,0.06363636363636363,1833.3333333333333,0.7636363636363637,Adult,3-5 years,0,0,0.35131362,0,Medium Risk
51,98000,RENT,5.0,PERSONAL,C,6000,15.96,0.06,N,23,0.061224489795918366,8166.666666666667,0.7346938775510203,Senior,3-5 years,0,0,0.103006564,0,Low Risk
35,24996,RENT,6.0,MEDICAL,A,8000,7.51,0.32,N,7,0.32005120819331095,2083.0,3.8406144983197312,Adult,6-10 years,1,1,0.9843029,1,High Risk
24,46256,RENT,7.0,EDUCATION,B,10000,11.48,0.22,N,3,0.21618817018332756,3854.6666666666665,2.594258042199931,Young,6-10 years,0,0,0.304047,0,Medium Risk
21,35000,OWN,5.0,EDUCATION,C,6500,13.43,0.19,N,2,0.18571428571428572,2916.6666666666665,2.2285714285714286,Young,3-5 years,0,0,0.002135262,0,Low Risk
42,32000,RENT,5.0,DEBTCONSOLIDATION,B,10000,11.71,0.31,N,14,0.3125,2666.6666666666665,3.75,Middle Age,3-5 years,1,1,0.9871559,1,High Risk
22,86000,MORTGAGE,6.0,EDUCATION,B,10000,11.49,0.12,N,2,0.11627906976744186,7166.666666666667,1.3953488372093024,Young,6-10 years,0,0,0.08491764,0,Low Risk
28,100000,MORTGAGE,4.0,VENTURE,D,25000,,0.25,N,6,0.25,8333.333333333334,3.0,Adult,3-5 years,0,1,0.16170244,0,Low Risk
29,95000,MORTGAGE,4.0,DEBTCONSOLIDATION,A,20000,6.54,0.21,N,9,0.21052631578947367,7916.666666666667,2.526315789473684,Adult,3-5 years,0,0,0.02227938,0,Low Risk
23,30000,RENT,2.0,EDUCATION,B,8000,12.42,0.27,N,2,0.26666666666666666,2500.0,3.2,Young,0-2 years,0,0,0.46733108,0,Medium Risk
24,40000,OWN,6.0,MEDICAL,D,5000,11.86,0.13,N,4,0.125,3333.3333333333335,1.5,Young,6-10 years,0,0,0.005660829,0,Low Risk
25,39600,MORTGAGE,9.0,PERSONAL,B,5000,8.88,0.13,N,3,0.12626262626262627,3300.0,1.5151515151515151,Young,6-10 years,0,0,0.3556065,0,Medium Risk
31,300000,MORTGAGE,1.0,VENTURE,C,35000,15.23,0.12,N,6,0.11666666666666667,25000.0,1.4,Adult,0-2 years,0,0,0.03789186,0,Low Risk
35,38000,RENT,0.0,MEDICAL,A,1500,7.4,0.04,N,6,0.039473684210526314,3166.6666666666665,0.4736842105263158,Adult,0-2 years,0,0,0.15547042,0,Low Risk
28,38196,MORTGAGE,5.0,MEDICAL,B,10750,10.75,0.28,N,10,0.28144308304534504,3183.0,3.3773169965441405,Adult,3-5 years,0,0,0.19944064,0,Low Risk
23,71000,RENT,7.0,PERSONAL,A,11300,7.49,0.16,N,3,0.1591549295774648,5916.666666666667,1.9098591549295774,Young,6-10 years,0,0,0.09872529,0,Low Risk
30,71000,RENT,2.0,HOMEIMPROVEMENT,A,12000,8.9,0.17,N,8,0.16901408450704225,5916.666666666667,2.028169014084507,Adult,0-2 years,0,0,0.09863591,0,Low Risk
23,39000,MORTGAGE,0.0,MEDICAL,D,8000,14.11,0.21,N,3,0.20512820512820512,3250.0,2.4615384615384617,Young,0-2 years,0,1,0.9815591,1,High Risk
28,28000,RENT,3.0,VENTURE,A,3000,6.91,0.11,N,10,0.10714285714285714,2333.3333333333335,1.2857142857142856,Adult,3-5 years,0,0,0.027777486,0,Low Risk
23,114600,MORTGAGE,7.0,EDUCATION,C,10000,13.06,0.09,N,3,0.08726003490401396,9550.0,1.0471204188481675,Young,6-10 years,0,0,0.11245724,0,Low Risk
22,56000,MORTGAGE,5.0,MEDICAL,B,12000,10.99,0.21,N,2,0.21428571428571427,4666.666666666667,2.571428571428571,Young,3-5 years,0,0,0.3267498,0,Medium Risk
34,52800,RENT,2.0,DEBTCONSOLIDATION,B,4325,10.75,0.08,N,5,0.08191287878787878,4400.0,0.9829545454545454,Adult,0-2 years,0,0,0.19128014,0,Low Risk
26,55000,RENT,0.0,EDUCATION,A,4000,6.92,0.07,N,4,0.07272727272727272,4583.333333333333,0.8727272727272728,Adult,0-2 years,0,0,0.075640686,0,Low Risk
25,133119,MORTGAGE,10.0,DEBTCONSOLIDATION,B,25000,,0.19,N,3,0.1878018915406516,11093.25,2.253622698487819,Young,6-10 years,0,0,0.11139723,0,Low Risk
26,86604,MORTGAGE,5.0,HOMEIMPROVEMENT,A,4300,7.66,0.05,N,2,0.04965128631471987,7217.0,0.5958154357766385,Adult,3-5 years,0,0,0.07923766,0,Low Risk
25,36000,RENT,0.0,PERSONAL,B,10000,11.11,0.28,N,2,0.2777777777777778,3000.0,3.3333333333333335,Young,0-2 years,0,0,0.248614,0,Low Risk
24,61200,MORTGAGE,5.0,EDUCATION,B,5100,10.51,0.08,N,2,0.08333333333333333,5100.0,1.0,Young,3-5 years,0,0,0.19524024,0,Low Risk
30,89000,MORTGAGE,14.0,VENTURE,A,4000,6.03,0.04,N,6,0.0449438202247191,7416.666666666667,0.5393258426966292,Adult,10+ years,0,0,0.0016153036,0,Low Risk
24,61400,RENT,1.0,VENTURE,C,12250,12.23,0.2,N,4,0.1995114006514658,5116.666666666667,2.3941368078175893,Young,0-2 years,0,0,0.15259603,0,Low Risk
22,14400,RENT,2.0,PERSONAL,E,2500,,0.17,N,2,0.1736111111111111,1200.0,2.0833333333333335,Young,0-2 years,0,1,0.9971016,1,High Risk
26,64992,MORTGAGE,1.0,DEBTCONSOLIDATION,A,4000,9.63,0.06,N,4,0.06154603643525357,5416.0,0.7385524372230429,Adult,0-2 years,0,0,0.060890637,0,Low Risk
21,36000,RENT,0.0,EDUCATION,B,1500,10.37,0.04,N,4,0.041666666666666664,3000.0,0.5,Young,0-2 years,0,0,0.18087396,0,Low Risk
23,80832,OWN,0.0,MEDICAL,D,15000,15.65,0.19,N,2,0.18557007125890737,6736.0,2.2268408551068886,Young,0-2 years,0,0,0.03661669,0,Low Risk
31,102000,MORTGAGE,5.0,EDUCATION,A,4000,7.88,0.04,N,10,0.0392156862745098,8500.0,0.47058823529411764,Adult,3-5 years,0,0,0.024285045,0,Low Risk
37,54696,RENT,4.0,PERSONAL,B,9600,9.99,0.18,N,12,0.1755155770074594,4558.0,2.106186924089513,Middle Age,3-5 years,0,0,0.16066262,0,Low Risk
23,30000,RENT,0.0,PERSONAL,B,5000,11.86,0.17,N,2,0.16666666666666666,2500.0,2.0,Young,0-2 years,0,0,0.55829453,1,Medium Risk
26,182000,MORTGAGE,10.0,MEDICAL,B,24000,,0.13,N,4,0.13186813186813187,15166.666666666666,1.5824175824175826,Adult,6-10 years,0,0,0.21162699,0,Low Risk
35,63600,RENT,3.0,EDUCATION,B,12000,11.49,0.19,N,8,0.18867924528301888,5300.0,2.2641509433962264,Adult,3-5 years,0,0,0.21707927,0,Low Risk
33,125004,RENT,3.0,EDUCATION,E,12000,15.68,0.1,N,8,0.09599692809830085,10417.0,1.1519631371796102,Adult,3-5 years,0,0,0.31876597,0,Medium Risk
25,50000,MORTGAGE,2.0,PERSONAL,A,10000,7.9,0.2,N,4,0.2,4166.666666666667,2.4,Young,0-2 years,0,0,0.044103257,0,Low Risk
25,33000,MORTGAGE,9.0,VENTURE,A,5000,8.49,0.15,N,3,0.15151515151515152,2750.0,1.8181818181818181,Young,6-10 years,0,0,0.026278717,0,Low Risk
30,39996,MORTGAGE,2.0,PERSONAL,B,10000,10.75,0.25,N,8,0.25002500250025,3333.0,3.0003000300030003,Adult,0-2 years,0,0,0.11977445,0,Low Risk
29,28000,RENT,8.0,PERSONAL,B,7800,8.88,0.28,N,7,0.2785714285714286,2333.3333333333335,3.3428571428571425,Adult,6-10 years,0,0,0.32553273,0,Medium Risk
25,50450,RENT,3.0,EDUCATION,B,2000,9.88,0.04,N,3,0.03964321110009911,4204.166666666667,0.4757185332011893,Young,3-5 years,0,0,0.087943844,0,Low Risk
24,40000,RENT,5.0,PERSONAL,B,10000,11.99,0.25,N,4,0.25,3333.3333333333335,3.0,Young,3-5 years,0,0,0.14016025,0,Low Risk
22,35000,RENT,6.0,MEDICAL,B,5000,,0.14,N,4,0.14285714285714285,2916.6666666666665,1.7142857142857144,Young,6-10 years,0,0,0.22062343,0,Low Risk
24,50000,RENT,3.0,MEDICAL,C,3000,,0.06,N,2,0.06,4166.666666666667,0.72,Young,3-5 years,0,1,0.08628266,0,Low Risk
44,109000,MORTGAGE,17.0,MEDICAL,C,12800,13.79,0.12,Y,12,0.11743119266055047,9083.333333333334,1.4091743119266054,Middle Age,10+ years,0,0,0.26950434,0,Low Risk
22,27259,RENT,1.0,EDUCATION,B,2400,10.59,0.09,N,2,0.08804431563887156,2271.5833333333335,1.0565317876664586,Young,0-2 years,0,0,0.22806683,0,Low Risk
40,32000,RENT,2.0,DEBTCONSOLIDATION,D,8000,14.96,0.25,Y,17,0.25,2666.6666666666665,3.0,Middle Age,0-2 years,0,1,0.9919923,1,High Risk
33,44500,OWN,6.0,EDUCATION,B,20000,,0.45,N,6,0.449438202247191,3708.3333333333335,5.393258426966292,Adult,6-10 years,1,0,0.008278102,0,Low Risk
23,42048,MORTGAGE,7.0,EDUCATION,A,8500,7.74,0.2,N,3,0.20214992389649925,3504.0,2.425799086757991,Young,6-10 years,0,0,0.12608217,0,Low Risk
21,40000,RENT,0.0,EDUCATION,A,1775,6.54,0.04,N,3,0.044375,3333.3333333333335,0.5325,Young,0-2 years,0,0,0.047046997,0,Low Risk
24,58000,RENT,2.0,VENTURE,C,3200,14.35,0.06,N,2,0.05517241379310345,4833.333333333333,0.6620689655172414,Young,0-2 years,0,0,0.28732964,0,Low Risk
25,106000,RENT,4.0,PERSONAL,B,5000,,0.05,N,4,0.04716981132075472,8833.333333333334,0.5660377358490566,Young,3-5 years,0,0,0.07989726,0,Low Risk
30,71000,RENT,2.0,PERSONAL,A,12000,8.9,0.17,N,9,0.16901408450704225,5916.666666666667,2.028169014084507,Adult,0-2 years,0,0,0.06835293,0,Low Risk
26,80500,MORTGAGE,9.0,HOMEIMPROVEMENT,B,11000,12.53,0.14,N,3,0.13664596273291926,6708.333333333333,1.639751552795031,Adult,6-10 years,0,0,0.2077501,0,Low Risk
24,48000,RENT,8.0,PERSONAL,D,12000,16.77,0.25,Y,3,0.25,4000.0,3.0,Young,6-10 years,0,0,0.4600311,0,Medium Risk
27,126000,MORTGAGE,11.0,PERSONAL,A,5500,7.51,0.04,N,9,0.04365079365079365,10500.0,0.5238095238095238,Adult,10+ years,0,0,0.03145691,0,Low Risk
28,78000,MORTGAGE,0.0,HOMEIMPROVEMENT,A,19700,7.9,0.25,N,9,0.25256410256410255,6500.0,3.0307692307692307,Adult,0-2 years,0,0,0.27618393,0,Low Risk
34,35000,RENT,3.0,MEDICAL,C,10600,15.96,0.3,N,10,0.3028571428571429,2916.6666666666665,3.6342857142857143,Adult,3-5 years,1,0,0.23432055,0,Low Risk
28,59600,RENT,2.0,DEBTCONSOLIDATION,A,5000,5.79,0.08,N,10,0.08389261744966443,4966.666666666667,1.006711409395973,Adult,0-2 years,0,0,0.21724737,0,Low Risk
34,55000,RENT,5.0,EDUCATION,A,4050,,0.07,N,9,0.07363636363636364,4583.333333333333,0.8836363636363637,Adult,3-5 years,0,0,0.08832737,0,Low Risk
22,15000,RENT,3.0,EDUCATION,D,6000,14.59,0.4,N,4,0.4,1250.0,4.8,Young,3-5 years,1,1,0.99866056,1,High Risk
24,45000,OWN,4.0,VENTURE,A,11000,7.49,0.24,N,2,0.24444444444444444,3750.0,2.933333333333333,Young,3-5 years,0,0,0.00038175384,0,Low Risk
30,30000,RENT,1.0,VENTURE,C,3600,10.28,0.12,Y,10,0.12,2500.0,1.44,Adult,0-2 years,0,0,0.27019075,0,Low Risk
38,117400,MORTGAGE,7.0,PERSONAL,B,16000,10.75,0.14,N,16,0.1362862010221465,9783.333333333334,1.635434412265758,Middle Age,6-10 years,0,0,0.08644234,0,Low Risk
34,39996,RENT,6.0,DEBTCONSOLIDATION,A,1200,7.88,0.03,N,8,0.030003000300030003,3333.0,0.36003600360036003,Adult,6-10 years,0,0,0.07553951,0,Low Risk
27,33000,RENT,7.0,EDUCATION,A,4000,6.76,0.12,N,9,0.12121212121212122,2750.0,1.4545454545454546,Adult,6-10 years,0,0,0.3468429,0,Medium Risk
30,70000,MORTGAGE,4.0,HOMEIMPROVEMENT,D,10000,16.89,0.14,Y,5,0.14285714285714285,5833.333333333333,1.7142857142857144,Adult,3-5 years,0,0,0.28052592,0,Low Risk
23,33996,RENT,0.0,PERSONAL,D,5000,14.84,0.15,Y,2,0.14707612660312977,2833.0,1.7649135192375573,Young,0-2 years,0,1,0.98679733,1,High Risk
24,105000,MORTGAGE,2.0,MEDICAL,B,9850,9.63,0.09,N,2,0.09380952380952381,8750.0,1.1257142857142857,Young,0-2 years,0,0,0.054117303,0,Low Risk
25,62000,MORTGAGE,9.0,EDUCATION,B,2100,11.86,0.03,N,2,0.03387096774193549,5166.666666666667,0.4064516129032258,Young,6-10 years,0,0,0.21783556,0,Low Risk
32,15600,RENT,4.0,HOMEIMPROVEMENT,A,5000,5.42,0.32,N,5,0.32051282051282054,1300.0,3.8461538461538463,Adult,3-5 years,1,1,0.999121,1,High Risk
24,54000,MORTGAGE,9.0,MEDICAL,A,10000,9.63,0.19,N,2,0.18518518518518517,4500.0,2.2222222222222223,Young,6-10 years,0,1,0.38165197,0,Medium Risk
31,46000,MORTGAGE,5.0,EDUCATION,C,8000,13.49,0.17,Y,5,0.17391304347826086,3833.3333333333335,2.0869565217391304,Adult,3-5 years,0,1,0.2524081,0,Low Risk
31,34000,RENT,0.0,MEDICAL,A,7500,8.94,0.22,N,8,0.22058823529411764,2833.3333333333335,2.6470588235294117,Adult,0-2 years,0,0,0.49917772,0,Medium Risk
43,55000,MORTGAGE,14.0,VENTURE,A,10000,6.03,0.18,N,17,0.18181818181818182,4583.333333333333,2.181818181818182,Middle Age,10+ years,0,0,0.0031166924,0,Low Risk
23,62000,MORTGAGE,1.0,MEDICAL,A,10000,7.9,0.16,N,3,0.16129032258064516,5166.666666666667,1.9354838709677418,Young,0-2 years,0,0,0.11015162,0,Low Risk
23,48000,RENT,3.0,PERSONAL,A,12000,6.03,0.25,N,2,0.25,4000.0,3.0,Young,3-5 years,0,0,0.095310315,0,Low Risk
28,30500,RENT,4.0,MEDICAL,A,3000,9.63,0.1,N,8,0.09836065573770492,2541.6666666666665,1.180327868852459,Adult,3-5 years,0,0,0.34322026,0,Medium Risk
26,29000,RENT,2.0,MEDICAL,A,1000,7.74,0.03,N,4,0.034482758620689655,2416.6666666666665,0.4137931034482759,Adult,0-2 years,0,0,0.37378943,0,Medium Risk
31,40000,RENT,2.0,DEBTCONSOLIDATION,B,8000,11.89,0.2,N,7,0.2,3333.3333333333335,2.4,Adult,0-2 years,0,0,0.16282256,0,Low Risk
36,51000,RENT,5.0,MEDICAL,C,8000,13.47,0.16,Y,13,0.1568627450980392,4250.0,1.8823529411764706,Middle Age,3-5 years,0,0,0.23930389,0,Low Risk
23,48000,RENT,8.0,PERSONAL,B,4000,10.37,0.08,N,3,0.08333333333333333,4000.0,1.0,Young,6-10 years,0,1,0.30375782,0,Medium Risk
23,61000,MORTGAGE,2.0,VENTURE,E,18400,19.29,0.3,N,2,0.3016393442622951,5083.333333333333,3.6196721311475413,Young,0-2 years,1,0,0.63040227,1,High Risk
24,135000,MORTGAGE,0.0,VENTURE,C,12500,,0.09,N,4,0.09259259259259259,11250.0,1.1111111111111112,Young,0-2 years,0,0,0.09770529,0,Low Risk
37,39000,RENT,11.0,EDUCATION,C,4000,14.65,0.1,Y,15,0.10256410256410256,3250.0,1.2307692307692308,Middle Age,10+ years,0,1,0.70984834,1,High Risk
22,71760,RENT,6.0,EDUCATION,A,15500,7.88,0.22,N,2,0.21599777034559645,5980.0,2.591973244147157,Young,6-10 years,0,0,0.106782295,0,Low Risk
22,33000,RENT,1.0,MEDICAL,C,1400,14.27,0.04,Y,3,0.04242424242424243,2750.0,0.509090909090909,Young,0-2 years,0,0,0.43442926,0,Medium Risk
33,90000,RENT,0.0,DEBTCONSOLIDATION,A,12000,6.03,0.13,N,6,0.13333333333333333,7500.0,1.6,Adult,0-2 years,0,0,0.019963609,0,Low Risk
70,44000,MORTGAGE,3.0,PERSONAL,C,7000,11.66,0.16,N,24,0.1590909090909091,3666.6666666666665,1.9090909090909092,Senior,3-5 years,0,0,0.19082165,0,Low Risk
34,92500,RENT,4.0,DEBTCONSOLIDATION,A,13050,7.66,0.14,N,5,0.14108108108108108,7708.333333333333,1.692972972972973,Adult,3-5 years,0,0,0.01678257,0,Low Risk
32,30000,RENT,1.0,EDUCATION,B,11450,9.99,0.38,N,6,0.38166666666666665,2500.0,4.58,Adult,0-2 years,1,1,0.9951491,1,High Risk
24,67992,MORTGAGE,8.0,DEBTCONSOLIDATION,B,12000,10.75,0.18,N,2,0.17649135192375573,5666.0,2.1178962230850686,Young,6-10 years,0,0,0.15261407,0,Low Risk
42,55000,RENT,1.0,EDUCATION,C,10000,13.79,0.18,Y,13,0.18181818181818182,4583.333333333333,2.181818181818182,Middle Age,0-2 years,0,0,0.16781166,0,Low Risk
22,60000,RENT,1.0,EDUCATION,A,6850,7.14,0.11,N,2,0.11416666666666667,5000.0,1.37,Young,0-2 years,0,0,0.04727636,0,Low Risk
24,110000,MORTGAGE,2.0,EDUCATION,B,9000,,0.08,N,3,0.08181818181818182,9166.666666666666,0.9818181818181819,Young,0-2 years,0,0,0.07230082,0,Low Risk
22,42000,MORTGAGE,5.0,VENTURE,A,5000,6.99,0.12,N,4,0.11904761904761904,3500.0,1.4285714285714286,Young,3-5 years,0,0,0.009671673,0,Low Risk
27,34000,RENT,0.0,PERSONAL,D,10000,15.37,0.29,Y,5,0.29411764705882354,2833.3333333333335,3.5294117647058822,Adult,0-2 years,0,1,0.9928392,1,High Risk
29,72000,RENT,13.0,DEBTCONSOLIDATION,D,2000,14.59,0.03,Y,8,0.027777777777777776,6000.0,0.3333333333333333,Adult,10+ years,0,1,0.9576049,1,High Risk
23,69000,RENT,8.0,EDUCATION,B,9000,9.63,0.13,N,4,0.13043478260869565,5750.0,1.565217391304348,Young,6-10 years,0,1,0.2945098,0,Low Risk
25,32496,RENT,9.0,MEDICAL,B,7200,9.51,0.22,N,4,0.22156573116691286,2708.0,2.658788774002954,Young,6-10 years,0,0,0.4149286,0,Medium Risk
23,65000,MORTGAGE,0.0,PERSONAL,A,12000,7.9,0.18,N,3,0.18461538461538463,5416.666666666667,2.215384615384615,Young,0-2 years,0,0,0.068209864,0,Low Risk
23,81600,RENT,3.0,PERSONAL,B,11000,,0.13,N,3,0.13480392156862744,6800.0,1.6176470588235294,Young,3-5 years,0,0,0.10081428,0,Low Risk
23,75000,MORTGAGE,7.0,VENTURE,B,17000,11.12,0.23,N,2,0.22666666666666666,6250.0,2.72,Young,6-10 years,0,0,0.018702833,0,Low Risk
28,48000,MORTGAGE,13.0,MEDICAL,C,5000,15.27,0.1,Y,8,0.10416666666666667,4000.0,1.25,Adult,10+ years,0,1,0.5752466,1,Medium Risk
41,70000,RENT,2.0,HOMEIMPROVEMENT,A,10000,7.88,0.14,N,13,0.14285714285714285,5833.333333333333,1.7142857142857144,Middle Age,0-2 years,0,0,0.019748298,0,Low Risk
24,54000,RENT,2.0,DEBTCONSOLIDATION,A,7800,7.9,0.14,N,4,0.14444444444444443,4500.0,1.7333333333333334,Young,0-2 years,0,0,0.26014426,0,Low Risk
33,62000,MORTGAGE,3.0,HOMEIMPROVEMENT,A,3700,6.39,0.06,N,6,0.05967741935483871,5166.666666666667,0.7161290322580645,Adult,3-5 years,0,0,0.038502593,0,Low Risk
26,45000,MORTGAGE,0.0,DEBTCONSOLIDATION,C,7750,12.53,0.17,N,4,0.17222222222222222,3750.0,2.066666666666667,Adult,0-2 years,0,0,0.17739375,0,Low Risk
27,29000,RENT,2.0,PERSONAL,B,10000,12.69,0.34,N,10,0.3448275862068966,2416.6666666666665,4.137931034482759,Adult,0-2 years,1,1,0.9956594,1,High Risk
26,63000,RENT,2.0,DEBTCONSOLIDATION,C,21600,14.35,0.34,Y,3,0.34285714285714286,5250.0,4.114285714285714,Adult,0-2 years,1,1,0.99292725,1,High Risk
26,45000,RENT,6.0,MEDICAL,A,3575,,0.08,N,2,0.07944444444444444,3750.0,0.9533333333333334,Adult,6-10 years,0,0,0.09806566,0,Low Risk
23,60000,OWN,0.0,PERSONAL,B,8000,12.53,0.13,N,3,0.13333333333333333,5000.0,1.6,Young,0-2 years,0,0,0.0020685978,0,Low Risk
25,91229,RENT,2.0,EDUCATION,C,20000,14.35,0.22,N,3,0.21922853478608775,7602.416666666667,2.630742417433053,Young,0-2 years,0,0,0.21870515,0,Low Risk
21,36000,MORTGAGE,5.0,MEDICAL,B,1000,12.42,0.03,N,2,0.027777777777777776,3000.0,0.3333333333333333,Young,3-5 years,0,0,0.2399567,0,Low Risk
23,78000,RENT,6.0,VENTURE,C,14400,14.27,0.18,Y,4,0.18461538461538463,6500.0,2.2153846153846155,Young,6-10 years,0,0,0.49843776,0,Medium Risk
26,26400,RENT,6.0,PERSONAL,B,6000,10.65,0.23,N,2,0.22727272727272727,2200.0,2.727272727272727,Adult,6-10 years,0,0,0.35318622,0,Medium Risk
27,104000,OWN,10.0,EDUCATION,B,35000,,0.34,N,10,0.33653846153846156,8666.666666666666,4.038461538461538,Adult,6-10 years,1,0,0.00474354,0,Low Risk
25,85000,MORTGAGE,7.0,PERSONAL,A,2000,,0.02,N,2,0.023529411764705882,7083.333333333333,0.2823529411764706,Young,6-10 years,0,0,0.07100804,0,Low Risk
34,222000,MORTGAGE,0.0,MEDICAL,A,13000,8.49,0.06,N,7,0.05855855855855856,18500.0,0.7027027027027027,Adult,0-2 years,0,0,0.046580978,0,Low Risk
34,36000,RENT,5.0,DEBTCONSOLIDATION,A,14000,7.51,0.39,N,6,0.3888888888888889,3000.0,4.666666666666667,Adult,3-5 years,1,1,0.99186313,1,High Risk
26,59000,MORTGAGE,9.0,PERSONAL,A,6000,7.51,0.1,N,4,0.1016949152542373,4916.666666666667,1.2203389830508473,Adult,6-10 years,0,0,0.51606023,1,Medium Risk
33,70116,MORTGAGE,,PERSONAL,B,5000,11.71,0.07,N,6,0.07131039990872269,5843.0,0.8557247989046722,Adult,,0,0,0.15963571,0,Low Risk
25,57300,RENT,2.0,HOMEIMPROVEMENT,C,10400,11.66,0.18,Y,4,0.18150087260034903,4775.0,2.1780104712041886,Young,0-2 years,0,0,0.3350932,0,Medium Risk
37,174996,MORTGAGE,11.0,MEDICAL,C,6500,13.35,0.04,Y,17,0.03714370614185467,14583.0,0.44572447370225604,Middle Age,10+ years,0,0,0.12247516,0,Low Risk
23,100000,RENT,4.0,VENTURE,B,4150,10.65,0.04,N,2,0.0415,8333.333333333334,0.49799999999999994,Young,3-5 years,0,0,0.00677876,0,Low Risk
22,65000,RENT,6.0,DEBTCONSOLIDATION,B,17700,11.49,0.27,N,2,0.2723076923076923,5416.666666666667,3.2676923076923075,Young,6-10 years,0,0,0.21784829,0,Low Risk
60,1900000,MORTGAGE,5.0,PERSONAL,A,1500,,0.0,N,21,0.0007894736842105263,158333.33333333334,0.009473684210526315,Senior,3-5 years,0,0,0.019459067,0,Low Risk
28,64000,RENT,1.0,PERSONAL,C,10000,11.66,0.16,N,5,0.15625,5333.333333333333,1.875,Adult,0-2 years,0,0,0.26653272,0,Low Risk
23,48000,OWN,4.0,VENTURE,B,7000,10.74,0.15,N,4,0.14583333333333334,4000.0,1.75,Young,3-5 years,0,0,0.0009940023,0,Low Risk
28,65000,MORTGAGE,6.0,PERSONAL,D,22000,15.65,0.34,N,5,0.3384615384615385,5416.666666666667,4.061538461538461,Adult,6-10 years,1,0,0.3979952,0,Medium Risk
28,56056,RENT,3.0,DEBTCONSOLIDATION,B,5600,10.37,0.1,N,6,0.0999000999000999,4671.333333333333,1.1988011988011988,Adult,3-5 years,0,0,0.20531707,0,Low Risk
39,78000,MORTGAGE,5.0,EDUCATION,C,12000,13.57,0.15,N,11,0.15384615384615385,6500.0,1.8461538461538463,Middle Age,3-5 years,0,0,0.27164066,0,Low Risk
33,96000,MORTGAGE,0.0,VENTURE,C,8000,13.72,0.08,N,9,0.08333333333333333,8000.0,1.0,Adult,0-2 years,0,0,0.18916845,0,Low Risk
26,55000,MORTGAGE,4.0,PERSONAL,A,10000,7.51,0.18,N,2,0.18181818181818182,4583.333333333333,2.181818181818182,Adult,3-5 years,0,1,0.09193121,0,Low Risk
27,132000,RENT,6.0,VENTURE,C,20000,12.73,0.15,N,8,0.15151515151515152,11000.0,1.8181818181818181,Adult,6-10 years,0,0,0.09106467,0,Low Risk
27,31200,RENT,0.0,MEDICAL,A,6000,9.63,0.19,N,8,0.19230769230769232,2600.0,2.3076923076923075,Adult,0-2 years,0,0,0.26917657,0,Low Risk
28,34000,RENT,7.0,DEBTCONSOLIDATION,B,9600,10.99,0.28,N,5,0.2823529411764706,2833.3333333333335,3.388235294117647,Adult,6-10 years,0,0,0.5727857,1,Medium Risk
29,120000,MORTGAGE,1.0,VENTURE,B,23000,11.49,0.19,N,5,0.19166666666666668,10000.0,2.3,Adult,0-2 years,0,0,0.01472485,0,Low Risk
27,86004,MORTGAGE,8.0,HOMEIMPROVEMENT,D,16000,14.42,0.19,N,6,0.1860378587042463,7167.0,2.2324543044509557,Adult,6-10 years,0,0,0.37390015,0,Medium Risk
27,64000,RENT,2.0,DEBTCONSOLIDATION,C,5000,12.99,0.08,N,8,0.078125,5333.333333333333,0.9375,Adult,0-2 years,0,0,0.32915512,0,Medium Risk
22,52000,MORTGAGE,6.0,VENTURE,D,6000,,0.12,Y,3,0.11538461538461539,4333.333333333333,1.3846153846153848,Young,6-10 years,0,1,0.49364957,0,Medium Risk
22,24000,RENT,0.0,DEBTCONSOLIDATION,A,2450,7.9,0.1,N,2,0.10208333333333333,2000.0,1.225,Young,0-2 years,0,0,0.27489948,0,Low Risk
24,18000,MORTGAGE,3.0,VENTURE,C,1200,11.34,0.07,Y,4,0.06666666666666667,1500.0,0.8,Young,3-5 years,0,0,0.1841257,0,Low Risk
24,60000,MORTGAGE,,MEDICAL,A,5000,7.14,0.08,N,2,0.08333333333333333,5000.0,1.0,Young,,0,0,0.10888017,0,Low Risk
23,62000,MORTGAGE,3.0,VENTURE,A,4000,8.9,0.06,N,2,0.06451612903225806,5166.666666666667,0.7741935483870968,Young,3-5 years,0,0,0.008894268,0,Low Risk
24,80000,MORTGAGE,0.0,PERSONAL,A,6000,8.59,0.07,N,2,0.075,6666.666666666667,0.8999999999999999,Young,0-2 years,0,0,0.05236454,0,Low Risk
22,70204,RENT,6.0,PERSONAL,D,15000,15.7,0.21,Y,3,0.21366303914306878,5850.333333333333,2.5639564697168256,Young,6-10 years,0,0,0.3210302,0,Medium Risk
26,59500,MORTGAGE,9.0,VENTURE,A,12000,6.62,0.2,N,3,0.20168067226890757,4958.333333333333,2.420168067226891,Adult,6-10 years,0,0,0.017862435,0,Low Risk
26,36000,RENT,1.0,VENTURE,A,7000,8.94,0.19,N,3,0.19444444444444445,3000.0,2.3333333333333335,Adult,0-2 years,0,0,0.01585774,0,Low Risk
38,81000,OWN,4.0,EDUCATION,B,7000,9.99,0.09,N,11,0.08641975308641975,6750.0,1.037037037037037,Middle Age,3-5 years,0,0,0.0030849942,0,Low Risk
33,50000,OWN,2.0,PERSONAL,C,1200,14.26,0.02,N,6,0.024,4166.666666666667,0.288,Adult,0-2 years,0,0,0.0016844422,0,Low Risk
26,19200,MORTGAGE,5.0,VENTURE,A,4000,7.51,0.21,N,4,0.20833333333333334,1600.0,2.5,Adult,3-5 years,0,1,0.9875519,1,High Risk
33,92000,MORTGAGE,8.0,PERSONAL,C,20000,13.06,0.22,N,9,0.21739130434782608,7666.666666666667,2.608695652173913,Adult,6-10 years,0,0,0.19071727,0,Low Risk
37,45000,RENT,2.0,VENTURE,B,2400,9.91,0.05,N,16,0.05333333333333334,3750.0,0.64,Middle Age,0-2 years,0,0,0.0064214095,0,Low Risk
22,51000,RENT,6.0,DEBTCONSOLIDATION,B,15000,11.11,0.29,N,4,0.29411764705882354,4250.0,3.5294117647058822,Young,6-10 years,0,0,0.4747902,0,Medium Risk
23,42000,MORTGAGE,2.0,VENTURE,A,1500,6.17,0.04,N,3,0.03571428571428571,3500.0,0.42857142857142855,Young,0-2 years,0,0,0.010702084,0,Low Risk
22,64000,RENT,5.0,MEDICAL,A,6600,8.9,0.1,N,3,0.103125,5333.333333333333,1.2375,Young,3-5 years,0,0,0.14176553,0,Low Risk
25,49000,RENT,9.0,DEBTCONSOLIDATION,A,10000,6.62,0.2,N,2,0.20408163265306123,4083.3333333333335,2.4489795918367347,Young,6-10 years,0,1,0.18569705,0,Low Risk
27,62000,RENT,2.0,PERSONAL,B,9600,10.25,0.15,N,8,0.15483870967741936,5166.666666666667,1.8580645161290321,Adult,0-2 years,0,1,0.09126383,0,Low Risk
22,37200,RENT,6.0,MEDICAL,B,10000,,0.27,N,3,0.26881720430107525,3100.0,3.225806451612903,Young,6-10 years,0,1,0.3325548,0,Medium Risk
27,68000,RENT,0.0,DEBTCONSOLIDATION,A,6500,7.51,0.1,N,7,0.09558823529411764,5666.666666666667,1.1470588235294117,Adult,0-2 years,0,0,0.12728655,0,Low Risk
25,37596,MORTGAGE,3.0,PERSONAL,B,12000,11.99,0.32,N,4,0.31918289179699966,3133.0,3.8301947015639963,Young,3-5 years,1,0,0.42668352,0,Medium Risk
25,75000,RENT,4.0,MEDICAL,A,7000,7.49,0.09,N,2,0.09333333333333334,6250.0,1.12,Young,3-5 years,0,0,0.06053207,0,Low Risk
32,150000,MORTGAGE,16.0,MEDICAL,A,16000,6.03,0.11,N,10,0.10666666666666667,12500.0,1.28,Adult,10+ years,0,0,0.018562155,0,Low Risk
35,33144,RENT,3.0,VENTURE,D,8400,14.91,0.25,N,8,0.25343953656770457,2762.0,3.041274438812455,Adult,3-5 years,0,0,0.57295334,1,Medium Risk
25,99000,MORTGAGE,9.0,DEBTCONSOLIDATION,A,15000,6.17,0.15,N,4,0.15151515151515152,8250.0,1.8181818181818181,Young,6-10 years,0,0,0.017313907,0,Low Risk
23,32993,RENT,6.0,MEDICAL,B,4000,11.71,0.12,N,4,0.12123783832934258,2749.4166666666665,1.4548540599521111,Young,6-10 years,0,1,0.5294246,1,Medium Risk
23,145000,MORTGAGE,0.0,EDUCATION,A,14400,5.79,0.1,N,4,0.0993103448275862,12083.333333333334,1.1917241379310344,Young,0-2 years,0,0,0.008399396,0,Low Risk
24,40000,MORTGAGE,8.0,DEBTCONSOLIDATION,A,4500,6.62,0.11,N,3,0.1125,3333.3333333333335,1.3499999999999999,Young,6-10 years,0,0,0.0535878,0,Low Risk
31,49000,RENT,5.0,HOMEIMPROVEMENT,B,6000,10.59,0.12,N,9,0.12244897959183673,4083.3333333333335,1.4693877551020407,Adult,3-5 years,0,1,0.788726,1,High Risk
22,34500,RENT,3.0,EDUCATION,D,12000,14.84,0.35,Y,2,0.34782608695652173,2875.0,4.173913043478261,Young,3-5 years,1,1,0.9904536,1,High Risk
25,100000,RENT,9.0,PERSONAL,C,20000,13.06,0.2,Y,3,0.2,8333.333333333334,2.4,Young,6-10 years,0,0,0.16472508,0,Low Risk
22,72000,MORTGAGE,3.0,EDUCATION,A,8400,5.42,0.12,N,2,0.11666666666666667,6000.0,1.4,Young,3-5 years,0,0,0.019904187,0,Low Risk
21,30000,RENT,0.0,DEBTCONSOLIDATION,D,13750,15.05,0.46,Y,4,0.4583333333333333,2500.0,5.5,Young,0-2 years,1,1,0.9989524,1,High Risk
22,60000,RENT,3.0,EDUCATION,A,7000,6.91,0.12,N,4,0.11666666666666667,5000.0,1.4,Young,3-5 years,0,0,0.030782852,0,Low Risk
26,14040,RENT,1.0,DEBTCONSOLIDATION,B,4750,10.25,0.34,N,2,0.3383190883190883,1170.0,4.05982905982906,Adult,0-2 years,1,1,0.9990441,1,High Risk
21,21600,RENT,0.0,DEBTCONSOLIDATION,B,2000,11.71,0.09,N,2,0.09259259259259259,1800.0,1.1111111111111112,Young,0-2 years,0,1,0.3148746,0,Medium Risk
29,180000,MORTGAGE,13.0,DEBTCONSOLIDATION,C,12000,12.99,0.07,Y,5,0.06666666666666667,15000.0,0.8,Adult,10+ years,0,0,0.07049769,0,Low Risk
28,73008,MORTGAGE,2.0,EDUCATION,C,14000,12.73,0.19,Y,6,0.19175980714442253,6084.0,2.3011176857330704,Adult,0-2 years,0,0,0.40728414,0,Medium Risk
24,50000,RENT,4.0,DEBTCONSOLIDATION,A,14400,,0.29,N,2,0.288,4166.666666666667,3.456,Young,3-5 years,0,0,0.055589754,0,Low Risk
30,22000,OWN,4.0,VENTURE,C,2000,13.57,0.09,N,9,0.09090909090909091,1833.3333333333333,1.090909090909091,Adult,3-5 years,0,0,0.0030637693,0,Low Risk
23,36500,RENT,2.0,HOMEIMPROVEMENT,D,15000,15.65,0.41,N,3,0.410958904109589,3041.6666666666665,4.931506849315069,Young,0-2 years,1,1,0.9993622,1,High Risk
22,35000,RENT,1.0,EDUCATION,B,8000,9.2,0.23,N,3,0.22857142857142856,2916.6666666666665,2.742857142857143,Young,0-2 years,0,0,0.14510061,0,Low Risk
25,56000,RENT,9.0,VENTURE,A,8000,5.99,0.14,N,2,0.14285714285714285,4666.666666666667,1.7142857142857142,Young,6-10 years,0,0,0.012655258,0,Low Risk
23,102000,OWN,0.0,MEDICAL,D,30000,16.77,0.29,Y,2,0.29411764705882354,8500.0,3.5294117647058822,Young,0-2 years,0,0,0.13612922,0,Low Risk
37,53532,MORTGAGE,12.0,DEBTCONSOLIDATION,A,4000,5.42,0.07,N,11,0.07472166180975864,4461.0,0.8966599417171038,Middle Age,10+ years,0,0,0.05281984,0,Low Risk
32,50000,RENT,3.0,PERSONAL,C,2500,13.49,0.05,N,7,0.05,4166.666666666667,0.6,Adult,3-5 years,0,0,0.06305631,0,Low Risk
30,100000,RENT,1.0,MEDICAL,B,1000,11.71,0.01,N,7,0.01,8333.333333333334,0.12,Adult,0-2 years,0,0,0.024040492,0,Low Risk
31,61104,MORTGAGE,3.0,HOMEIMPROVEMENT,B,15000,9.25,0.25,N,10,0.24548311076197957,5092.0,2.9457973291437547,Adult,3-5 years,0,0,0.15132108,0,Low Risk
28,65000,OWN,0.0,HOMEIMPROVEMENT,B,1450,9.76,0.02,N,6,0.022307692307692306,5416.666666666667,0.2676923076923077,Adult,0-2 years,0,0,0.0021318996,0,Low Risk
60,45600,RENT,1.0,VENTURE,B,20000,10.0,0.44,N,26,0.43859649122807015,3800.0,5.2631578947368425,Senior,0-2 years,1,1,0.9935644,1,High Risk
21,62496,MORTGAGE,1.0,EDUCATION,C,5000,12.53,0.08,Y,3,0.08000512032770098,5208.0,0.9600614439324117,Young,0-2 years,0,0,0.18286127,0,Low Risk
26,50000,MORTGAGE,10.0,MEDICAL,C,13000,11.97,0.26,Y,3,0.26,4166.666666666667,3.1199999999999997,Adult,6-10 years,0,0,0.14207236,0,Low Risk
22,45000,MORTGAGE,5.0,DEBTCONSOLIDATION,C,5000,12.61,0.11,Y,2,0.1111111111111111,3750.0,1.3333333333333333,Young,3-5 years,0,0,0.2940952,0,Low Risk
26,65000,MORTGAGE,6.0,VENTURE,E,22000,17.19,0.34,N,2,0.3384615384615385,5416.666666666667,4.061538461538461,Adult,6-10 years,1,0,0.53318435,1,Medium Risk
49,50000,MORTGAGE,8.0,PERSONAL,C,15850,14.26,0.32,N,17,0.317,4166.666666666667,3.804,Middle Age,6-10 years,1,0,0.26451716,0,Low Risk
23,34560,RENT,5.0,DEBTCONSOLIDATION,D,9600,16.02,0.28,Y,3,0.2777777777777778,2880.0,3.3333333333333335,Young,3-5 years,0,1,0.9856332,1,High Risk
38,55000,MORTGAGE,16.0,PERSONAL,A,6000,5.42,0.11,N,14,0.10909090909090909,4583.333333333333,1.309090909090909,Middle Age,10+ years,0,0,0.11097254,0,Low Risk
30,54000,MORTGAGE,12.0,MEDICAL,C,15000,14.72,0.28,Y,9,0.2777777777777778,4500.0,3.3333333333333335,Adult,10+ years,0,0,0.7709948,1,High Risk
26,48996,RENT,5.0,EDUCATION,A,5000,7.88,0.1,N,3,0.10204914686913218,4083.0,1.224589762429586,Adult,3-5 years,0,0,0.13884991,0,Low Risk
34,178000,MORTGAGE,4.0,DEBTCONSOLIDATION,D,12000,15.65,0.07,Y,5,0.06741573033707865,14833.333333333334,0.8089887640449438,Adult,3-5 years,0,1,0.9874887,1,High Risk
25,55000,MORTGAGE,3.0,DEBTCONSOLIDATION,A,24200,8.49,0.44,N,3,0.44,4583.333333333333,5.28,Young,3-5 years,1,0,0.17855236,0,Low Risk
35,90000,RENT,3.0,DEBTCONSOLIDATION,B,11000,11.99,0.12,N,10,0.12222222222222222,7500.0,1.4666666666666666,Adult,3-5 years,0,0,0.068001576,0,Low Risk
39,30000,RENT,3.0,PERSONAL,B,6000,10.75,0.2,N,14,0.2,2500.0,2.4,Middle Age,3-5 years,0,0,0.30937344,0,Medium Risk
36,140000,OWN,13.0,VENTURE,B,20800,11.48,0.15,N,11,0.14857142857142858,11666.666666666666,1.782857142857143,Middle Age,10+ years,0,0,0.0011045103,0,Low Risk
28,75000,RENT,0.0,VENTURE,A,6000,7.49,0.08,N,6,0.08,6250.0,0.96,Adult,0-2 years,0,0,0.0073880292,0,Low Risk
28,86004,MORTGAGE,12.0,VENTURE,B,3000,9.99,0.03,N,5,0.03488209850704618,7167.0,0.4185851820845542,Adult,10+ years,0,0,0.015971947,0,Low Risk
23,98400,MORTGAGE,0.0,EDUCATION,B,10000,11.14,0.1,N,4,0.1016260162601626,8200.0,1.2195121951219512,Young,0-2 years,0,0,0.07920737,0,Low Risk
47,48000,RENT,14.0,MEDICAL,C,2500,14.65,0.05,Y,17,0.052083333333333336,4000.0,0.625,Middle Age,10+ years,0,0,0.15118289,0,Low Risk
36,50000,RENT,4.0,HOMEIMPROVEMENT,A,15000,8.9,0.3,N,14,0.3,4166.666666666667,3.5999999999999996,Middle Age,3-5 years,1,0,0.066254504,0,Low Risk
30,49110,RENT,2.0,PERSONAL,B,19775,12.42,0.4,N,9,0.4026674811647322,4092.5,4.832009773976787,Adult,0-2 years,1,1,0.9969704,1,High Risk
37,73000,RENT,4.0,DEBTCONSOLIDATION,B,11500,12.21,0.16,N,11,0.15753424657534246,6083.333333333333,1.8904109589041096,Middle Age,3-5 years,0,0,0.17813829,0,Low Risk
33,66000,OWN,3.0,VENTURE,B,5600,10.99,0.08,N,9,0.08484848484848485,5500.0,1.018181818181818,Adult,3-5 years,0,0,0.00087049016,0,Low Risk
34,225000,MORTGAGE,4.0,DEBTCONSOLIDATION,C,3000,13.35,0.01,Y,7,0.013333333333333334,18750.0,0.16,Adult,3-5 years,0,0,0.19517379,0,Low Risk
32,90000,MORTGAGE,16.0,EDUCATION,C,21400,15.23,0.24,Y,5,0.23777777777777778,7500.0,2.8533333333333335,Adult,10+ years,0,0,0.31961906,0,Medium Risk
33,48000,RENT,2.0,VENTURE,B,1500,11.89,0.03,N,6,0.03125,4000.0,0.375,Adult,0-2 years,0,0,0.016395433,0,Low Risk
30,45000,MORTGAGE,11.0,MEDICAL,A,2500,6.76,0.06,N,10,0.05555555555555555,3750.0,0.6666666666666666,Adult,10+ years,0,0,0.12584786,0,Low Risk
43,80000,RENT,5.0,HOMEIMPROVEMENT,B,10000,11.49,0.13,N,12,0.125,6666.666666666667,1.5,Middle Age,3-5 years,0,0,0.04849707,0,Low Risk
31,65000,MORTGAGE,15.0,PERSONAL,D,3000,16.77,0.05,Y,7,0.046153846153846156,5416.666666666667,0.5538461538461538,Adult,10+ years,0,0,0.18615797,0,Low Risk
26,26400,RENT,0.0,EDUCATION,A,4000,7.9,0.15,N,2,0.15151515151515152,2200.0,1.8181818181818181,Adult,0-2 years,0,0,0.23679869,0,Low Risk
24,90000,OWN,8.0,MEDICAL,C,12000,13.35,0.13,N,3,0.13333333333333333,7500.0,1.6,Young,6-10 years,0,0,0.002439407,0,Low Risk
40,55000,MORTGAGE,6.0,EDUCATION,A,12000,6.62,0.22,N,15,0.21818181818181817,4583.333333333333,2.618181818181818,Middle Age,6-10 years,0,0,0.028372485,0,Low Risk
34,27600,RENT,5.0,DEBTCONSOLIDATION,B,10000,10.37,0.36,N,6,0.36231884057971014,2300.0,4.3478260869565215,Adult,3-5 years,1,1,0.9922673,1,High Risk
22,107000,MORTGAGE,1.0,VENTURE,A,10000,7.14,0.09,N,2,0.09345794392523364,8916.666666666666,1.1214953271028039,Young,0-2 years,0,0,0.0021584714,0,Low Risk
27,200000,MORTGAGE,9.0,PERSONAL,A,7000,6.03,0.04,N,10,0.035,16666.666666666668,0.42,Adult,6-10 years,0,0,0.004887894,0,Low Risk
31,47756,RENT,3.0,MEDICAL,C,3350,13.98,0.07,N,5,0.07014825362258145,3979.6666666666665,0.8417790434709775,Adult,3-5 years,0,0,0.23872374,0,Low Risk
23,42000,RENT,2.0,EDUCATION,B,6500,10.37,0.15,N,3,0.15476190476190477,3500.0,1.8571428571428572,Young,0-2 years,0,0,0.12963204,0,Low Risk
26,105000,MORTGAGE,2.0,HOMEIMPROVEMENT,B,7200,10.65,0.07,N,4,0.06857142857142857,8750.0,0.8228571428571428,Adult,0-2 years,0,0,0.13761976,0,Low Risk
28,86000,MORTGAGE,12.0,PERSONAL,A,15600,5.99,0.18,N,7,0.1813953488372093,7166.666666666667,2.1767441860465113,Adult,10+ years,0,0,0.034521498,0,Low Risk
30,58000,RENT,3.0,PERSONAL,C,20000,14.72,0.34,N,5,0.3448275862068966,4833.333333333333,4.137931034482759,Adult,3-5 years,1,1,0.98662925,1,High Risk
30,68000,RENT,1.0,VENTURE,A,3000,5.42,0.04,N,9,0.04411764705882353,5666.666666666667,0.5294117647058824,Adult,0-2 years,0,0,0.0032260304,0,Low Risk
44,51850,RENT,7.0,MEDICAL,D,10000,14.11,0.16,N,12,0.19286403085824494,4320.833333333333,2.3143683702989395,Middle Age,6-10 years,0,1,0.948607,1,High Risk
27,69996,RENT,3.0,EDUCATION,D,10800,14.91,0.15,Y,10,0.15429453111606378,5833.0,1.8515343733927654,Adult,3-5 years,0,0,0.18573561,0,Low Risk
23,44000,MORTGAGE,4.0,EDUCATION,A,3200,7.51,0.07,N,2,0.07272727272727272,3666.6666666666665,0.8727272727272728,Young,3-5 years,0,0,0.35203022,0,Medium Risk
22,21600,MORTGAGE,,PERSONAL,C,4000,12.99,0.19,N,2,0.18518518518518517,1800.0,2.2222222222222223,Young,,0,0,0.35103208,0,Medium Risk
31,75000,MORTGAGE,4.0,MEDICAL,B,13800,,0.18,N,9,0.184,6250.0,2.208,Adult,3-5 years,0,0,0.091004044,0,Low Risk
23,35000,RENT,3.0,DEBTCONSOLIDATION,C,10000,13.22,0.29,N,2,0.2857142857142857,2916.6666666666665,3.428571428571429,Young,3-5 years,0,0,0.26151723,0,Low Risk
27,120000,RENT,0.0,DEBTCONSOLIDATION,A,7200,7.29,0.06,N,10,0.06,10000.0,0.72,Adult,0-2 years,0,0,0.031806827,0,Low Risk
22,122000,MORTGAGE,6.0,MEDICAL,A,6000,6.92,0.05,N,2,0.04918032786885246,10166.666666666666,0.5901639344262295,Young,6-10 years,0,0,0.0087898495,0,Low Risk
28,90000,MORTGAGE,5.0,VENTURE,B,25000,11.86,0.28,N,6,0.2777777777777778,7500.0,3.3333333333333335,Adult,3-5 years,0,0,0.023454804,0,Low Risk
35,37440,RENT,2.0,MEDICAL,B,8000,10.99,0.21,N,7,0.21367521367521367,3120.0,2.5641025641025643,Adult,0-2 years,0,0,0.21806364,0,Low Risk
29,45000,MORTGAGE,4.0,HOMEIMPROVEMENT,C,14000,13.48,0.31,Y,5,0.3111111111111111,3750.0,3.7333333333333334,Adult,3-5 years,1,0,0.48670235,0,Medium Risk
24,50000,MORTGAGE,2.0,PERSONAL,A,6000,7.51,0.12,N,3,0.12,4166.666666666667,1.44,Young,0-2 years,0,0,0.039840735,0,Low Risk
23,72000,RENT,7.0,VENTURE,B,12000,9.99,0.17,N,3,0.16666666666666666,6000.0,2.0,Young,6-10 years,0,0,0.009939966,0,Low Risk
31,25000,OWN,3.0,MEDICAL,C,3500,13.49,0.14,N,9,0.14,2083.3333333333335,1.68,Adult,3-5 years,0,0,0.003036009,0,Low Risk
30,144000,RENT,12.0,EDUCATION,E,5000,16.32,0.03,Y,7,0.034722222222222224,12000.0,0.4166666666666667,Adult,10+ years,0,0,0.47778565,0,Medium Risk
21,24000,RENT,5.0,VENTURE,B,2000,11.14,0.08,N,4,0.08333333333333333,2000.0,1.0,Young,3-5 years,0,0,0.05562113,0,Low Risk
23,65000,MORTGAGE,2.0,EDUCATION,B,20000,12.18,0.31,N,4,0.3076923076923077,5416.666666666667,3.692307692307692,Young,0-2 years,1,0,0.20390047,0,Low Risk
22,34800,RENT,,DEBTCONSOLIDATION,B,4000,10.74,0.11,N,3,0.11494252873563218,2900.0,1.3793103448275863,Young,,0,0,0.41054726,0,Medium Risk
26,50000,RENT,1.0,HOMEIMPROVEMENT,A,10000,6.91,0.2,N,2,0.2,4166.666666666667,2.4,Adult,0-2 years,0,0,0.05075054,0,Low Risk
26,70000,RENT,3.0,EDUCATION,C,2000,12.84,0.03,Y,2,0.02857142857142857,5833.333333333333,0.34285714285714286,Adult,3-5 years,0,0,0.09279956,0,Low Risk
22,55000,RENT,2.0,VENTURE,A,8400,7.88,0.15,N,2,0.15272727272727274,4583.333333333333,1.8327272727272728,Young,0-2 years,0,0,0.0045291865,0,Low Risk
31,30000,RENT,1.0,DEBTCONSOLIDATION,A,5600,7.74,0.19,N,7,0.18666666666666668,2500.0,2.24,Adult,0-2 years,0,0,0.16280405,0,Low Risk
23,50000,RENT,6.0,EDUCATION,C,3000,,0.06,Y,2,0.06,4166.666666666667,0.72,Young,6-10 years,0,0,0.10212561,0,Low Risk
24,48000,RENT,0.0,PERSONAL,B,4800,9.88,0.1,N,3,0.1,4000.0,1.2,Young,0-2 years,0,0,0.14008814,0,Low Risk
30,24000,RENT,0.0,PERSONAL,B,5000,10.59,0.21,N,9,0.20833333333333334,2000.0,2.5,Adult,0-2 years,0,0,0.33155283,0,Medium Risk
27,60000,OWN,4.0,HOMEIMPROVEMENT,A,10500,7.49,0.17,N,7,0.175,5000.0,2.1,Adult,3-5 years,0,0,0.003085707,0,Low Risk
27,125000,MORTGAGE,11.0,MEDICAL,B,30000,10.99,0.24,N,10,0.24,10416.666666666666,2.8800000000000003,Adult,10+ years,0,0,0.097609736,0,Low Risk
26,39000,RENT,2.0,DEBTCONSOLIDATION,A,8000,6.62,0.21,N,2,0.20512820512820512,3250.0,2.4615384615384617,Adult,0-2 years,0,0,0.3318977,0,Medium Risk
24,60000,RENT,2.0,PERSONAL,B,25000,11.11,0.42,N,3,0.4166666666666667,5000.0,5.0,Young,0-2 years,1,1,0.9881556,1,High Risk
29,52000,RENT,2.0,HOMEIMPROVEMENT,D,11000,15.62,0.21,Y,10,0.21153846153846154,4333.333333333333,2.5384615384615388,Adult,0-2 years,0,1,0.93860894,1,High Risk
24,45000,RENT,2.0,PERSONAL,C,4000,13.23,0.09,Y,3,0.08888888888888889,3750.0,1.0666666666666667,Young,0-2 years,0,0,0.18823698,0,Low Risk
32,31000,MORTGAGE,4.0,VENTURE,A,12000,5.42,0.39,N,6,0.3870967741935484,2583.3333333333335,4.64516129032258,Adult,3-5 years,1,0,0.06999597,0,Low Risk
23,95000,MORTGAGE,7.0,PERSONAL,A,6000,7.68,0.06,N,3,0.06315789473684211,7916.666666666667,0.7578947368421053,Young,6-10 years,0,0,0.019915171,0,Low Risk
24,145000,MORTGAGE,0.0,PERSONAL,B,7000,10.99,0.05,N,2,0.04827586206896552,12083.333333333334,0.5793103448275861,Young,0-2 years,0,0,0.07521299,0,Low Risk
26,48000,RENT,10.0,EDUCATION,B,4225,9.83,0.09,N,3,0.08802083333333334,4000.0,1.05625,Adult,6-10 years,0,0,0.23735023,0,Low Risk
28,66000,RENT,12.0,DEBTCONSOLIDATION,A,8400,7.51,0.13,N,8,0.12727272727272726,5500.0,1.5272727272727273,Adult,10+ years,0,1,0.22543027,0,Low Risk
22,85000,MORTGAGE,6.0,PERSONAL,A,12500,,0.15,N,2,0.14705882352941177,7083.333333333333,1.7647058823529413,Young,6-10 years,0,0,0.032625467,0,Low Risk
30,96053,MORTGAGE,15.0,MEDICAL,D,30000,15.62,0.27,N,5,0.31232756915452925,8004.416666666667,3.747930829854351,Adult,10+ years,0,1,0.96557397,1,High Risk
26,108160,RENT,4.0,EDUCATION,E,35000,18.39,0.32,N,4,0.323594674556213,9013.333333333334,3.883136094674556,Adult,3-5 years,1,1,0.98157287,1,High Risk
40,62540,MORTGAGE,5.0,MEDICAL,F,7500,19.04,0.1,Y,12,0.11992324912056283,5211.666666666667,1.439078989446754,Middle Age,3-5 years,0,1,0.9248871,1,High Risk
23,55000,MORTGAGE,7.0,VENTURE,C,7000,13.23,0.13,Y,2,0.12727272727272726,4583.333333333333,1.5272727272727273,Young,6-10 years,0,0,0.21459413,0,Low Risk
29,80000,RENT,0.0,PERSONAL,B,1500,12.42,0.02,N,9,0.01875,6666.666666666667,0.22499999999999998,Adult,0-2 years,0,0,0.07542663,0,Low Risk
34,72000,RENT,2.0,VENTURE,B,20000,11.89,0.28,N,10,0.2777777777777778,6000.0,3.3333333333333335,Adult,0-2 years,0,0,0.03497793,0,Low Risk
31,61000,RENT,3.0,MEDICAL,C,7500,,0.12,Y,10,0.12295081967213115,5083.333333333333,1.4754098360655739,Adult,3-5 years,0,0,0.17524353,0,Low Risk
22,52000,MORTGAGE,6.0,VENTURE,C,2650,12.99,0.05,Y,3,0.05096153846153846,4333.333333333333,0.6115384615384616,Young,6-10 years,0,0,0.15067306,0,Low Risk
27,25000,RENT,4.0,DEBTCONSOLIDATION,D,8000,14.84,0.32,N,5,0.32,2083.3333333333335,3.84,Adult,3-5 years,1,1,0.99666625,1,High Risk
22,110196,MORTGAGE,6.0,MEDICAL,B,25000,11.49,0.23,N,3,0.2268684888743693,9183.0,2.722421866492432,Young,6-10 years,0,0,0.116071574,0,Low Risk
31,138000,MORTGAGE,0.0,PERSONAL,A,35000,7.49,0.25,N,5,0.2536231884057971,11500.0,3.0434782608695654,Adult,0-2 years,0,1,0.028032362,0,Low Risk
26,24000,RENT,3.0,EDUCATION,B,5400,11.49,0.23,N,3,0.225,2000.0,2.7,Adult,3-5 years,0,0,0.26061937,0,Low Risk
23,55000,MORTGAGE,7.0,VENTURE,A,5200,8.9,0.09,N,4,0.09454545454545454,4583.333333333333,1.1345454545454545,Young,6-10 years,0,0,0.008595395,0,Low Risk
44,39000,RENT,2.0,MEDICAL,B,12000,11.14,0.31,N,15,0.3076923076923077,3250.0,3.6923076923076925,Middle Age,0-2 years,1,1,0.98393285,1,High Risk
25,64000,RENT,9.0,MEDICAL,B,14400,9.62,0.23,N,2,0.225,5333.333333333333,2.7,Young,6-10 years,0,0,0.32367048,0,Medium Risk
46,170000,MORTGAGE,13.0,HOMEIMPROVEMENT,B,7200,9.91,0.04,N,12,0.042352941176470586,14166.666666666666,0.5082352941176471,Middle Age,10+ years,0,0,0.038706183,0,Low Risk
36,32000,MORTGAGE,6.0,DEBTCONSOLIDATION,B,12000,10.37,0.38,N,11,0.375,2666.6666666666665,4.5,Middle Age,6-10 years,1,0,0.3212854,0,Medium Risk
22,30000,RENT,2.0,VENTURE,D,4200,15.31,0.14,Y,2,0.14,2500.0,1.68,Young,0-2 years,0,1,0.9795503,1,High Risk
24,65000,OWN,6.0,EDUCATION,A,3500,6.76,0.05,N,4,0.05384615384615385,5416.666666666667,0.6461538461538461,Young,6-10 years,0,0,0.0018182357,0,Low Risk
27,63000,OTHER,2.0,DEBTCONSOLIDATION,A,4500,9.63,0.07,N,8,0.07142857142857142,5250.0,0.8571428571428571,Adult,0-2 years,0,0,0.12979041,0,Low Risk
30,158000,MORTGAGE,6.0,HOMEIMPROVEMENT,B,21000,12.42,0.13,N,8,0.13291139240506328,13166.666666666666,1.5949367088607596,Adult,6-10 years,0,0,0.25492808,0,Low Risk
37,24000,RENT,4.0,MEDICAL,A,7000,6.92,0.29,N,14,0.2916666666666667,2000.0,3.5,Middle Age,3-5 years,0,0,0.08801677,0,Low Risk
25,25920,RENT,0.0,PERSONAL,B,2300,11.11,0.09,N,4,0.08873456790123457,2160.0,1.0648148148148149,Young,0-2 years,0,0,0.33555496,0,Medium Risk
32,31000,MORTGAGE,5.0,DEBTCONSOLIDATION,B,13000,,0.42,N,8,0.41935483870967744,2583.3333333333335,5.032258064516129,Adult,3-5 years,1,1,0.43264636,0,Medium Risk
23,65748,MORTGAGE,6.0,EDUCATION,A,8800,9.63,0.13,N,3,0.1338443754943116,5479.0,1.6061325059317393,Young,6-10 years,0,0,0.10565627,0,Low Risk
23,83000,RENT,7.0,DEBTCONSOLIDATION,B,9000,10.59,0.11,N,4,0.10843373493975904,6916.666666666667,1.3012048192771084,Young,6-10 years,0,0,0.27124336,0,Low Risk
23,45000,RENT,2.0,PERSONAL,B,12000,11.83,0.27,N,4,0.26666666666666666,3750.0,3.2,Young,0-2 years,0,0,0.20159894,0,Low Risk
35,42000,RENT,3.0,PERSONAL,D,3200,15.62,0.08,N,5,0.0761904761904762,3500.0,0.9142857142857143,Adult,3-5 years,0,0,0.5695187,1,Medium Risk
30,24414,RENT,0.0,MEDICAL,A,5000,6.91,0.2,N,7,0.20480052428934217,2034.5,2.457606291472106,Adult,0-2 years,0,0,0.17464545,0,Low Risk
21,59000,MORTGAGE,5.0,HOMEIMPROVEMENT,B,5000,9.99,0.08,N,2,0.0847457627118644,4916.666666666667,1.0169491525423728,Young,3-5 years,0,1,0.9639995,1,High Risk
33,37440,RENT,5.0,PERSONAL,B,4400,11.71,0.12,N,10,0.11752136752136752,3120.0,1.4102564102564104,Adult,3-5 years,0,0,0.2361262,0,Low Risk
29,47340,RENT,5.0,DEBTCONSOLIDATION,B,2000,9.99,0.04,N,6,0.04224757076468103,3945.0,0.5069708491761724,Adult,3-5 years,0,0,0.14991446,0,Low Risk
23,49980,MORTGAGE,7.0,MEDICAL,B,4800,10.37,0.1,N,2,0.09603841536614646,4165.0,1.1524609843937574,Young,6-10 years,0,1,0.44882888,0,Medium Risk
22,69000,MORTGAGE,4.0,EDUCATION,A,1000,7.4,0.01,N,2,0.014492753623188406,5750.0,0.17391304347826086,Young,3-5 years,0,0,0.15334067,0,Low Risk
24,42000,MORTGAGE,2.0,HOMEIMPROVEMENT,A,7000,8.59,0.17,N,3,0.16666666666666666,3500.0,2.0,Young,0-2 years,0,0,0.19426626,0,Low Risk
26,24500,RENT,4.0,EDUCATION,B,8875,10.0,0.36,N,3,0.3622448979591837,2041.6666666666667,4.346938775510204,Adult,3-5 years,1,1,0.9938262,1,High Risk
25,28000,RENT,6.0,DEBTCONSOLIDATION,A,1000,7.51,0.04,N,3,0.03571428571428571,2333.3333333333335,0.42857142857142855,Young,6-10 years,0,0,0.40195948,0,Medium Risk
26,37000,MORTGAGE,4.0,VENTURE,A,10400,8.94,0.28,N,3,0.2810810810810811,3083.3333333333335,3.3729729729729727,Adult,3-5 years,0,0,0.011142616,0,Low Risk
26,74400,MORTGAGE,10.0,DEBTCONSOLIDATION,A,15000,6.54,0.2,N,4,0.20161290322580644,6200.0,2.4193548387096775,Adult,6-10 years,0,0,0.1384407,0,Low Risk
23,28000,MORTGAGE,2.0,VENTURE,B,8400,10.99,0.3,N,2,0.3,2333.3333333333335,3.5999999999999996,Young,0-2 years,1,0,0.047786478,0,Low Risk
32,50000,OWN,,EDUCATION,A,10000,6.03,0.2,N,9,0.2,4166.666666666667,2.4,Adult,,0,0,0.00083351496,0,Low Risk
25,24000,RENT,1.0,DEBTCONSOLIDATION,D,12000,12.17,0.5,Y,4,0.5,2000.0,6.0,Young,0-2 years,1,1,0.9991055,1,High Risk
24,86376,MORTGAGE,2.0,MEDICAL,A,20000,7.29,0.23,N,3,0.23154579975919237,7198.0,2.7785495971103082,Young,0-2 years,0,0,0.09623798,0,Low Risk
33,34000,RENT,17.0,DEBTCONSOLIDATION,D,11175,14.96,0.33,N,8,0.3286764705882353,2833.3333333333335,3.9441176470588233,Adult,10+ years,1,1,0.99799454,1,High Risk
22,98000,MORTGAGE,5.0,EDUCATION,D,25000,14.46,0.26,N,3,0.25510204081632654,8166.666666666667,3.061224489795918,Young,3-5 years,0,0,0.3301237,0,Medium Risk
24,79200,OWN,8.0,VENTURE,A,3800,6.62,0.05,N,4,0.047979797979797977,6600.0,0.5757575757575758,Young,6-10 years,0,0,0.0005695134,0,Low Risk
35,175000,RENT,0.0,DEBTCONSOLIDATION,B,16000,11.49,0.09,N,10,0.09142857142857143,14583.333333333334,1.0971428571428572,Adult,0-2 years,0,0,0.2678831,0,Low Risk
21,90000,OWN,6.0,MEDICAL,A,12000,6.03,0.13,N,3,0.13333333333333333,7500.0,1.6,Young,6-10 years,0,0,0.0008262773,0,Low Risk
36,13440,RENT,2.0,EDUCATION,D,2400,17.49,0.18,Y,11,0.17857142857142858,1120.0,2.142857142857143,Middle Age,0-2 years,0,1,0.9972078,1,High Risk
25,116000,RENT,5.0,DEBTCONSOLIDATION,C,10000,14.26,0.09,Y,4,0.08620689655172414,9666.666666666666,1.0344827586206897,Young,3-5 years,0,0,0.30343756,0,Medium Risk
29,47000,RENT,2.0,PERSONAL,B,5000,10.62,0.11,N,7,0.10638297872340426,3916.6666666666665,1.2765957446808511,Adult,0-2 years,0,0,0.18149947,0,Low Risk
35,70360,RENT,8.0,EDUCATION,A,10000,6.62,0.14,N,5,0.14212620807276863,5863.333333333333,1.7055144968732234,Adult,6-10 years,0,0,0.016242094,0,Low Risk
26,300000,OWN,9.0,HOMEIMPROVEMENT,B,10000,10.38,0.03,N,4,0.03333333333333333,25000.0,0.4,Adult,6-10 years,0,0,0.002385932,0,Low Risk
26,38000,RENT,0.0,DEBTCONSOLIDATION,B,6025,10.99,0.16,N,3,0.15855263157894736,3166.6666666666665,1.9026315789473685,Adult,0-2 years,0,0,0.19332641,0,Low Risk
28,32004,RENT,5.0,VENTURE,C,6000,13.99,0.19,N,9,0.18747656542932134,2667.0,2.249718785151856,Adult,3-5 years,0,0,0.522793,1,Medium Risk
24,13000,RENT,1.0,MEDICAL,B,1200,11.89,0.09,N,2,0.09230769230769231,1083.3333333333333,1.1076923076923078,Young,0-2 years,0,0,0.26898175,0,Low Risk
23,100000,MORTGAGE,7.0,EDUCATION,D,15000,16.0,0.15,Y,2,0.15,8333.333333333334,1.7999999999999998,Young,6-10 years,0,0,0.11646778,0,Low Risk
22,32500,MORTGAGE,5.0,DEBTCONSOLIDATION,B,14500,11.99,0.45,N,4,0.4461538461538462,2708.3333333333335,5.3538461538461535,Young,3-5 years,1,0,0.5239311,1,Medium Risk
26,25000,RENT,5.0,EDUCATION,A,6000,8.0,0.24,N,2,0.24,2083.3333333333335,2.88,Adult,3-5 years,0,0,0.1592664,0,Low Risk
24,72000,OWN,8.0,HOMEIMPROVEMENT,A,9000,7.49,0.13,N,4,0.125,6000.0,1.5,Young,6-10 years,0,0,0.0031522587,0,Low Risk
33,102000,MORTGAGE,6.0,EDUCATION,C,8700,12.99,0.09,Y,9,0.08529411764705883,8500.0,1.0235294117647058,Adult,6-10 years,0,0,0.19900559,0,Low Risk
26,59000,RENT,2.0,PERSONAL,E,18000,16.0,0.31,Y,2,0.3050847457627119,4916.666666666667,3.661016949152542,Adult,0-2 years,1,1,0.993989,1,High Risk
26,24000,RENT,0.0,EDUCATION,A,4800,,0.2,N,3,0.2,2000.0,2.4,Adult,0-2 years,0,0,0.15332925,0,Low Risk
27,83000,MORTGAGE,11.0,EDUCATION,A,3500,6.03,0.04,N,5,0.04216867469879518,6916.666666666667,0.5060240963855421,Adult,10+ years,0,0,0.045031298,0,Low Risk
22,57600,MORTGAGE,6.0,VENTURE,B,6000,10.74,0.1,N,3,0.10416666666666667,4800.0,1.25,Young,6-10 years,0,0,0.016097352,0,Low Risk
25,13000,RENT,2.0,PERSONAL,D,4000,15.65,0.31,Y,3,0.3076923076923077,1083.3333333333333,3.6923076923076925,Young,0-2 years,1,1,0.9997209,1,High Risk
40,60000,MORTGAGE,1.0,MEDICAL,A,12000,8.94,0.2,N,15,0.2,5000.0,2.4,Middle Age,0-2 years,0,0,0.037188467,0,Low Risk
22,40000,RENT,1.0,PERSONAL,B,4000,12.69,0.1,N,4,0.1,3333.3333333333335,1.2,Young,0-2 years,0,0,0.13254051,0,Low Risk
31,60775,RENT,4.0,MEDICAL,D,10000,16.49,0.14,Y,6,0.16454134101192924,5064.583333333333,1.9744960921431511,Adult,3-5 years,0,1,0.9464069,1,High Risk
39,36000,MORTGAGE,1.0,PERSONAL,A,7125,7.9,0.2,N,12,0.19791666666666666,3000.0,2.375,Middle Age,0-2 years,0,0,0.09602153,0,Low Risk
29,108000,MORTGAGE,9.0,HOMEIMPROVEMENT,A,11400,9.32,0.11,N,5,0.10555555555555556,9000.0,1.2666666666666666,Adult,6-10 years,0,0,0.10938772,0,Low Risk
27,26880,RENT,1.0,DEBTCONSOLIDATION,A,3000,5.79,0.11,N,10,0.11160714285714286,2240.0,1.3392857142857142,Adult,0-2 years,0,0,0.18279973,0,Low Risk
24,55243,MORTGAGE,6.0,MEDICAL,B,2900,9.62,0.04,N,2,0.05249533877595351,4603.583333333333,0.6299440653114422,Young,6-10 years,0,1,0.38036224,0,Medium Risk
23,69996,OWN,2.0,EDUCATION,B,10000,,0.14,N,4,0.14286530658894794,5833.0,1.7143836790673752,Young,0-2 years,0,0,0.0019325652,0,Low Risk
39,27040,MORTGAGE,0.0,HOMEIMPROVEMENT,A,4800,8.59,0.18,N,17,0.17751479289940827,2253.3333333333335,2.130177514792899,Middle Age,0-2 years,0,0,0.24920124,0,Low Risk
34,160000,MORTGAGE,14.0,HOMEIMPROVEMENT,C,25000,13.49,0.16,Y,5,0.15625,13333.333333333334,1.875,Adult,10+ years,0,0,0.23744118,0,Low Risk
27,36000,RENT,0.0,DEBTCONSOLIDATION,C,8000,13.85,0.22,Y,6,0.2222222222222222,3000.0,2.6666666666666665,Adult,0-2 years,0,1,0.3366022,0,Medium Risk
22,42500,MORTGAGE,6.0,MEDICAL,E,7000,15.57,0.16,Y,4,0.16470588235294117,3541.6666666666665,1.9764705882352942,Young,6-10 years,0,1,0.8996225,1,High Risk
29,124000,MORTGAGE,13.0,MEDICAL,A,8100,7.51,0.07,N,7,0.06532258064516129,10333.333333333334,0.7838709677419354,Adult,10+ years,0,0,0.0298565,0,Low Risk
23,67000,MORTGAGE,2.0,DEBTCONSOLIDATION,A,5600,7.49,0.08,N,2,0.08358208955223881,5583.333333333333,1.0029850746268658,Young,0-2 years,0,0,0.081740856,0,Low Risk
24,71000,OWN,4.0,PERSONAL,B,14000,10.99,0.2,N,3,0.19718309859154928,5916.666666666667,2.3661971830985915,Young,3-5 years,0,0,0.0032783381,0,Low Risk
32,96000,RENT,7.0,PERSONAL,D,20000,14.42,0.21,N,9,0.20833333333333334,8000.0,2.5,Adult,6-10 years,0,0,0.3761819,0,Medium Risk
30,54000,MORTGAGE,4.0,DEBTCONSOLIDATION,D,12000,15.58,0.22,N,5,0.2222222222222222,4500.0,2.6666666666666665,Adult,3-5 years,0,1,0.99294657,1,High Risk
27,34800,OWN,7.0,HOMEIMPROVEMENT,A,9500,7.51,0.27,N,10,0.27298850574712646,2900.0,3.2758620689655173,Adult,6-10 years,0,0,0.011005492,0,Low Risk
32,85000,RENT,7.0,DEBTCONSOLIDATION,B,6000,11.71,0.07,N,5,0.07058823529411765,7083.333333333333,0.8470588235294118,Adult,6-10 years,0,0,0.15402235,0,Low Risk
39,73000,MORTGAGE,3.0,VENTURE,A,10000,7.51,0.14,N,14,0.136986301369863,6083.333333333333,1.6438356164383563,Middle Age,3-5 years,0,0,0.006836632,0,Low Risk
28,113000,MORTGAGE,1.0,PERSONAL,F,13200,18.67,0.12,N,10,0.1168141592920354,9416.666666666666,1.4017699115044249,Adult,0-2 years,0,1,0.6279383,1,High Risk
24,42996,RENT,2.0,MEDICAL,A,14000,7.51,0.33,N,2,0.3256116848078891,3583.0,3.9073402176946694,Young,0-2 years,1,1,0.99114835,1,High Risk
25,79000,MORTGAGE,9.0,MEDICAL,A,10000,5.79,0.13,N,3,0.12658227848101267,6583.333333333333,1.518987341772152,Young,6-10 years,0,0,0.05823745,0,Low Risk
27,42000,MORTGAGE,11.0,PERSONAL,A,3500,8.49,0.08,N,9,0.08333333333333333,3500.0,1.0,Adult,10+ years,0,0,0.29833043,0,Low Risk
25,49000,OWN,6.0,PERSONAL,C,3000,,0.06,N,4,0.061224489795918366,4083.3333333333335,0.7346938775510203,Young,6-10 years,0,0,0.0086515285,0,Low Risk
23,30000,MORTGAGE,3.0,DEBTCONSOLIDATION,A,3800,5.79,0.13,N,3,0.12666666666666668,2500.0,1.52,Young,3-5 years,0,0,0.09797022,0,Low Risk
23,126996,OWN,2.0,EDUCATION,B,11000,10.0,0.09,N,2,0.0866169013197266,10583.0,1.0394028158367192,Young,0-2 years,0,0,0.0014315213,0,Low Risk
36,62000,MORTGAGE,9.0,EDUCATION,A,4800,8.0,0.08,N,12,0.07741935483870968,5166.666666666667,0.9290322580645161,Middle Age,6-10 years,0,0,0.064666376,0,Low Risk
26,84000,MORTGAGE,5.0,EDUCATION,C,21000,13.49,0.25,Y,2,0.25,7000.0,3.0,Adult,3-5 years,0,0,0.24853878,0,Low Risk
24,29200,MORTGAGE,6.0,PERSONAL,A,2500,6.76,0.09,N,2,0.08561643835616438,2433.3333333333335,1.0273972602739725,Young,6-10 years,0,0,0.2857176,0,Low Risk
25,19000,OWN,3.0,DEBTCONSOLIDATION,A,4000,7.4,0.21,N,3,0.21052631578947367,1583.3333333333333,2.5263157894736845,Young,3-5 years,0,1,0.9963517,1,High Risk
24,65004,RENT,4.0,PERSONAL,A,8000,8.49,0.12,N,2,0.12306934957848747,5417.0,1.4768321949418497,Young,3-5 years,0,0,0.112032294,0,Low Risk
29,60500,RENT,13.0,VENTURE,C,3000,13.61,0.05,N,9,0.049586776859504134,5041.666666666667,0.5950413223140496,Adult,10+ years,0,0,0.12914984,0,Low Risk
24,51600,RENT,8.0,HOMEIMPROVEMENT,B,3000,10.65,0.06,N,3,0.05813953488372093,4300.0,0.6976744186046512,Young,6-10 years,0,0,0.39816073,0,Medium Risk
27,67200,MORTGAGE,2.0,HOMEIMPROVEMENT,A,10750,6.91,0.16,N,6,0.15997023809523808,5600.0,1.9196428571428572,Adult,0-2 years,0,0,0.071999244,0,Low Risk
21,17000,RENT,3.0,MEDICAL,A,5750,8.9,0.34,N,2,0.3382352941176471,1416.6666666666667,4.0588235294117645,Young,3-5 years,1,1,0.99905616,1,High Risk
23,8088,RENT,,MEDICAL,B,1000,10.0,0.12,N,4,0.12363996043521266,674.0,1.4836795252225519,Young,,0,0,0.52183723,1,Medium Risk
23,53352,RENT,3.0,MEDICAL,A,17500,6.54,0.33,N,4,0.32801019643124907,4446.0,3.936122357174989,Young,3-5 years,1,1,0.9920339,1,High Risk
27,68400,MORTGAGE,8.0,DEBTCONSOLIDATION,C,8000,14.26,0.12,N,7,0.11695906432748537,5700.0,1.4035087719298245,Adult,6-10 years,0,1,0.4970128,0,Medium Risk
24,108000,MORTGAGE,8.0,DEBTCONSOLIDATION,A,4200,,0.04,N,3,0.03888888888888889,9000.0,0.4666666666666667,Young,6-10 years,0,0,0.13759823,0,Low Risk
32,36000,RENT,2.0,VENTURE,B,5000,11.83,0.14,N,10,0.1388888888888889,3000.0,1.6666666666666667,Adult,0-2 years,0,0,0.032194078,0,Low Risk
32,41000,RENT,17.0,MEDICAL,C,3000,,0.07,Y,7,0.07317073170731707,3416.6666666666665,0.8780487804878049,Adult,10+ years,0,0,0.34986278,0,Medium Risk
22,75000,MORTGAGE,6.0,EDUCATION,A,5000,7.74,0.07,N,4,0.06666666666666667,6250.0,0.8,Young,6-10 years,0,0,0.0966031,0,Low Risk
48,60000,MORTGAGE,0.0,DEBTCONSOLIDATION,A,2500,7.29,0.04,N,11,0.041666666666666664,5000.0,0.5,Middle Age,0-2 years,0,0,0.04924526,0,Low Risk
24,54000,RENT,2.0,EDUCATION,A,6000,7.14,0.11,N,3,0.1111111111111111,4500.0,1.3333333333333333,Young,0-2 years,0,0,0.17997025,0,Low Risk
21,21000,MORTGAGE,5.0,DEBTCONSOLIDATION,D,3500,17.27,0.17,Y,2,0.16666666666666666,1750.0,2.0,Young,3-5 years,0,1,0.98038024,1,High Risk
27,32000,OTHER,10.0,EDUCATION,C,15000,,0.47,N,7,0.46875,2666.6666666666665,5.625,Adult,6-10 years,1,1,0.92808956,1,High Risk
27,75000,MORTGAGE,4.0,PERSONAL,B,20150,11.36,0.27,N,6,0.26866666666666666,6250.0,3.224,Adult,3-5 years,0,0,0.14582884,0,Low Risk
24,40800,RENT,6.0,MEDICAL,B,17500,10.62,0.43,N,4,0.42892156862745096,3400.0,5.147058823529412,Young,6-10 years,1,1,0.99083567,1,High Risk
24,52000,RENT,1.0,EDUCATION,C,8000,11.78,0.15,N,3,0.15384615384615385,4333.333333333333,1.8461538461538463,Young,0-2 years,0,0,0.18880993,0,Low Risk
23,59000,RENT,7.0,EDUCATION,C,10000,,0.17,Y,3,0.1694915254237288,4916.666666666667,2.0338983050847457,Young,6-10 years,0,0,0.38838765,0,Medium Risk
25,40800,MORTGAGE,9.0,MEDICAL,B,9700,9.63,0.24,N,4,0.23774509803921567,3400.0,2.8529411764705883,Young,6-10 years,0,0,0.21321136,0,Low Risk
28,60000,OWN,12.0,EDUCATION,A,7000,7.66,0.12,N,9,0.11666666666666667,5000.0,1.4,Adult,10+ years,0,0,0.0050637447,0,Low Risk
36,49000,OWN,,PERSONAL,D,4200,16.02,0.09,Y,13,0.08571428571428572,4083.3333333333335,1.0285714285714285,Middle Age,,0,0,0.016021974,0,Low Risk
23,70000,MORTGAGE,7.0,EDUCATION,C,2000,13.49,0.03,Y,2,0.02857142857142857,5833.333333333333,0.34285714285714286,Young,6-10 years,0,0,0.10317353,0,Low Risk
24,75000,MORTGAGE,7.0,HOMEIMPROVEMENT,C,12000,13.49,0.16,Y,4,0.16,6250.0,1.92,Young,6-10 years,0,0,0.20439194,0,Low Risk
26,40000,RENT,1.0,MEDICAL,A,1400,7.74,0.04,N,3,0.035,3333.3333333333335,0.42,Adult,0-2 years,0,0,0.052407227,0,Low Risk
40,28000,OWN,3.0,PERSONAL,D,12000,16.0,0.43,Y,14,0.42857142857142855,2333.3333333333335,5.142857142857142,Middle Age,3-5 years,1,0,0.020377094,0,Low Risk
24,54000,MORTGAGE,8.0,HOMEIMPROVEMENT,B,4000,9.99,0.07,N,4,0.07407407407407407,4500.0,0.8888888888888888,Young,6-10 years,0,0,0.45822397,0,Medium Risk
25,86004,RENT,1.0,PERSONAL,C,15000,12.53,0.17,Y,4,0.17441049253523092,7167.0,2.092925910422771,Young,0-2 years,0,0,0.1449827,0,Low Risk
27,73000,MORTGAGE,11.0,PERSONAL,A,10000,5.79,0.14,N,8,0.136986301369863,6083.333333333333,1.6438356164383563,Adult,10+ years,0,0,0.089381725,0,Low Risk
23,24000,RENT,3.0,EDUCATION,C,2200,15.23,0.09,Y,4,0.09166666666666666,2000.0,1.1,Young,3-5 years,0,0,0.2337056,0,Low Risk
31,105000,RENT,9.0,HOMEIMPROVEMENT,B,15000,10.59,0.14,N,8,0.14285714285714285,8750.0,1.7142857142857142,Adult,6-10 years,0,0,0.09815177,0,Low Risk
22,32000,RENT,7.0,MEDICAL,C,14000,12.23,0.44,N,3,0.4375,2666.6666666666665,5.25,Young,6-10 years,1,1,0.9955655,1,High Risk
26,95000,RENT,3.0,MEDICAL,C,12500,12.61,0.13,N,2,0.13157894736842105,7916.666666666667,1.5789473684210527,Adult,3-5 years,0,0,0.09943359,0,Low Risk
23,53664,MORTGAGE,7.0,EDUCATION,B,15000,10.75,0.28,N,4,0.27951699463327373,4472.0,3.3542039355992843,Young,6-10 years,0,0,0.2614124,0,Low Risk
33,80000,MORTGAGE,9.0,VENTURE,B,6000,11.11,0.07,N,8,0.075,6666.666666666667,0.8999999999999999,Adult,6-10 years,0,0,0.00809954,0,Low Risk
26,50000,RENT,4.0,PERSONAL,B,6000,,0.12,N,3,0.12,4166.666666666667,1.44,Adult,3-5 years,0,0,0.07296701,0,Low Risk
22,48888,RENT,1.0,PERSONAL,C,18400,13.16,0.38,N,2,0.37637047946326296,4074.0,4.516445753559156,Young,0-2 years,1,1,0.99289495,1,High Risk
22,40000,RENT,1.0,DEBTCONSOLIDATION,B,7000,11.11,0.17,N,3,0.175,3333.3333333333335,2.1,Young,0-2 years,0,0,0.12125625,0,Low Risk
23,42996,RENT,2.0,EDUCATION,C,6000,12.84,0.14,Y,2,0.13954786491766677,3583.0,1.6745743790120011,Young,0-2 years,0,0,0.28262356,0,Low Risk
30,44000,RENT,0.0,PERSONAL,D,10500,15.58,0.24,Y,10,0.23863636363636365,3666.6666666666665,2.8636363636363638,Adult,0-2 years,0,1,0.9800386,1,High Risk
22,60000,MORTGAGE,7.0,VENTURE,B,6000,10.38,0.1,N,2,0.1,5000.0,1.2,Young,6-10 years,0,0,0.0076746508,0,Low Risk
26,53000,OWN,2.0,HOMEIMPROVEMENT,B,2500,9.91,0.05,N,2,0.04716981132075472,4416.666666666667,0.5660377358490566,Adult,0-2 years,0,0,0.0033335057,0,Low Risk
35,79750,MORTGAGE,5.0,DEBTCONSOLIDATION,B,35000,11.99,0.44,N,5,0.438871473354232,6645.833333333333,5.266457680250784,Adult,3-5 years,1,0,0.4969349,0,Medium Risk
23,57188,MORTGAGE,7.0,VENTURE,A,17450,6.62,0.31,N,3,0.30513394418409456,4765.666666666667,3.6616073302091348,Young,6-10 years,1,0,0.017502274,0,Low Risk
29,63000,OWN,13.0,HOMEIMPROVEMENT,A,15000,,0.24,N,7,0.23809523809523808,5250.0,2.857142857142857,Adult,10+ years,0,0,0.00434199,0,Low Risk
44,80000,RENT,6.0,PERSONAL,C,6400,13.16,0.08,N,11,0.08,6666.666666666667,0.96,Middle Age,6-10 years,0,0,0.078535326,0,Low Risk
28,72000,RENT,4.0,VENTURE,C,12000,13.49,0.17,Y,6,0.16666666666666666,6000.0,2.0,Adult,3-5 years,0,0,0.19952917,0,Low Risk
28,39184,RENT,3.0,DEBTCONSOLIDATION,A,6000,6.17,0.15,N,7,0.15312372396896692,3265.3333333333335,1.837484687627603,Adult,3-5 years,0,0,0.23400871,0,Low Risk
33,22356,RENT,2.0,MEDICAL,A,6000,7.9,0.27,N,8,0.2683843263553409,1863.0,3.2206119162640903,Adult,0-2 years,0,0,0.1410905,0,Low Risk
29,30992,MORTGAGE,3.0,EDUCATION,B,8000,11.58,0.26,N,9,0.2581311306143521,2582.6666666666665,3.0975735673722253,Adult,3-5 years,0,1,0.53672594,1,Medium Risk
25,49000,MORTGAGE,8.0,MEDICAL,B,18200,11.99,0.37,N,4,0.37142857142857144,4083.3333333333335,4.457142857142857,Young,6-10 years,1,1,0.6105798,1,High Risk
26,60000,RENT,0.0,VENTURE,C,14650,12.61,0.24,Y,3,0.24416666666666667,5000.0,2.93,Adult,0-2 years,0,0,0.1350587,0,Low Risk
26,36000,MORTGAGE,10.0,PERSONAL,B,18000,10.39,0.5,N,2,0.5,3000.0,6.0,Adult,6-10 years,1,0,0.37568906,0,Medium Risk
31,111000,MORTGAGE,3.0,HOMEIMPROVEMENT,A,5150,6.62,0.05,N,6,0.046396396396396394,9250.0,0.5567567567567567,Adult,3-5 years,0,0,0.01798803,0,Low Risk
22,20000,RENT,2.0,EDUCATION,B,4000,9.45,0.2,N,4,0.2,1666.6666666666667,2.4,Young,0-2 years,0,0,0.12425164,0,Low Risk
24,75000,MORTGAGE,4.0,VENTURE,B,16000,12.42,0.21,N,2,0.21333333333333335,6250.0,2.56,Young,3-5 years,0,0,0.016020231,0,Low Risk
59,175000,RENT,3.0,PERSONAL,B,12000,10.59,0.07,N,27,0.06857142857142857,14583.333333333334,0.8228571428571428,Senior,3-5 years,0,0,0.062459428,0,Low Risk
31,77940,MORTGAGE,3.0,DEBTCONSOLIDATION,B,16250,10.99,0.21,N,10,0.20849371311265075,6495.0,2.501924557351809,Adult,3-5 years,0,0,0.2427027,0,Low Risk
25,60000,RENT,3.0,VENTURE,A,12000,5.42,0.2,N,3,0.2,5000.0,2.4,Young,3-5 years,0,0,0.0032025457,0,Low Risk
31,134748,MORTGAGE,15.0,VENTURE,B,18000,10.74,0.13,N,9,0.1335826876836762,11229.0,1.6029922522041145,Adult,10+ years,0,0,0.0062700245,0,Low Risk
22,62322,RENT,7.0,EDUCATION,B,10000,,0.16,N,2,0.16045698148326434,5193.5,1.925483777799172,Young,6-10 years,0,0,0.2200882,0,Low Risk
28,78000,MORTGAGE,12.0,MEDICAL,B,12000,10.99,0.15,N,10,0.15384615384615385,6500.0,1.8461538461538463,Adult,10+ years,0,0,0.17211871,0,Low Risk
37,178008,RENT,12.0,DEBTCONSOLIDATION,B,7500,11.14,0.04,N,11,0.04213293784549009,14834.0,0.5055952541458811,Middle Age,10+ years,0,0,0.096875995,0,Low Risk
27,128000,RENT,11.0,DEBTCONSOLIDATION,D,24250,14.59,0.19,N,10,0.189453125,10666.666666666666,2.2734375,Adult,10+ years,0,1,0.97680455,1,High Risk
22,70000,MORTGAGE,3.0,EDUCATION,D,18000,14.42,0.26,N,3,0.2571428571428571,5833.333333333333,3.085714285714286,Young,3-5 years,0,0,0.22489296,0,Low Risk
26,39500,MORTGAGE,6.0,MEDICAL,D,15250,15.05,0.39,N,4,0.3860759493670886,3291.6666666666665,4.632911392405063,Adult,6-10 years,1,1,0.9499109,1,High Risk
29,12480,RENT,,EDUCATION,A,1000,8.9,0.08,N,9,0.08012820512820513,1040.0,0.9615384615384616,Adult,,0,0,0.74863887,1,High Risk
22,120000,MORTGAGE,6.0,VENTURE,A,12000,7.49,0.1,N,4,0.1,10000.0,1.2,Young,6-10 years,0,0,0.0025985045,0,Low Risk
25,61200,MORTGAGE,9.0,MEDICAL,D,20000,14.74,0.28,Y,2,0.32679738562091504,5100.0,3.9215686274509802,Young,6-10 years,0,1,0.9809709,1,High Risk
25,45000,RENT,4.0,PERSONAL,B,8000,10.38,0.18,N,3,0.17777777777777778,3750.0,2.1333333333333333,Young,3-5 years,0,0,0.14394256,0,Low Risk
22,19200,RENT,4.0,HOMEIMPROVEMENT,D,8000,16.29,0.42,Y,3,0.4166666666666667,1600.0,5.0,Young,3-5 years,1,1,0.9997813,1,High Risk
30,42000,RENT,1.0,PERSONAL,B,1600,10.37,0.04,N,6,0.0380952380952381,3500.0,0.45714285714285713,Adult,0-2 years,0,0,0.26954785,0,Low Risk
30,42000,MORTGAGE,14.0,MEDICAL,A,4500,7.49,0.11,N,7,0.10714285714285714,3500.0,1.2857142857142858,Adult,10+ years,0,1,0.21938288,0,Low Risk
22,54000,MORTGAGE,6.0,PERSONAL,A,7000,8.94,0.13,N,2,0.12962962962962962,4500.0,1.5555555555555556,Young,6-10 years,0,0,0.26492113,0,Low Risk
43,72000,MORTGAGE,9.0,MEDICAL,B,10000,,0.14,N,11,0.1388888888888889,6000.0,1.6666666666666667,Middle Age,6-10 years,0,0,0.10320294,0,Low Risk
37,15000,OWN,0.0,VENTURE,A,5000,7.74,0.33,N,13,0.3333333333333333,1250.0,4.0,Middle Age,0-2 years,1,1,0.99611497,1,High Risk
28,24000,RENT,4.0,VENTURE,A,3000,9.32,0.13,N,6,0.125,2000.0,1.5,Adult,3-5 years,0,0,0.031028122,0,Low Risk
25,70000,RENT,4.0,MEDICAL,B,12000,10.37,0.17,N,3,0.17142857142857143,5833.333333333333,2.0571428571428574,Young,3-5 years,0,0,0.06371824,0,Low Risk
26,99000,MORTGAGE,9.0,MEDICAL,C,20000,14.22,0.2,N,4,0.20202020202020202,8250.0,2.4242424242424243,Adult,6-10 years,0,0,0.30072504,0,Medium Risk
29,125800,RENT,11.0,MEDICAL,D,9000,16.77,0.06,N,8,0.07154213036565978,10483.333333333334,0.8585055643879173,Adult,10+ years,0,1,0.9576563,1,High Risk
34,120000,RENT,0.0,DEBTCONSOLIDATION,A,2200,7.51,0.02,N,5,0.018333333333333333,10000.0,0.22,Adult,0-2 years,0,0,0.18622978,0,Low Risk
32,64000,RENT,1.0,EDUCATION,B,10000,12.69,0.16,N,10,0.15625,5333.333333333333,1.875,Adult,0-2 years,0,0,0.2560206,0,Low Risk
36,54000,MORTGAGE,5.0,MEDICAL,A,5000,,0.09,N,16,0.09259259259259259,4500.0,1.1111111111111112,Middle Age,3-5 years,0,0,0.36063114,0,Medium Risk
25,37500,RENT,1.0,MEDICAL,C,10000,15.96,0.27,Y,4,0.26666666666666666,3125.0,3.2,Young,0-2 years,0,0,0.4844577,0,Medium Risk
22,18000,OWN,1.0,DEBTCONSOLIDATION,B,3000,9.96,0.17,N,3,0.16666666666666666,1500.0,2.0,Young,0-2 years,0,1,0.99673444,1,High Risk
24,15000,RENT,3.0,PERSONAL,E,4800,16.95,0.32,N,3,0.32,1250.0,3.84,Young,3-5 years,1,1,0.9991779,1,High Risk
23,53760,RENT,0.0,EDUCATION,C,5000,13.43,0.09,N,4,0.09300595238095238,4480.0,1.1160714285714286,Young,0-2 years,0,0,0.21008764,0,Low Risk
24,72000,MORTGAGE,8.0,DEBTCONSOLIDATION,A,8000,7.88,0.11,N,3,0.1111111111111111,6000.0,1.3333333333333333,Young,6-10 years,0,0,0.06528315,0,Low Risk
23,54860,RENT,0.0,PERSONAL,C,5000,14.17,0.09,N,4,0.09114108640174991,4571.666666666667,1.093693036820999,Young,0-2 years,0,0,0.36716273,0,Medium Risk
22,50000,OWN,4.0,PERSONAL,B,5000,12.62,0.1,N,3,0.1,4166.666666666667,1.2,Young,3-5 years,0,0,0.001392701,0,Low Risk
32,150000,RENT,7.0,DEBTCONSOLIDATION,A,25000,8.49,0.17,N,7,0.16666666666666666,12500.0,2.0,Adult,6-10 years,0,0,0.030597223,0,Low Risk
41,58500,RENT,17.0,PERSONAL,D,7150,15.99,0.12,Y,16,0.12222222222222222,4875.0,1.4666666666666666,Middle Age,10+ years,0,1,0.6109157,1,High Risk
25,32000,MORTGAGE,4.0,DEBTCONSOLIDATION,B,8000,10.36,0.25,N,2,0.25,2666.6666666666665,3.0,Young,3-5 years,0,1,0.45450076,0,Medium Risk
24,70000,MORTGAGE,6.0,HOMEIMPROVEMENT,C,25000,,0.36,N,3,0.35714285714285715,5833.333333333333,4.285714285714286,Young,6-10 years,1,0,0.3602329,0,Medium Risk
25,42500,RENT,0.0,MEDICAL,C,4000,12.99,0.09,N,3,0.09411764705882353,3541.6666666666665,1.1294117647058823,Young,0-2 years,0,0,0.28790668,0,Low Risk
44,80000,MORTGAGE,28.0,HOMEIMPROVEMENT,D,25000,15.33,0.31,N,11,0.3125,6666.666666666667,3.75,Middle Age,10+ years,1,0,0.45339525,0,Medium Risk
27,53000,MORTGAGE,3.0,EDUCATION,C,6400,13.11,0.12,Y,8,0.12075471698113208,4416.666666666667,1.4490566037735848,Adult,3-5 years,0,0,0.23341161,0,Low Risk
24,44000,MORTGAGE,7.0,PERSONAL,B,10000,9.99,0.23,N,3,0.22727272727272727,3666.6666666666665,2.7272727272727275,Young,6-10 years,0,0,0.4971833,0,Medium Risk
27,50000,RENT,5.0,MEDICAL,A,7300,7.29,0.15,N,9,0.146,4166.666666666667,1.7519999999999998,Adult,3-5 years,0,0,0.024297511,0,Low Risk
22,55000,MORTGAGE,6.0,PERSONAL,C,13000,13.85,0.24,N,3,0.23636363636363636,4583.333333333333,2.8363636363636364,Young,6-10 years,0,0,0.16070038,0,Low Risk
24,44000,MORTGAGE,8.0,EDUCATION,A,2000,5.79,0.05,N,3,0.045454545454545456,3666.6666666666665,0.5454545454545455,Young,6-10 years,0,0,0.21708412,0,Low Risk
37,66560,RENT,11.0,DEBTCONSOLIDATION,B,7200,10.0,0.11,N,15,0.10817307692307693,5546.666666666667,1.298076923076923,Middle Age,10+ years,0,0,0.21084817,0,Low Risk
23,34000,RENT,2.0,DEBTCONSOLIDATION,D,6000,14.09,0.18,Y,4,0.17647058823529413,2833.3333333333335,2.1176470588235294,Young,0-2 years,0,1,0.995619,1,High Risk
25,95000,MORTGAGE,5.0,VENTURE,B,18000,10.99,0.19,N,3,0.18947368421052632,7916.666666666667,2.2736842105263158,Young,3-5 years,0,0,0.008473589,0,Low Risk
37,71000,MORTGAGE,11.0,DEBTCONSOLIDATION,B,11200,12.42,0.16,N,11,0.15774647887323945,5916.666666666667,1.8929577464788732,Middle Age,10+ years,0,0,0.124940574,0,Low Risk
28,95000,MORTGAGE,0.0,MEDICAL,B,4500,10.99,0.05,N,7,0.04736842105263158,7916.666666666667,0.5684210526315789,Adult,0-2 years,0,0,0.06606187,0,Low Risk
27,23652,MORTGAGE,9.0,PERSONAL,A,2000,7.49,0.08,N,8,0.08455944529003889,1971.0,1.0147133434804667,Adult,6-10 years,0,0,0.2652056,0,Low Risk
25,56004,MORTGAGE,5.0,DEBTCONSOLIDATION,B,8000,11.71,0.14,N,3,0.14284693950432112,4667.0,1.7141632740518535,Young,3-5 years,0,1,0.33598155,0,Medium Risk
23,26000,RENT,1.0,EDUCATION,B,4000,,0.15,N,4,0.15384615384615385,2166.6666666666665,1.8461538461538463,Young,0-2 years,0,0,0.26164678,0,Low Risk
31,62500,OWN,0.0,VENTURE,C,3000,13.92,0.05,Y,5,0.048,5208.333333333333,0.5760000000000001,Adult,0-2 years,0,0,0.0032634716,0,Low Risk
31,30000,RENT,0.0,EDUCATION,D,6600,16.49,0.22,Y,8,0.22,2500.0,2.64,Adult,0-2 years,0,1,0.97666615,1,High Risk
21,50808,RENT,2.0,EDUCATION,A,4000,6.17,0.08,N,4,0.07872775940796725,4234.0,0.944733112895607,Young,0-2 years,0,0,0.035104476,0,Low Risk
26,130000,MORTGAGE,5.0,PERSONAL,D,35000,18.25,0.27,Y,4,0.2692307692307692,10833.333333333334,3.2307692307692304,Adult,3-5 years,0,0,0.24265976,0,Low Risk
26,136000,RENT,2.0,HOMEIMPROVEMENT,C,12000,14.72,0.09,Y,3,0.08823529411764706,11333.333333333334,1.0588235294117647,Adult,0-2 years,0,0,0.15119365,0,Low Risk
28,90000,MORTGAGE,9.0,DEBTCONSOLIDATION,A,4000,8.0,0.04,N,6,0.044444444444444446,7500.0,0.5333333333333333,Adult,6-10 years,0,0,0.080022275,0,Low Risk
33,21600,RENT,2.0,DEBTCONSOLIDATION,C,6500,,0.3,Y,5,0.30092592592592593,1800.0,3.611111111111111,Adult,0-2 years,1,0,0.215114,0,Low Risk
26,45000,MORTGAGE,2.0,VENTURE,B,12000,,0.27,N,3,0.26666666666666666,3750.0,3.2,Adult,0-2 years,0,0,0.0147955315,0,Low Risk
26,55000,RENT,10.0,MEDICAL,A,6000,5.42,0.11,N,4,0.10909090909090909,4583.333333333333,1.309090909090909,Adult,6-10 years,0,0,0.13563703,0,Low Risk
25,54000,RENT,3.0,DEBTCONSOLIDATION,D,7000,15.62,0.13,N,3,0.12962962962962962,4500.0,1.5555555555555556,Young,3-5 years,0,1,0.9915542,1,High Risk
29,48000,RENT,9.0,DEBTCONSOLIDATION,C,5600,15.96,0.12,Y,7,0.11666666666666667,4000.0,1.4,Adult,6-10 years,0,0,0.34137437,0,Medium Risk
23,33000,RENT,5.0,DEBTCONSOLIDATION,D,4800,14.54,0.15,Y,3,0.14545454545454545,2750.0,1.7454545454545454,Young,3-5 years,0,1,0.9734808,1,High Risk
29,35000,RENT,0.0,VENTURE,A,3200,7.49,0.09,N,6,0.09142857142857143,2916.6666666666665,1.0971428571428572,Adult,0-2 years,0,0,0.008968333,0,Low Risk
24,50000,MORTGAGE,5.0,PERSONAL,A,6000,6.17,0.12,N,2,0.12,4166.666666666667,1.44,Young,3-5 years,0,0,0.022058567,0,Low Risk
30,36000,MORTGAGE,7.0,DEBTCONSOLIDATION,B,15000,11.83,0.42,N,10,0.4166666666666667,3000.0,5.0,Adult,6-10 years,1,0,0.41371322,0,Medium Risk
28,52500,RENT,2.0,PERSONAL,A,8000,7.51,0.15,N,6,0.1523809523809524,4375.0,1.8285714285714285,Adult,0-2 years,0,0,0.10128026,0,Low Risk
34,148080,RENT,0.0,HOMEIMPROVEMENT,A,20000,8.9,0.14,N,6,0.1350621285791464,12340.0,1.6207455429497568,Adult,0-2 years,0,0,0.18458661,0,Low Risk
23,32000,RENT,2.0,VENTURE,E,5000,13.93,0.16,N,4,0.15625,2666.6666666666665,1.875,Young,0-2 years,0,1,0.88857317,1,High Risk
27,25200,RENT,3.0,MEDICAL,A,6000,7.9,0.24,N,5,0.23809523809523808,2100.0,2.857142857142857,Adult,3-5 years,0,0,0.16696018,0,Low Risk
22,50004,RENT,6.0,PERSONAL,B,12000,10.0,0.24,N,2,0.23998080153587714,4167.0,2.8797696184305255,Young,6-10 years,0,0,0.08690103,0,Low Risk
24,90000,RENT,8.0,HOMEIMPROVEMENT,B,10000,,0.11,N,2,0.1111111111111111,7500.0,1.3333333333333333,Young,6-10 years,0,0,0.102346905,0,Low Risk
25,102000,MORTGAGE,7.0,HOMEIMPROVEMENT,G,25000,20.16,0.25,Y,4,0.24509803921568626,8500.0,2.9411764705882355,Young,6-10 years,0,1,0.9397299,1,High Risk
22,53000,MORTGAGE,6.0,PERSONAL,A,5000,5.42,0.09,N,3,0.09433962264150944,4416.666666666667,1.1320754716981132,Young,6-10 years,0,0,0.15100184,0,Low Risk
22,70550,RENT,4.0,MEDICAL,E,12000,15.68,0.14,N,3,0.1700921332388377,5879.166666666667,2.0411055988660523,Young,3-5 years,0,1,0.95332414,1,High Risk
26,40000,MORTGAGE,10.0,HOMEIMPROVEMENT,A,5300,5.42,0.13,N,2,0.1325,3333.3333333333335,1.5899999999999999,Adult,6-10 years,0,0,0.15895045,0,Low Risk
31,13000,RENT,0.0,VENTURE,C,8000,12.84,0.62,N,10,0.6153846153846154,1083.3333333333333,7.384615384615385,Adult,0-2 years,1,1,0.99936146,1,High Risk
27,112000,MORTGAGE,12.0,EDUCATION,C,15000,13.49,0.13,N,8,0.13392857142857142,9333.333333333334,1.607142857142857,Adult,10+ years,0,0,0.20099092,0,Low Risk
23,60000,MORTGAGE,3.0,EDUCATION,A,20000,7.88,0.33,N,4,0.3333333333333333,5000.0,4.0,Young,3-5 years,1,0,0.07995414,0,Low Risk
27,60000,RENT,6.0,DEBTCONSOLIDATION,B,4500,12.69,0.07,N,7,0.075,5000.0,0.9,Adult,6-10 years,0,0,0.13622615,0,Low Risk
26,34000,RENT,2.0,PERSONAL,D,12000,14.96,0.35,N,3,0.35294117647058826,2833.3333333333335,4.235294117647059,Adult,0-2 years,1,1,0.998314,1,High Risk
26,42000,RENT,0.0,VENTURE,B,6000,11.12,0.14,N,4,0.14285714285714285,3500.0,1.7142857142857142,Adult,0-2 years,0,0,0.025442863,0,Low Risk
31,13000,RENT,6.0,HOMEIMPROVEMENT,B,7000,9.62,0.54,N,9,0.5384615384615384,1083.3333333333333,6.461538461538462,Adult,6-10 years,1,1,0.99955076,1,High Risk
22,36000,RENT,3.0,EDUCATION,C,9000,,0.25,Y,2,0.25,3000.0,3.0,Young,3-5 years,0,0,0.28871462,0,Low Risk
21,30000,RENT,5.0,EDUCATION,A,8400,6.03,0.28,N,3,0.28,2500.0,3.36,Young,3-5 years,0,0,0.2453366,0,Low Risk
24,84000,RENT,8.0,MEDICAL,B,21000,10.75,0.25,N,4,0.25,7000.0,3.0,Young,6-10 years,0,0,0.12823564,0,Low Risk
22,51000,RENT,5.0,EDUCATION,B,20000,12.53,0.39,N,3,0.39215686274509803,4250.0,4.705882352941177,Young,3-5 years,1,1,0.9915705,1,High Risk
26,36000,RENT,2.0,PERSONAL,A,15000,7.66,0.42,N,3,0.4166666666666667,3000.0,5.0,Adult,0-2 years,1,1,0.99441296,1,High Risk
23,51000,MORTGAGE,5.0,DEBTCONSOLIDATION,A,4000,6.03,0.08,N,2,0.0784313725490196,4250.0,0.9411764705882353,Young,3-5 years,0,0,0.09737405,0,Low Risk
26,44000,RENT,10.0,DEBTCONSOLIDATION,D,14000,14.83,0.32,N,2,0.3181818181818182,3666.6666666666665,3.8181818181818183,Adult,6-10 years,1,1,0.99868315,1,High Risk
29,47500,MORTGAGE,14.0,VENTURE,A,3500,8.9,0.07,N,9,0.07368421052631578,3958.3333333333335,0.8842105263157894,Adult,10+ years,0,0,0.010795876,0,Low Risk
24,49812,RENT,4.0,MEDICAL,A,15000,6.17,0.3,N,3,0.3011322572874006,4151.0,3.6135870874488076,Young,3-5 years,1,0,0.17725796,0,Low Risk
30,39500,RENT,3.0,EDUCATION,A,6925,7.88,0.18,N,9,0.17531645569620252,3291.6666666666665,2.1037974683544305,Adult,3-5 years,0,0,0.2018724,0,Low Risk
22,30000,RENT,1.0,EDUCATION,D,4000,14.96,0.13,Y,2,0.13333333333333333,2500.0,1.6,Young,0-2 years,0,1,0.9521896,1,High Risk
31,204000,RENT,0.0,VENTURE,A,12000,9.63,0.06,N,9,0.058823529411764705,17000.0,0.7058823529411765,Adult,0-2 years,0,0,0.004269104,0,Low Risk
24,80400,MORTGAGE,5.0,PERSONAL,A,12000,5.79,0.15,N,2,0.14925373134328357,6700.0,1.791044776119403,Young,3-5 years,0,0,0.008869577,0,Low Risk
33,108000,RENT,11.0,VENTURE,B,3000,11.36,0.03,N,5,0.027777777777777776,9000.0,0.3333333333333333,Adult,10+ years,0,0,0.026108818,0,Low Risk
24,36000,RENT,0.0,DEBTCONSOLIDATION,A,4000,7.4,0.11,N,4,0.1111111111111111,3000.0,1.3333333333333333,Young,0-2 years,0,0,0.1390304,0,Low Risk
49,70000,RENT,4.0,EDUCATION,B,17000,11.71,0.24,N,16,0.24285714285714285,5833.333333333333,2.9142857142857146,Middle Age,3-5 years,0,0,0.13169916,0,Low Risk
37,58000,RENT,9.0,VENTURE,B,18200,10.99,0.31,N,17,0.3137931034482759,4833.333333333333,3.7655172413793108,Middle Age,6-10 years,1,1,0.97705156,1,High Risk
35,56000,MORTGAGE,,DEBTCONSOLIDATION,A,12000,,0.21,N,8,0.21428571428571427,4666.666666666667,2.571428571428571,Adult,,0,0,0.14897493,0,Low Risk
25,77000,MORTGAGE,1.0,DEBTCONSOLIDATION,F,7200,18.53,0.09,N,2,0.09350649350649351,6416.666666666667,1.122077922077922,Young,0-2 years,0,1,0.9754765,1,High Risk
26,40000,RENT,3.0,DEBTCONSOLIDATION,B,5000,9.45,0.13,N,3,0.125,3333.3333333333335,1.5,Adult,3-5 years,0,0,0.08859373,0,Low Risk
24,35004,RENT,6.0,MEDICAL,D,7200,,0.21,N,2,0.2056907781967775,2917.0,2.46828933836133,Young,6-10 years,0,0,0.73997444,1,High Risk
25,60000,RENT,7.0,DEBTCONSOLIDATION,B,15000,,0.25,N,3,0.25,5000.0,3.0,Young,6-10 years,0,0,0.16332412,0,Low Risk
27,69996,RENT,12.0,PERSONAL,A,5000,9.63,0.07,N,5,0.07143265329447397,5833.0,0.8571918395336876,Adult,10+ years,0,0,0.16124421,0,Low Risk
23,20004,MORTGAGE,2.0,EDUCATION,E,2500,16.82,0.12,Y,2,0.1249750049990002,1667.0,1.4997000599880024,Young,0-2 years,0,0,0.66502666,1,High Risk
23,20124,RENT,,MEDICAL,C,5950,13.49,0.3,Y,3,0.2956668654343073,1677.0,3.5480023852116878,Young,,1,0,0.28129196,0,Low Risk
25,70356,RENT,8.0,HOMEIMPROVEMENT,A,7000,7.29,0.1,N,4,0.09949400193302632,5863.0,1.1939280231963159,Young,6-10 years,0,0,0.06783902,0,Low Risk
22,60000,MORTGAGE,,EDUCATION,A,5000,6.54,0.08,N,4,0.08333333333333333,5000.0,1.0,Young,,0,0,0.06121656,0,Low Risk
27,32220,RENT,11.0,MEDICAL,B,17725,11.49,0.55,N,7,0.5501241464928616,2685.0,6.601489757914339,Adult,10+ years,1,1,0.9949803,1,High Risk
39,18300,RENT,0.0,EDUCATION,D,1200,14.74,0.07,N,17,0.06557377049180328,1525.0,0.7868852459016393,Middle Age,0-2 years,0,1,0.9560884,1,High Risk
25,82000,MORTGAGE,3.0,HOMEIMPROVEMENT,B,15000,10.37,0.18,N,2,0.18292682926829268,6833.333333333333,2.1951219512195124,Young,3-5 years,0,0,0.14583103,0,Low Risk
29,105000,MORTGAGE,13.0,HOMEIMPROVEMENT,A,12000,7.88,0.11,N,7,0.11428571428571428,8750.0,1.3714285714285714,Adult,10+ years,0,0,0.04000775,0,Low Risk
24,175000,MORTGAGE,9.0,EDUCATION,A,10000,5.42,0.06,N,3,0.05714285714285714,14583.333333333334,0.6857142857142857,Young,6-10 years,0,0,0.005550504,0,Low Risk
32,61200,MORTGAGE,,PERSONAL,A,15000,6.99,0.25,N,9,0.24509803921568626,5100.0,2.9411764705882355,Adult,,0,0,0.05430195,0,Low Risk
23,48500,RENT,5.0,DEBTCONSOLIDATION,A,3850,8.49,0.08,N,4,0.07938144329896907,4041.6666666666665,0.9525773195876289,Young,3-5 years,0,0,0.17927457,0,Low Risk
33,180000,RENT,0.0,MEDICAL,A,7000,7.74,0.04,N,6,0.03888888888888889,15000.0,0.4666666666666667,Adult,0-2 years,0,0,0.019304154,0,Low Risk
35,36000,RENT,3.0,DEBTCONSOLIDATION,A,5000,7.51,0.14,N,5,0.1388888888888889,3000.0,1.6666666666666667,Adult,3-5 years,0,0,0.11292811,0,Low Risk
31,70000,MORTGAGE,11.0,EDUCATION,A,2000,7.4,0.03,N,7,0.02857142857142857,5833.333333333333,0.34285714285714286,Adult,10+ years,0,0,0.08805505,0,Low Risk
23,48000,MORTGAGE,8.0,VENTURE,A,10500,7.51,0.22,N,2,0.21875,4000.0,2.625,Young,6-10 years,0,0,0.014022483,0,Low Risk
25,89796,MORTGAGE,2.0,VENTURE,B,9000,11.11,0.1,N,4,0.10022718161165307,7483.0,1.202726179339837,Young,0-2 years,0,0,0.009811101,0,Low Risk
27,85248,RENT,0.0,MEDICAL,B,10000,9.99,0.12,N,9,0.1173048048048048,7104.0,1.4076576576576576,Adult,0-2 years,0,0,0.0760361,0,Low Risk
23,144000,RENT,0.0,EDUCATION,B,24250,11.83,0.17,N,3,0.1684027777777778,12000.0,2.0208333333333335,Young,0-2 years,0,0,0.11658435,0,Low Risk
24,58000,MORTGAGE,3.0,PERSONAL,D,15000,,0.26,N,4,0.25862068965517243,4833.333333333333,3.103448275862069,Young,3-5 years,0,0,0.51592565,1,Medium Risk
21,12000,OWN,6.0,EDUCATION,C,3000,13.61,0.25,Y,3,0.25,1000.0,3.0,Young,6-10 years,0,1,0.99888545,1,High Risk
22,50000,RENT,6.0,PERSONAL,B,6000,11.89,0.12,N,2,0.12,4166.666666666667,1.44,Young,6-10 years,0,0,0.13643594,0,Low Risk
41,43000,OWN,3.0,VENTURE,B,22800,12.21,0.53,N,11,0.5302325581395348,3583.3333333333335,6.362790697674418,Middle Age,3-5 years,1,0,0.0070542,0,Low Risk
25,124000,OWN,9.0,MEDICAL,B,2000,,0.02,N,4,0.016129032258064516,10333.333333333334,0.1935483870967742,Young,6-10 years,0,0,0.0029329977,0,Low Risk
31,55000,MORTGAGE,9.0,DEBTCONSOLIDATION,A,8000,7.49,0.15,N,9,0.14545454545454545,4583.333333333333,1.7454545454545456,Adult,6-10 years,0,0,0.068850495,0,Low Risk
28,42000,RENT,3.0,EDUCATION,D,9600,14.61,0.23,N,9,0.22857142857142856,3500.0,2.742857142857143,Adult,3-5 years,0,0,0.41068447,0,Medium Risk
26,22000,OWN,6.0,VENTURE,B,7500,10.96,0.34,N,2,0.3409090909090909,1833.3333333333333,4.090909090909091,Adult,6-10 years,1,0,0.002268822,0,Low Risk
20,42000,RENT,4.0,VENTURE,B,6500,11.71,0.15,N,2,0.15476190476190477,3500.0,1.8571428571428572,Young,3-5 years,0,0,0.03188634,0,Low Risk
24,94837,RENT,8.0,HOMEIMPROVEMENT,B,9600,11.99,0.1,N,2,0.10122631462403914,7903.083333333333,1.2147157754884697,Young,6-10 years,0,0,0.12444189,0,Low Risk
30,58000,OWN,7.0,PERSONAL,A,6000,5.79,0.1,N,5,0.10344827586206896,4833.333333333333,1.2413793103448276,Adult,6-10 years,0,0,0.0040108836,0,Low Risk
29,53000,RENT,7.0,VENTURE,C,9600,12.73,0.18,N,5,0.1811320754716981,4416.666666666667,2.1735849056603773,Adult,6-10 years,0,0,0.25052828,0,Low Risk
44,71000,MORTGAGE,11.0,EDUCATION,A,9000,,0.13,N,11,0.1267605633802817,5916.666666666667,1.5211267605633803,Middle Age,10+ years,0,0,0.09521143,0,Low Risk
24,29000,RENT,0.0,VENTURE,B,4000,9.45,0.14,N,3,0.13793103448275862,2416.6666666666665,1.6551724137931036,Young,0-2 years,0,0,0.034433134,0,Low Risk
33,96000,MORTGAGE,11.0,DEBTCONSOLIDATION,D,15000,14.62,0.16,Y,10,0.15625,8000.0,1.875,Adult,10+ years,0,1,0.9573027,1,High Risk
24,48000,OWN,5.0,VENTURE,A,10400,7.37,0.22,N,3,0.21666666666666667,4000.0,2.6,Young,3-5 years,0,0,0.00044438647,0,Low Risk
24,13200,RENT,6.0,VENTURE,D,4000,15.65,0.3,Y,3,0.30303030303030304,1100.0,3.6363636363636362,Young,6-10 years,1,1,0.9913864,1,High Risk
24,20400,RENT,3.0,VENTURE,C,7550,14.79,0.37,N,4,0.3700980392156863,1700.0,4.4411764705882355,Young,3-5 years,1,1,0.9941902,1,High Risk
25,45996,OWN,0.0,HOMEIMPROVEMENT,A,3850,,0.08,N,2,0.08370293068962519,3833.0,1.0044351682755022,Young,0-2 years,0,0,0.006297608,0,Low Risk
22,50004,RENT,6.0,PERSONAL,B,10000,12.21,0.2,N,2,0.1999840012798976,4167.0,2.3998080153587713,Young,6-10 years,0,0,0.10832242,0,Low Risk
23,40000,MORTGAGE,1.0,VENTURE,B,1200,10.83,0.03,N,2,0.03,3333.3333333333335,0.36,Young,0-2 years,0,0,0.009971494,0,Low Risk
24,85000,RENT,0.0,EDUCATION,A,16000,6.91,0.19,N,2,0.18823529411764706,7083.333333333333,2.2588235294117647,Young,0-2 years,0,0,0.027473353,0,Low Risk
26,47000,MORTGAGE,0.0,PERSONAL,A,3000,5.79,0.06,N,2,0.06382978723404255,3916.6666666666665,0.7659574468085106,Adult,0-2 years,0,0,0.058856588,0,Low Risk
28,32400,RENT,3.0,DEBTCONSOLIDATION,C,12000,14.26,0.37,N,10,0.37037037037037035,2700.0,4.444444444444445,Adult,3-5 years,1,1,0.9937403,1,High Risk
27,90000,RENT,0.0,MEDICAL,B,8000,10.99,0.09,N,10,0.08888888888888889,7500.0,1.0666666666666667,Adult,0-2 years,0,0,0.08925176,0,Low Risk
25,32000,RENT,9.0,MEDICAL,E,15000,16.45,0.47,Y,2,0.46875,2666.6666666666665,5.625,Young,6-10 years,1,1,0.9962786,1,High Risk
23,85000,MORTGAGE,7.0,EDUCATION,C,20000,13.22,0.24,Y,4,0.23529411764705882,7083.333333333333,2.823529411764706,Young,6-10 years,0,0,0.32743463,0,Medium Risk
22,14400,RENT,0.0,HOMEIMPROVEMENT,E,4400,19.91,0.31,N,4,0.3055555555555556,1200.0,3.6666666666666665,Young,0-2 years,1,1,0.9998987,1,High Risk
27,58000,MORTGAGE,7.0,VENTURE,B,2800,11.99,0.05,N,8,0.04827586206896552,4833.333333333333,0.5793103448275863,Adult,6-10 years,0,0,0.019134546,0,Low Risk
43,42000,RENT,4.0,EDUCATION,D,7000,14.96,0.17,Y,16,0.16666666666666666,3500.0,2.0,Middle Age,3-5 years,0,0,0.41896418,0,Medium Risk
24,47000,MORTGAGE,8.0,PERSONAL,B,3000,12.69,0.06,N,3,0.06382978723404255,3916.6666666666665,0.7659574468085106,Young,6-10 years,0,0,0.20428927,0,Low Risk
24,39000,RENT,8.0,MEDICAL,D,1500,15.62,0.04,Y,3,0.038461538461538464,3250.0,0.46153846153846156,Young,6-10 years,0,0,0.9273378,1,High Risk
26,30000,RENT,0.0,DEBTCONSOLIDATION,D,6000,,0.2,Y,2,0.2,2500.0,2.4,Adult,0-2 years,0,1,0.9578407,1,High Risk
30,74000,OWN,13.0,MEDICAL,B,10500,10.74,0.14,N,8,0.14189189189189189,6166.666666666667,1.7027027027027026,Adult,10+ years,0,0,0.0036032125,0,Low Risk
23,79000,MORTGAGE,7.0,DEBTCONSOLIDATION,D,16000,14.09,0.2,N,3,0.20253164556962025,6583.333333333333,2.430379746835443,Young,6-10 years,0,1,0.99008864,1,High Risk
24,60000,RENT,3.0,VENTURE,C,22000,14.26,0.37,Y,2,0.36666666666666664,5000.0,4.4,Young,3-5 years,1,1,0.98764485,1,High Risk
28,42000,RENT,4.0,VENTURE,C,6000,11.78,0.14,Y,10,0.14285714285714285,3500.0,1.7142857142857142,Adult,3-5 years,0,0,0.34071362,0,Medium Risk
23,95004,RENT,2.0,PERSONAL,A,5000,9.63,0.05,N,4,0.05262936297419056,7917.0,0.6315523556902867,Young,0-2 years,0,0,0.044010494,0,Low Risk
23,34800,RENT,1.0,VENTURE,B,1000,11.99,0.03,N,4,0.028735632183908046,2900.0,0.3448275862068966,Young,0-2 years,0,0,0.06742216,0,Low Risk
36,92000,RENT,5.0,DEBTCONSOLIDATION,B,10000,11.71,0.11,N,16,0.10869565217391304,7666.666666666667,1.3043478260869565,Middle Age,3-5 years,0,0,0.18865113,0,Low Risk
35,83000,MORTGAGE,17.0,HOMEIMPROVEMENT,D,15000,,0.18,N,6,0.18072289156626506,6916.666666666667,2.1686746987951806,Adult,10+ years,0,0,0.5484557,1,Medium Risk
36,120000,RENT,2.0,HOMEIMPROVEMENT,C,16000,13.06,0.13,N,16,0.13333333333333333,10000.0,1.6,Middle Age,0-2 years,0,0,0.19766352,0,Low Risk
22,60000,MORTGAGE,2.0,MEDICAL,A,10000,,0.17,N,2,0.16666666666666666,5000.0,2.0,Young,0-2 years,0,0,0.05253086,0,Low Risk
22,81996,MORTGAGE,6.0,PERSONAL,B,10000,11.46,0.12,N,3,0.1219571686423728,6833.0,1.4634860237084737,Young,6-10 years,0,1,0.14341281,0,Low Risk
29,8500,RENT,7.0,VENTURE,A,4500,8.63,0.53,N,10,0.5294117647058824,708.3333333333334,6.352941176470588,Adult,6-10 years,1,1,0.9995479,1,High Risk
23,45992,MORTGAGE,7.0,VENTURE,A,10000,5.42,0.22,N,3,0.21742911810749696,3832.6666666666665,2.6091494172899634,Young,6-10 years,0,0,0.007300839,0,Low Risk
28,45500,OWN,1.0,MEDICAL,A,8400,,0.18,N,5,0.18461538461538463,3791.6666666666665,2.2153846153846155,Adult,0-2 years,0,0,0.002237061,0,Low Risk
27,26000,RENT,6.0,MEDICAL,B,4000,10.25,0.15,N,10,0.15384615384615385,2166.6666666666665,1.8461538461538463,Adult,6-10 years,0,0,0.27696624,0,Low Risk
25,76000,RENT,4.0,EDUCATION,C,13200,12.23,0.17,N,4,0.1736842105263158,6333.333333333333,2.0842105263157897,Young,3-5 years,0,0,0.20877425,0,Low Risk
23,58200,MORTGAGE,2.0,DEBTCONSOLIDATION,B,13000,,0.22,N,2,0.22336769759450173,4850.0,2.6804123711340204,Young,0-2 years,0,0,0.19682857,0,Low Risk
26,69912,MORTGAGE,9.0,VENTURE,A,8000,6.99,0.11,N,2,0.11442956860052637,5826.0,1.3731548232063164,Adult,6-10 years,0,0,0.004793115,0,Low Risk
39,56100,MORTGAGE,23.0,MEDICAL,D,8000,16.07,0.12,N,14,0.14260249554367202,4675.0,1.7112299465240641,Middle Age,10+ years,0,1,0.9829359,1,High Risk
27,36000,MORTGAGE,8.0,HOMEIMPROVEMENT,A,12500,6.03,0.35,N,7,0.3472222222222222,3000.0,4.166666666666667,Adult,6-10 years,1,1,0.18482584,0,Low Risk
26,97000,RENT,3.0,EDUCATION,C,21000,,0.22,Y,3,0.21649484536082475,8083.333333333333,2.597938144329897,Adult,3-5 years,0,0,0.25242537,0,Low Risk
24,84996,OWN,4.0,DEBTCONSOLIDATION,D,8000,15.57,0.09,Y,4,0.0941220763330039,7083.0,1.1294649159960468,Young,3-5 years,0,0,0.028966585,0,Low Risk
22,51000,MORTGAGE,6.0,PERSONAL,B,7000,11.12,0.14,N,3,0.13725490196078433,4250.0,1.6470588235294117,Young,6-10 years,0,0,0.25560975,0,Low Risk
23,73500,RENT,1.0,VENTURE,C,12000,12.99,0.16,N,2,0.16326530612244897,6125.0,1.9591836734693877,Young,0-2 years,0,1,0.33095652,0,Medium Risk
30,72000,RENT,2.0,HOMEIMPROVEMENT,B,3000,11.83,0.04,N,5,0.041666666666666664,6000.0,0.5,Adult,0-2 years,0,0,0.23506752,0,Low Risk
30,54000,RENT,2.0,VENTURE,E,5000,15.13,0.09,N,9,0.09259259259259259,4500.0,1.1111111111111112,Adult,0-2 years,0,1,0.98148054,1,High Risk
24,94992,RENT,1.0,EDUCATION,B,12000,11.89,0.13,N,4,0.12632642748863063,7916.0,1.5159171298635674,Young,0-2 years,0,0,0.06019094,0,Low Risk
27,91000,MORTGAGE,2.0,PERSONAL,A,11525,7.49,0.13,N,7,0.12664835164835164,7583.333333333333,1.51978021978022,Adult,0-2 years,0,0,0.024171317,0,Low Risk
23,55000,MORTGAGE,4.0,VENTURE,A,8000,7.49,0.15,N,2,0.14545454545454545,4583.333333333333,1.7454545454545456,Young,3-5 years,0,0,0.0053837043,0,Low Risk
22,31193,OWN,0.0,DEBTCONSOLIDATION,D,4000,14.74,0.13,Y,2,0.12823389863110313,2599.4166666666665,1.5388067835732377,Young,0-2 years,0,0,0.019046633,0,Low Risk
25,31200,RENT,7.0,MEDICAL,A,3500,6.92,0.11,N,3,0.11217948717948718,2600.0,1.3461538461538463,Young,6-10 years,0,0,0.28660274,0,Low Risk
23,105000,MORTGAGE,7.0,DEBTCONSOLIDATION,B,12000,10.25,0.11,N,3,0.11428571428571428,8750.0,1.3714285714285714,Young,6-10 years,0,0,0.068913266,0,Low Risk
28,20000,MORTGAGE,0.0,HOMEIMPROVEMENT,A,5000,8.59,0.25,N,7,0.25,1666.6666666666667,3.0,Adult,0-2 years,0,0,0.44893456,0,Medium Risk
25,110000,MORTGAGE,7.0,EDUCATION,A,8000,7.14,0.07,N,4,0.07272727272727272,9166.666666666666,0.8727272727272728,Young,6-10 years,0,0,0.019175757,0,Low Risk
29,46296,RENT,14.0,EDUCATION,D,8800,14.42,0.19,N,7,0.19008121651978574,3858.0,2.2809745982374285,Adult,10+ years,0,0,0.5158235,1,Medium Risk
45,56000,MORTGAGE,8.0,DEBTCONSOLIDATION,D,7000,16.29,0.13,Y,12,0.125,4666.666666666667,1.5,Middle Age,6-10 years,0,1,0.9828693,1,High Risk
33,45600,RENT,0.0,DEBTCONSOLIDATION,A,11200,5.79,0.25,N,8,0.24561403508771928,3800.0,2.9473684210526314,Adult,0-2 years,0,0,0.038568128,0,Low Risk
30,53208,MORTGAGE,5.0,EDUCATION,C,8500,,0.16,Y,5,0.1597504134716584,4434.0,1.9170049616599008,Adult,3-5 years,0,0,0.28906137,0,Low Risk
29,75000,MORTGAGE,7.0,EDUCATION,A,6125,,0.08,N,8,0.08166666666666667,6250.0,0.98,Adult,6-10 years,0,0,0.09492959,0,Low Risk
24,118300,RENT,1.0,PERSONAL,C,15000,12.68,0.13,N,4,0.12679628064243448,9858.333333333334,1.5215553677092137,Young,0-2 years,0,0,0.13832933,0,Low Risk
26,72500,RENT,1.0,VENTURE,B,10000,9.96,0.14,N,3,0.13793103448275862,6041.666666666667,1.6551724137931034,Adult,0-2 years,0,0,0.008408018,0,Low Risk
28,176608,MORTGAGE,1.0,VENTURE,C,21125,13.16,0.12,Y,5,0.1196151929697409,14717.333333333334,1.4353823156368908,Adult,0-2 years,0,0,0.10376242,0,Low Risk
23,54996,RENT,4.0,EDUCATION,B,16700,10.37,0.3,N,3,0.30365844788711904,4583.0,3.643901374645429,Young,3-5 years,1,0,0.5096917,1,Medium Risk
28,98400,MORTGAGE,12.0,VENTURE,D,20000,14.84,0.2,Y,9,0.2032520325203252,8200.0,2.4390243902439024,Adult,10+ years,0,0,0.3793001,0,Medium Risk
26,55000,RENT,3.0,VENTURE,C,5000,13.48,0.09,Y,4,0.09090909090909091,4583.333333333333,1.090909090909091,Adult,3-5 years,0,0,0.14133333,0,Low Risk
31,80000,MORTGAGE,4.0,HOMEIMPROVEMENT,C,16000,13.8,0.2,N,9,0.2,6666.666666666667,2.4,Adult,3-5 years,0,0,0.13788693,0,Low Risk
27,40000,RENT,0.0,MEDICAL,A,15000,6.91,0.38,N,10,0.375,3333.3333333333335,4.5,Adult,0-2 years,1,1,0.9896243,1,High Risk
23,58650,RENT,7.0,MEDICAL,C,15000,13.43,0.22,Y,4,0.2557544757033248,4887.5,3.0690537084398977,Young,6-10 years,0,1,0.50903326,1,Medium Risk
27,90000,RENT,3.0,DEBTCONSOLIDATION,A,10000,7.66,0.11,N,7,0.1111111111111111,7500.0,1.3333333333333333,Adult,3-5 years,0,0,0.044282656,0,Low Risk
27,10000,RENT,2.0,VENTURE,D,1200,14.11,0.12,Y,6,0.12,833.3333333333334,1.44,Adult,0-2 years,0,1,0.9717539,1,High Risk
26,122500,RENT,1.0,MEDICAL,B,10000,10.65,0.08,N,3,0.08163265306122448,10208.333333333334,0.9795918367346939,Adult,0-2 years,0,0,0.08641292,0,Low Risk
39,150000,MORTGAGE,9.0,EDUCATION,A,30000,8.9,0.2,N,15,0.2,12500.0,2.4,Middle Age,6-10 years,0,0,0.031586092,0,Low Risk
23,40308,MORTGAGE,1.0,MEDICAL,A,5000,7.68,0.12,N,3,0.12404485461943039,3359.0,1.4885382554331645,Young,0-2 years,0,0,0.06758609,0,Low Risk
32,112445,MORTGAGE,4.0,DEBTCONSOLIDATION,A,6000,5.42,0.05,N,10,0.053359420160967584,9370.416666666666,0.6403130419316111,Adult,3-5 years,0,0,0.0069921683,0,Low Risk
23,94940,MORTGAGE,4.0,VENTURE,A,2000,5.42,0.02,N,3,0.02106593638087213,7911.666666666667,0.25279123657046554,Young,3-5 years,0,0,0.0017361556,0,Low Risk
41,40000,RENT,3.0,PERSONAL,A,9200,7.49,0.23,N,13,0.23,3333.3333333333335,2.76,Middle Age,3-5 years,0,0,0.030676235,0,Low Risk
25,32000,RENT,1.0,DEBTCONSOLIDATION,A,1500,7.29,0.05,N,3,0.046875,2666.6666666666665,0.5625,Young,0-2 years,0,0,0.39396295,0,Medium Risk
22,77250,RENT,3.0,PERSONAL,B,4000,11.71,0.05,N,3,0.05177993527508091,6437.5,0.6213592233009708,Young,3-5 years,0,0,0.17187706,0,Low Risk
27,38000,RENT,0.0,MEDICAL,A,12000,6.62,0.32,N,10,0.3157894736842105,3166.6666666666665,3.7894736842105265,Adult,0-2 years,1,1,0.97853845,1,High Risk
27,48600,MORTGAGE,4.0,PERSONAL,D,10000,15.7,0.21,N,9,0.205761316872428,4050.0,2.4691358024691357,Adult,3-5 years,0,0,0.46900985,0,Medium Risk
28,42240,OWN,2.0,MEDICAL,B,12000,11.86,0.28,N,6,0.2840909090909091,3520.0,3.409090909090909,Adult,0-2 years,0,0,0.0032476487,0,Low Risk
34,120000,OWN,4.0,VENTURE,B,7800,10.99,0.07,N,9,0.065,10000.0,0.78,Adult,3-5 years,0,0,0.0005513776,0,Low Risk
24,140000,MORTGAGE,7.0,HOMEIMPROVEMENT,A,20000,6.54,0.14,N,4,0.14285714285714285,11666.666666666666,1.7142857142857144,Young,6-10 years,0,0,0.031828947,0,Low Risk
41,51000,MORTGAGE,10.0,HOMEIMPROVEMENT,A,14500,8.94,0.28,N,11,0.28431372549019607,4250.0,3.411764705882353,Middle Age,6-10 years,0,0,0.1491677,0,Low Risk
22,42000,RENT,6.0,DEBTCONSOLIDATION,A,10000,6.17,0.24,N,3,0.23809523809523808,3500.0,2.857142857142857,Young,6-10 years,0,0,0.1227767,0,Low Risk
21,13200,RENT,2.0,HOMEIMPROVEMENT,A,4000,6.39,0.3,N,3,0.30303030303030304,1100.0,3.6363636363636362,Young,0-2 years,1,1,0.99749786,1,High Risk
32,385000,MORTGAGE,3.0,VENTURE,A,19925,7.9,0.05,N,9,0.05175324675324675,32083.333333333332,0.6210389610389611,Adult,3-5 years,0,0,0.0030326305,0,Low Risk
24,87000,RENT,8.0,HOMEIMPROVEMENT,D,25000,14.84,0.29,N,3,0.28735632183908044,7250.0,3.4482758620689653,Young,6-10 years,0,0,0.6106527,1,High Risk
24,50000,RENT,1.0,PERSONAL,B,10000,11.71,0.2,N,2,0.2,4166.666666666667,2.4,Young,0-2 years,0,0,0.09391462,0,Low Risk
23,103000,MORTGAGE,1.0,PERSONAL,E,20000,17.04,0.19,N,2,0.1941747572815534,8583.333333333334,2.3300970873786406,Young,0-2 years,0,0,0.45424324,0,Medium Risk
23,62000,MORTGAGE,4.0,VENTURE,B,9600,9.2,0.15,N,2,0.15483870967741936,5166.666666666667,1.8580645161290321,Young,3-5 years,0,0,0.007894475,0,Low Risk
22,63000,MORTGAGE,2.0,MEDICAL,A,12000,7.66,0.19,N,3,0.19047619047619047,5250.0,2.2857142857142856,Young,0-2 years,0,0,0.07378862,0,Low Risk
32,30000,RENT,0.0,PERSONAL,B,3500,11.71,0.12,N,10,0.11666666666666667,2500.0,1.4,Adult,0-2 years,0,1,0.439602,0,Medium Risk
30,37200,MORTGAGE,0.0,MEDICAL,C,6600,13.49,0.18,N,9,0.1774193548387097,3100.0,2.129032258064516,Adult,0-2 years,0,0,0.2747518,0,Low Risk
23,30000,RENT,6.0,DEBTCONSOLIDATION,A,4800,7.49,0.16,N,4,0.16,2500.0,1.92,Young,6-10 years,0,0,0.2676932,0,Low Risk
24,75000,MORTGAGE,3.0,VENTURE,F,25000,19.74,0.33,N,4,0.3333333333333333,6250.0,4.0,Young,3-5 years,1,0,0.60312927,1,High Risk
28,59000,MORTGAGE,1.0,DEBTCONSOLIDATION,A,12000,9.63,0.2,N,10,0.2033898305084746,4916.666666666667,2.4406779661016946,Adult,0-2 years,0,1,0.41698894,0,Medium Risk
22,46976,OWN,5.0,PERSONAL,C,11000,14.26,0.23,Y,2,0.23416212534059946,3914.6666666666665,2.8099455040871937,Young,3-5 years,0,0,0.0029029327,0,Low Risk
21,28000,OWN,3.0,VENTURE,A,4000,7.88,0.14,N,3,0.14285714285714285,2333.3333333333335,1.7142857142857142,Young,3-5 years,0,0,0.00078959623,0,Low Risk
21,33996,RENT,1.0,PERSONAL,C,6000,12.53,0.18,Y,3,0.17649135192375573,2833.0,2.1178962230850686,Young,0-2 years,0,0,0.68130624,1,High Risk
24,67000,OWN,2.0,MEDICAL,B,16000,12.69,0.24,N,4,0.23880597014925373,5583.333333333333,2.865671641791045,Young,0-2 years,0,0,0.004105314,0,Low Risk
22,107000,MORTGAGE,6.0,HOMEIMPROVEMENT,E,24000,19.69,0.22,Y,4,0.22429906542056074,8916.666666666666,2.6915887850467293,Young,6-10 years,0,1,0.8643236,1,High Risk
22,80000,MORTGAGE,1.0,EDUCATION,A,2000,,0.03,N,4,0.025,6666.666666666667,0.3,Young,0-2 years,0,0,0.024635684,0,Low Risk
24,39000,MORTGAGE,,DEBTCONSOLIDATION,A,7000,7.49,0.18,N,3,0.1794871794871795,3250.0,2.1538461538461537,Young,,0,1,0.37483147,0,Medium Risk
29,120000,MORTGAGE,2.0,DEBTCONSOLIDATION,A,35000,8.9,0.29,N,6,0.2916666666666667,10000.0,3.5,Adult,0-2 years,0,0,0.037559472,0,Low Risk
31,40000,MORTGAGE,4.0,DEBTCONSOLIDATION,B,4625,12.42,0.12,N,5,0.115625,3333.3333333333335,1.3875,Adult,3-5 years,0,0,0.10571401,0,Low Risk
26,84996,RENT,0.0,MEDICAL,B,9000,11.26,0.11,N,2,0.1058873358746294,7083.0,1.2706480304955527,Adult,0-2 years,0,0,0.113025256,0,Low Risk
25,32000,RENT,2.0,MEDICAL,D,8575,15.62,0.27,N,2,0.26796875,2666.6666666666665,3.215625,Young,0-2 years,0,1,0.98540443,1,High Risk
27,100000,RENT,0.0,VENTURE,A,18000,7.88,0.18,N,5,0.18,8333.333333333334,2.1599999999999997,Adult,0-2 years,0,0,0.0033027534,0,Low Risk
27,51000,RENT,9.0,VENTURE,B,1600,10.59,0.03,N,6,0.03137254901960784,4250.0,0.3764705882352941,Adult,6-10 years,0,0,0.013355078,0,Low Risk
30,86000,MORTGAGE,7.0,DEBTCONSOLIDATION,B,10000,,0.12,N,10,0.11627906976744186,7166.666666666667,1.3953488372093024,Adult,6-10 years,0,0,0.14130989,0,Low Risk
23,46500,RENT,0.0,MEDICAL,D,8400,16.89,0.18,Y,3,0.18064516129032257,3875.0,2.167741935483871,Young,0-2 years,0,1,0.983412,1,High Risk
29,45000,RENT,8.0,MEDICAL,C,18250,14.27,0.41,N,6,0.40555555555555556,3750.0,4.866666666666666,Adult,6-10 years,1,1,0.9879936,1,High Risk
22,103000,MORTGAGE,6.0,PERSONAL,B,15000,9.63,0.15,N,4,0.14563106796116504,8583.333333333334,1.7475728155339805,Young,6-10 years,0,1,0.03524909,0,Low Risk
39,60000,MORTGAGE,20.0,MEDICAL,A,7000,7.68,0.12,N,15,0.11666666666666667,5000.0,1.4,Middle Age,10+ years,0,0,0.13180695,0,Low Risk
23,78000,MORTGAGE,1.0,EDUCATION,B,16000,11.89,0.21,N,3,0.20512820512820512,6500.0,2.4615384615384617,Young,0-2 years,0,0,0.362899,0,Medium Risk
23,38000,RENT,7.0,PERSONAL,B,12000,11.71,0.32,N,2,0.3157894736842105,3166.6666666666665,3.7894736842105265,Young,6-10 years,1,1,0.982261,1,High Risk
32,14400,RENT,7.0,PERSONAL,C,3000,13.98,0.21,Y,8,0.20833333333333334,1200.0,2.5,Adult,6-10 years,0,1,0.993582,1,High Risk
23,36000,MORTGAGE,7.0,EDUCATION,B,2000,11.49,0.06,N,2,0.05555555555555555,3000.0,0.6666666666666666,Young,6-10 years,0,0,0.27618653,0,Low Risk
27,90000,MORTGAGE,4.0,DEBTCONSOLIDATION,A,15000,,0.17,N,6,0.16666666666666666,7500.0,2.0,Adult,3-5 years,0,0,0.039789993,0,Low Risk
25,60500,OWN,6.0,PERSONAL,B,17000,12.42,0.28,N,2,0.2809917355371901,5041.666666666667,3.371900826446281,Young,6-10 years,0,0,0.0038099522,0,Low Risk
25,140000,MORTGAGE,9.0,PERSONAL,B,35000,10.59,0.25,N,4,0.25,11666.666666666666,3.0,Young,6-10 years,0,0,0.07508396,0,Low Risk
31,200000,MORTGAGE,1.0,MEDICAL,B,7800,9.63,0.04,N,5,0.039,16666.666666666668,0.46799999999999997,Adult,0-2 years,0,0,0.06589411,0,Low Risk
23,46000,RENT,2.0,EDUCATION,D,8000,11.86,0.17,N,3,0.17391304347826086,3833.3333333333335,2.0869565217391304,Young,0-2 years,0,1,0.88104045,1,High Risk
25,79000,OWN,9.0,VENTURE,B,14500,11.48,0.18,N,3,0.18354430379746836,6583.333333333333,2.2025316455696204,Young,6-10 years,0,0,0.0016097573,0,Low Risk
30,35000,MORTGAGE,,DEBTCONSOLIDATION,B,22750,10.62,0.65,N,10,0.65,2916.6666666666665,7.800000000000001,Adult,,1,0,0.21239077,0,Low Risk
32,74000,OWN,3.0,PERSONAL,B,5000,10.62,0.07,N,10,0.06756756756756757,6166.666666666667,0.8108108108108107,Adult,3-5 years,0,0,0.0062917774,0,Low Risk
46,116000,MORTGAGE,6.0,DEBTCONSOLIDATION,A,10000,6.03,0.09,N,15,0.08620689655172414,9666.666666666666,1.0344827586206897,Middle Age,6-10 years,0,0,0.0806798,0,Low Risk
24,54080,MORTGAGE,8.0,PERSONAL,A,8000,8.63,0.15,N,4,0.14792899408284024,4506.666666666667,1.7751479289940828,Young,6-10 years,0,0,0.15228578,0,Low Risk
23,29000,RENT,6.0,MEDICAL,D,7750,14.59,0.27,Y,3,0.2672413793103448,2416.6666666666665,3.2068965517241383,Young,6-10 years,0,1,0.9672405,1,High Risk
34,74000,MORTGAGE,10.0,EDUCATION,C,17000,14.27,0.23,Y,10,0.22972972972972974,6166.666666666667,2.7567567567567566,Adult,6-10 years,0,0,0.52988935,1,Medium Risk
22,48400,RENT,6.0,VENTURE,C,12000,14.65,0.25,Y,3,0.24793388429752067,4033.3333333333335,2.975206611570248,Young,6-10 years,0,1,0.30885574,0,Medium Risk
28,74000,MORTGAGE,6.0,VENTURE,E,7000,15.38,0.09,N,9,0.0945945945945946,6166.666666666667,1.135135135135135,Adult,6-10 years,0,1,0.5470796,1,Medium Risk
26,43873,OWN,,HOMEIMPROVEMENT,D,17500,16.32,0.4,N,3,0.39887858135983406,3656.0833333333335,4.7865429763180085,Adult,,1,0,0.119515754,0,Low Risk
28,60000,MORTGAGE,,PERSONAL,B,3500,10.25,0.06,N,10,0.058333333333333334,5000.0,0.7,Adult,,0,0,0.09350891,0,Low Risk
23,57996,RENT,1.0,MEDICAL,C,11650,13.47,0.2,N,2,0.20087592247741223,4833.0,2.4105110697289467,Young,0-2 years,0,0,0.2542349,0,Low Risk
23,28000,RENT,5.0,PERSONAL,B,6000,9.63,0.21,N,4,0.21428571428571427,2333.3333333333335,2.571428571428571,Young,3-5 years,0,0,0.30580685,0,Medium Risk
32,45000,RENT,3.0,PERSONAL,C,3000,12.61,0.07,N,7,0.06666666666666667,3750.0,0.8,Adult,3-5 years,0,0,0.10607735,0,Low Risk
28,37152,RENT,12.0,EDUCATION,D,2300,13.17,0.06,N,7,0.061907838070628766,3096.0,0.7428940568475452,Adult,10+ years,0,0,0.48860118,0,Medium Risk
43,65000,MORTGAGE,17.0,VENTURE,D,7200,16.29,0.11,N,17,0.11076923076923077,5416.666666666667,1.3292307692307692,Middle Age,10+ years,0,0,0.1489141,0,Low Risk
43,80000,MORTGAGE,3.0,VENTURE,A,9800,5.99,0.12,N,17,0.1225,6666.666666666667,1.47,Middle Age,3-5 years,0,0,0.0015489211,0,Low Risk
27,72000,RENT,3.0,DEBTCONSOLIDATION,D,25000,15.95,0.35,Y,6,0.3472222222222222,6000.0,4.166666666666667,Adult,3-5 years,1,1,0.9978078,1,High Risk
23,55000,OWN,6.0,VENTURE,C,18500,13.16,0.34,N,3,0.33636363636363636,4583.333333333333,4.036363636363637,Young,6-10 years,1,0,0.0055942815,0,Low Risk
29,98000,MORTGAGE,2.0,HOMEIMPROVEMENT,B,7925,10.59,0.08,N,9,0.08086734693877551,8166.666666666667,0.9704081632653061,Adult,0-2 years,0,1,0.16171777,0,Low Risk
38,98000,MORTGAGE,7.0,MEDICAL,B,12000,10.37,0.12,N,17,0.12244897959183673,8166.666666666667,1.4693877551020407,Middle Age,6-10 years,0,0,0.055289827,0,Low Risk
22,93218,MORTGAGE,5.0,MEDICAL,B,12000,11.49,0.13,N,3,0.12873050269261302,7768.166666666667,1.5447660323113561,Young,3-5 years,0,0,0.055194136,0,Low Risk
26,48000,RENT,4.0,MEDICAL,B,3000,10.14,0.06,N,3,0.0625,4000.0,0.75,Adult,3-5 years,0,0,0.18323867,0,Low Risk
21,60000,MORTGAGE,0.0,MEDICAL,C,10000,,0.17,Y,4,0.16666666666666666,5000.0,2.0,Young,0-2 years,0,0,0.10114118,0,Low Risk
29,46000,MORTGAGE,9.0,PERSONAL,A,4000,6.76,0.09,N,9,0.08695652173913043,3833.3333333333335,1.0434782608695652,Adult,6-10 years,0,0,0.13148394,0,Low Risk
22,31000,RENT,7.0,MEDICAL,D,9250,14.11,0.3,N,4,0.29838709677419356,2583.3333333333335,3.5806451612903225,Young,6-10 years,1,1,0.96564007,1,High Risk
42,57996,RENT,26.0,VENTURE,A,6000,8.59,0.1,N,12,0.10345541071798055,4833.0,1.2414649286157666,Middle Age,10+ years,0,0,0.009639736,0,Low Risk
28,72500,RENT,1.0,DEBTCONSOLIDATION,A,12000,7.49,0.17,N,6,0.16551724137931034,6041.666666666667,1.986206896551724,Adult,0-2 years,0,0,0.06656614,0,Low Risk
25,33000,RENT,0.0,DEBTCONSOLIDATION,A,1000,7.29,0.03,N,4,0.030303030303030304,2750.0,0.36363636363636365,Young,0-2 years,0,0,0.2564986,0,Low Risk
21,62316,MORTGAGE,5.0,MEDICAL,A,10000,7.66,0.16,N,4,0.1604724308363823,5193.0,1.9256691700365878,Young,3-5 years,0,0,0.091627255,0,Low Risk
23,54996,RENT,8.0,EDUCATION,D,15000,14.83,0.27,N,2,0.27274710888064585,4583.0,3.2729653065677504,Young,6-10 years,0,0,0.43602672,0,Medium Risk
26,300000,MORTGAGE,10.0,VENTURE,A,20000,7.88,0.07,N,4,0.06666666666666667,25000.0,0.8,Adult,6-10 years,0,0,0.0016409719,0,Low Risk
27,47000,RENT,3.0,VENTURE,D,25000,15.7,0.53,Y,10,0.5319148936170213,3916.6666666666665,6.382978723404255,Adult,3-5 years,1,1,0.9937902,1,High Risk
33,189000,MORTGAGE,5.0,DEBTCONSOLIDATION,A,20000,6.17,0.11,N,7,0.10582010582010581,15750.0,1.2698412698412698,Adult,3-5 years,0,0,0.07655313,0,Low Risk
22,70000,RENT,2.0,PERSONAL,A,3000,7.29,0.04,N,4,0.04285714285714286,5833.333333333333,0.5142857142857143,Young,0-2 years,0,0,0.040254362,0,Low Risk
27,110000,RENT,6.0,EDUCATION,C,16000,15.27,0.15,N,8,0.14545454545454545,9166.666666666666,1.7454545454545456,Adult,6-10 years,0,0,0.08123534,0,Low Risk
27,78000,MORTGAGE,0.0,HOMEIMPROVEMENT,A,5000,5.42,0.06,N,7,0.0641025641025641,6500.0,0.7692307692307693,Adult,0-2 years,0,0,0.16398343,0,Low Risk
49,15000,RENT,6.0,EDUCATION,B,2400,9.91,0.16,N,17,0.16,1250.0,1.92,Middle Age,6-10 years,0,1,0.986673,1,High Risk
24,31000,MORTGAGE,8.0,EDUCATION,A,5000,5.42,0.16,N,2,0.16129032258064516,2583.3333333333335,1.9354838709677418,Young,6-10 years,0,0,0.17889892,0,Low Risk
38,81000,MORTGAGE,0.0,EDUCATION,B,11000,10.36,0.14,N,14,0.13580246913580246,6750.0,1.6296296296296295,Middle Age,0-2 years,0,0,0.14040884,0,Low Risk
25,38014,MORTGAGE,4.0,HOMEIMPROVEMENT,A,10000,8.49,0.26,N,3,0.2630609775345925,3167.8333333333335,3.15673173041511,Young,3-5 years,0,0,0.24105722,0,Low Risk
23,130000,RENT,7.0,VENTURE,B,25000,11.49,0.19,N,4,0.19230769230769232,10833.333333333334,2.3076923076923075,Young,6-10 years,0,0,0.011824855,0,Low Risk
28,75000,MORTGAGE,5.0,VENTURE,B,10000,12.21,0.13,N,5,0.13333333333333333,6250.0,1.6,Adult,3-5 years,0,0,0.01096378,0,Low Risk
26,87500,OTHER,3.0,VENTURE,D,7500,15.05,0.09,Y,2,0.08571428571428572,7291.666666666667,1.0285714285714285,Adult,3-5 years,0,0,0.24467695,0,Low Risk
21,38000,RENT,5.0,EDUCATION,B,12000,10.37,0.32,N,4,0.3157894736842105,3166.6666666666665,3.7894736842105265,Young,3-5 years,1,1,0.9752607,1,High Risk
22,60612,MORTGAGE,6.0,PERSONAL,B,5300,,0.09,N,4,0.0874414307397875,5051.0,1.04929716887745,Young,6-10 years,0,0,0.13012716,0,Low Risk
28,95000,MORTGAGE,12.0,EDUCATION,B,35000,9.63,0.37,N,5,0.3684210526315789,7916.666666666667,4.421052631578947,Adult,10+ years,1,0,0.1361204,0,Low Risk
38,50000,RENT,5.0,PERSONAL,C,10000,,0.2,N,13,0.2,4166.666666666667,2.4,Middle Age,3-5 years,0,0,0.062232688,0,Low Risk
34,66996,RENT,4.0,DEBTCONSOLIDATION,D,13000,15.2,0.19,Y,9,0.19404143530957071,5583.0,2.3284972237148485,Adult,3-5 years,0,1,0.9811569,1,High Risk
26,100000,MORTGAGE,5.0,DEBTCONSOLIDATION,B,24000,10.99,0.24,N,4,0.24,8333.333333333334,2.88,Adult,3-5 years,0,0,0.13379534,0,Low Risk
26,108000,MORTGAGE,4.0,PERSONAL,A,9000,5.79,0.08,N,2,0.08333333333333333,9000.0,1.0,Adult,3-5 years,0,0,0.015488015,0,Low Risk
22,36000,OWN,6.0,EDUCATION,D,12000,15.21,0.33,Y,3,0.3333333333333333,3000.0,4.0,Young,6-10 years,1,0,0.0060006883,0,Low Risk
30,75000,RENT,2.0,MEDICAL,C,6000,12.68,0.08,N,8,0.08,6250.0,0.96,Adult,0-2 years,0,0,0.09619643,0,Low Risk
29,24996,OWN,2.0,VENTURE,B,8000,9.99,0.32,N,7,0.32005120819331095,2083.0,3.8406144983197312,Adult,0-2 years,1,0,0.0015274392,0,Low Risk
30,145000,MORTGAGE,4.0,DEBTCONSOLIDATION,B,6000,10.59,0.04,N,8,0.041379310344827586,12083.333333333334,0.496551724137931,Adult,3-5 years,0,0,0.12701587,0,Low Risk
27,60000,RENT,2.0,HOMEIMPROVEMENT,D,5000,15.21,0.08,Y,9,0.08333333333333333,5000.0,1.0,Adult,0-2 years,0,1,0.86772096,1,High Risk
25,52000,RENT,2.0,VENTURE,C,6000,12.87,0.12,Y,4,0.11538461538461539,4333.333333333333,1.3846153846153848,Young,0-2 years,0,0,0.21876785,0,Low Risk
22,70000,MORTGAGE,2.0,DEBTCONSOLIDATION,A,6000,5.42,0.09,N,2,0.08571428571428572,5833.333333333333,1.0285714285714287,Young,0-2 years,0,0,0.046786983,0,Low Risk
40,54400,MORTGAGE,16.0,MEDICAL,F,25000,18.09,0.39,N,12,0.45955882352941174,4533.333333333333,5.514705882352941,Middle Age,10+ years,1,1,0.9796928,1,High Risk
33,53000,RENT,2.0,EDUCATION,A,10000,8.94,0.19,N,9,0.18867924528301888,4416.666666666667,2.2641509433962264,Adult,0-2 years,0,0,0.11903838,0,Low Risk
25,80000,OWN,6.0,EDUCATION,B,25000,11.48,0.31,N,4,0.3125,6666.666666666667,3.75,Young,6-10 years,1,0,0.005157675,0,Low Risk
24,72000,MORTGAGE,8.0,PERSONAL,A,5000,6.03,0.07,N,4,0.06944444444444445,6000.0,0.8333333333333334,Young,6-10 years,0,0,0.040797554,0,Low Risk
26,25000,MORTGAGE,1.0,VENTURE,C,12000,12.09,0.48,N,2,0.48,2083.3333333333335,5.76,Adult,0-2 years,1,1,0.7193532,1,High Risk
23,21000,RENT,6.0,DEBTCONSOLIDATION,A,7500,6.91,0.36,N,4,0.35714285714285715,1750.0,4.285714285714286,Young,6-10 years,1,1,0.99087757,1,High Risk
25,25716,RENT,1.0,MEDICAL,A,9250,6.54,0.36,N,2,0.3596982423393996,2143.0,4.316378908072795,Young,0-2 years,1,1,0.9938135,1,High Risk
24,62000,MORTGAGE,7.0,PERSONAL,A,6200,,0.1,N,2,0.1,5166.666666666667,1.2,Young,6-10 years,0,0,0.09508955,0,Low Risk
22,26880,RENT,2.0,DEBTCONSOLIDATION,B,1600,11.12,0.06,N,2,0.05952380952380952,2240.0,0.7142857142857143,Young,0-2 years,0,0,0.45061734,0,Medium Risk
30,64600,MORTGAGE,8.0,MEDICAL,D,8000,15.99,0.11,Y,6,0.1238390092879257,5383.333333333333,1.4860681114551084,Adult,6-10 years,0,1,0.965168,1,High Risk
27,82000,MORTGAGE,3.0,VENTURE,A,10000,6.92,0.12,N,9,0.12195121951219512,6833.333333333333,1.4634146341463414,Adult,3-5 years,0,0,0.003300996,0,Low Risk
27,53000,MORTGAGE,6.0,VENTURE,A,5000,,0.09,N,7,0.09433962264150944,4416.666666666667,1.1320754716981132,Adult,6-10 years,0,0,0.019917568,0,Low Risk
34,57912,MORTGAGE,7.0,VENTURE,A,5600,5.42,0.1,N,8,0.09669843901091311,4826.0,1.1603812681309573,Adult,6-10 years,0,0,0.004454157,0,Low Risk
24,52000,MORTGAGE,8.0,EDUCATION,A,3000,7.66,0.06,N,4,0.057692307692307696,4333.333333333333,0.6923076923076924,Young,6-10 years,0,0,0.13826498,0,Low Risk
21,39000,RENT,4.0,EDUCATION,B,6000,10.38,0.15,N,3,0.15384615384615385,3250.0,1.8461538461538463,Young,3-5 years,0,0,0.3615226,0,Medium Risk
24,50000,RENT,2.0,VENTURE,C,4800,13.22,0.1,N,4,0.096,4166.666666666667,1.152,Young,0-2 years,0,0,0.10893852,0,Low Risk
27,48000,RENT,7.0,EDUCATION,A,9800,8.59,0.2,N,5,0.20416666666666666,4000.0,2.45,Adult,6-10 years,0,0,0.20743713,0,Low Risk
26,27983,MORTGAGE,7.0,DEBTCONSOLIDATION,A,6000,7.88,0.21,N,3,0.21441589536504307,2331.9166666666665,2.572990744380517,Adult,6-10 years,0,0,0.2133118,0,Low Risk
35,30000,RENT,3.0,EDUCATION,B,8000,,0.27,N,6,0.26666666666666666,2500.0,3.2,Adult,3-5 years,0,0,0.3941769,0,Medium Risk
36,280000,RENT,3.0,DEBTCONSOLIDATION,C,5000,14.26,0.02,N,16,0.017857142857142856,23333.333333333332,0.2142857142857143,Middle Age,3-5 years,0,0,0.11617353,0,Low Risk
23,170000,RENT,7.0,PERSONAL,B,12000,11.11,0.07,N,2,0.07058823529411765,14166.666666666666,0.8470588235294118,Young,6-10 years,0,0,0.06293128,0,Low Risk
24,55000,MORTGAGE,2.0,HOMEIMPROVEMENT,A,8000,8.0,0.15,N,2,0.14545454545454545,4583.333333333333,1.7454545454545456,Young,0-2 years,0,0,0.11130418,0,Low Risk
33,53000,RENT,13.0,EDUCATION,C,10000,15.96,0.19,N,9,0.18867924528301888,4416.666666666667,2.2641509433962264,Adult,10+ years,0,0,0.42742434,0,Medium Risk
28,28080,RENT,0.0,DEBTCONSOLIDATION,A,12000,7.88,0.43,N,5,0.42735042735042733,2340.0,5.128205128205129,Adult,0-2 years,1,1,0.99482995,1,High Risk
35,90000,RENT,15.0,PERSONAL,B,7000,11.71,0.08,N,9,0.07777777777777778,7500.0,0.9333333333333333,Adult,10+ years,0,0,0.102843046,0,Low Risk
23,10000,RENT,1.0,VENTURE,B,2100,12.21,0.21,N,3,0.21,833.3333333333334,2.52,Young,0-2 years,0,1,0.98537713,1,High Risk
37,30000,RENT,6.0,MEDICAL,B,6500,10.37,0.22,N,11,0.21666666666666667,2500.0,2.6,Middle Age,6-10 years,0,0,0.22536059,0,Low Risk
24,45000,RENT,5.0,EDUCATION,A,1000,7.4,0.02,N,3,0.022222222222222223,3750.0,0.26666666666666666,Young,3-5 years,0,0,0.07495452,0,Low Risk
28,42000,MORTGAGE,13.0,PERSONAL,D,8500,14.96,0.2,N,10,0.20238095238095238,3500.0,2.4285714285714284,Adult,10+ years,0,0,0.4638385,0,Medium Risk
24,60000,MORTGAGE,8.0,MEDICAL,A,13000,7.29,0.22,N,2,0.21666666666666667,5000.0,2.6,Young,6-10 years,0,0,0.07501537,0,Low Risk
31,24000,OWN,1.0,HOMEIMPROVEMENT,A,1200,8.94,0.05,N,5,0.05,2000.0,0.6,Adult,0-2 years,0,0,0.008704873,0,Low Risk
23,75000,RENT,4.0,MEDICAL,A,12000,6.03,0.16,N,3,0.16,6250.0,1.92,Young,3-5 years,0,0,0.01562969,0,Low Risk
25,53000,MORTGAGE,4.0,EDUCATION,A,6000,6.62,0.11,N,2,0.11320754716981132,4416.666666666667,1.3584905660377358,Young,3-5 years,0,0,0.09582869,0,Low Risk
25,90996,RENT,5.0,MEDICAL,C,14000,12.23,0.15,N,2,0.1538529166117192,7583.0,1.8462349993406304,Young,3-5 years,0,0,0.073457375,0,Low Risk
42,26568,RENT,6.0,PERSONAL,B,2500,10.37,0.09,N,14,0.09409816320385427,2214.0,1.1291779584462511,Middle Age,6-10 years,0,0,0.35906163,0,Medium Risk
23,50000,MORTGAGE,3.0,VENTURE,C,7000,13.48,0.14,Y,2,0.14,4166.666666666667,1.68,Young,3-5 years,0,0,0.112984754,0,Low Risk
24,65000,MORTGAGE,1.0,EDUCATION,A,8500,7.51,0.13,N,2,0.13076923076923078,5416.666666666667,1.5692307692307692,Young,0-2 years,0,0,0.048063796,0,Low Risk
25,52000,MORTGAGE,9.0,HOMEIMPROVEMENT,A,24500,6.17,0.47,N,3,0.47115384615384615,4333.333333333333,5.653846153846154,Young,6-10 years,1,0,0.2274441,0,Low Risk
24,35200,RENT,1.0,MEDICAL,D,4000,16.0,0.11,Y,3,0.11363636363636363,2933.3333333333335,1.3636363636363635,Young,0-2 years,0,1,0.9745421,1,High Risk
28,31000,RENT,3.0,PERSONAL,D,6000,15.33,0.19,N,9,0.1935483870967742,2583.3333333333335,2.32258064516129,Adult,3-5 years,0,0,0.7237934,1,High Risk
64,105000,RENT,8.0,HOMEIMPROVEMENT,E,20000,18.64,0.19,N,30,0.19047619047619047,8750.0,2.2857142857142856,Senior,6-10 years,0,0,0.45294183,0,Medium Risk
33,43000,RENT,1.0,EDUCATION,C,9150,13.16,0.21,Y,10,0.2127906976744186,3583.3333333333335,2.5534883720930233,Adult,0-2 years,0,0,0.2470171,0,Low Risk
24,26000,RENT,0.0,PERSONAL,E,4200,16.0,0.16,N,2,0.16153846153846155,2166.6666666666665,1.9384615384615387,Young,0-2 years,0,1,0.96902466,1,High Risk
24,37200,RENT,4.0,MEDICAL,D,10000,12.92,0.27,Y,4,0.26881720430107525,3100.0,3.225806451612903,Young,3-5 years,0,0,0.82604927,1,High Risk
27,45000,RENT,2.0,PERSONAL,B,2700,9.91,0.06,N,6,0.06,3750.0,0.72,Adult,0-2 years,0,0,0.10319178,0,Low Risk
23,90000,RENT,3.0,PERSONAL,B,6000,10.25,0.07,N,3,0.06666666666666667,7500.0,0.8,Young,3-5 years,0,0,0.053124174,0,Low Risk
23,58000,RENT,1.0,VENTURE,B,4000,10.74,0.07,N,2,0.06896551724137931,4833.333333333333,0.8275862068965518,Young,0-2 years,0,0,0.017379362,0,Low Risk
22,25000,RENT,2.0,PERSONAL,C,7000,13.85,0.28,Y,3,0.28,2083.3333333333335,3.36,Young,0-2 years,0,0,0.35185775,0,Medium Risk
32,25200,OWN,17.0,MEDICAL,A,4000,6.54,0.16,N,6,0.15873015873015872,2100.0,1.9047619047619047,Adult,10+ years,0,0,0.004258607,0,Low Risk
27,63000,MORTGAGE,12.0,PERSONAL,A,18000,7.49,0.29,N,9,0.2857142857142857,5250.0,3.4285714285714284,Adult,10+ years,0,0,0.18924253,0,Low Risk
27,55000,RENT,11.0,HOMEIMPROVEMENT,A,8000,7.29,0.15,N,9,0.14545454545454545,4583.333333333333,1.7454545454545456,Adult,10+ years,0,0,0.19346188,0,Low Risk
24,425000,MORTGAGE,8.0,EDUCATION,A,10000,7.88,0.02,N,2,0.023529411764705882,35416.666666666664,0.2823529411764706,Young,6-10 years,0,0,0.02665811,0,Low Risk
24,16020,OWN,3.0,VENTURE,E,3625,17.14,0.23,Y,2,0.2262796504369538,1335.0,2.715355805243446,Young,3-5 years,0,1,0.9883497,1,High Risk
26,72000,RENT,8.0,PERSONAL,A,7000,9.32,0.1,N,2,0.09722222222222222,6000.0,1.1666666666666667,Adult,6-10 years,0,0,0.11076771,0,Low Risk
23,120000,MORTGAGE,7.0,EDUCATION,B,18225,,0.15,N,3,0.151875,10000.0,1.8225,Young,6-10 years,0,0,0.047586963,0,Low Risk
46,70000,MORTGAGE,5.0,PERSONAL,A,8000,7.29,0.11,N,13,0.11428571428571428,5833.333333333333,1.3714285714285714,Middle Age,3-5 years,0,0,0.04270853,0,Low Risk
22,29004,MORTGAGE,6.0,EDUCATION,A,2500,6.91,0.09,N,3,0.08619500758516067,2417.0,1.034340091021928,Young,6-10 years,0,0,0.31910133,0,Medium Risk
25,74000,RENT,3.0,VENTURE,F,10000,18.43,0.14,Y,3,0.13513513513513514,6166.666666666667,1.6216216216216215,Young,3-5 years,0,1,0.5036236,1,Medium Risk
27,81000,RENT,0.0,VENTURE,A,6000,7.14,0.07,N,9,0.07407407407407407,6750.0,0.8888888888888888,Adult,0-2 years,0,0,0.008568119,0,Low Risk
28,38700,RENT,8.0,VENTURE,B,3600,11.12,0.09,N,7,0.09302325581395349,3225.0,1.1162790697674418,Adult,6-10 years,0,0,0.017293133,0,Low Risk
29,32997,RENT,7.0,DEBTCONSOLIDATION,A,10000,5.79,0.3,N,7,0.3030578537442798,2749.75,3.6366942449313573,Adult,6-10 years,1,0,0.1420133,0,Low Risk
22,40000,RENT,2.0,EDUCATION,A,10000,7.14,0.25,N,3,0.25,3333.3333333333335,3.0,Young,0-2 years,0,0,0.04896594,0,Low Risk
26,71004,RENT,0.0,HOMEIMPROVEMENT,D,20000,13.36,0.28,Y,2,0.2816742718720072,5917.0,3.3800912624640866,Adult,0-2 years,0,1,0.93522364,1,High Risk
31,120000,MORTGAGE,6.0,DEBTCONSOLIDATION,A,28000,8.9,0.23,N,6,0.23333333333333334,10000.0,2.8,Adult,6-10 years,0,0,0.0645054,0,Low Risk
23,80607,RENT,2.0,MEDICAL,B,6000,12.21,0.07,N,2,0.07443522274740408,6717.25,0.8932226729688488,Young,0-2 years,0,0,0.13034424,0,Low Risk
25,155000,MORTGAGE,8.0,PERSONAL,C,10000,13.06,0.06,Y,3,0.06451612903225806,12916.666666666666,0.7741935483870969,Young,6-10 years,0,0,0.094739586,0,Low Risk
27,47400,MORTGAGE,,HOMEIMPROVEMENT,A,13500,6.17,0.28,N,9,0.2848101265822785,3950.0,3.4177215189873418,Adult,,0,0,0.15791212,0,Low Risk
23,100000,MORTGAGE,5.0,DEBTCONSOLIDATION,C,15000,11.34,0.15,Y,2,0.15,8333.333333333334,1.7999999999999998,Young,3-5 years,0,0,0.08188632,0,Low Risk
33,31000,MORTGAGE,2.0,PERSONAL,B,13000,10.74,0.42,N,6,0.41935483870967744,2583.3333333333335,5.032258064516129,Adult,0-2 years,1,1,0.4343511,0,Medium Risk
28,43000,MORTGAGE,4.0,MEDICAL,A,13800,6.91,0.32,N,6,0.3209302325581395,3583.3333333333335,3.8511627906976744,Adult,3-5 years,1,0,0.2300965,0,Low Risk
28,31800,RENT,2.0,VENTURE,E,6400,16.82,0.2,Y,5,0.20125786163522014,2650.0,2.4150943396226414,Adult,0-2 years,0,1,0.9681221,1,High Risk
33,85000,RENT,0.0,PERSONAL,B,10000,,0.12,N,5,0.11764705882352941,7083.333333333333,1.411764705882353,Adult,0-2 years,0,0,0.08858752,0,Low Risk
26,27000,RENT,0.0,VENTURE,B,8000,11.11,0.3,N,4,0.2962962962962963,2250.0,3.5555555555555554,Adult,0-2 years,1,0,0.057705067,0,Low Risk
35,110000,RENT,2.0,VENTURE,B,11500,11.49,0.1,N,10,0.10454545454545454,9166.666666666666,1.2545454545454546,Adult,0-2 years,0,0,0.014084595,0,Low Risk
24,57655,MORTGAGE,7.0,MEDICAL,D,9925,15.58,0.17,N,2,0.17214465354262423,4804.583333333333,2.065735842511491,Young,6-10 years,0,1,0.95102024,1,High Risk
25,48996,RENT,9.0,EDUCATION,A,11000,7.88,0.22,N,2,0.22450812311209078,4083.0,2.6940974773450894,Young,6-10 years,0,0,0.2113615,0,Low Risk
29,38004,RENT,2.0,PERSONAL,C,1500,12.53,0.04,Y,7,0.039469529523208084,3167.0,0.473634354278497,Adult,0-2 years,0,1,0.29303604,0,Low Risk
30,90000,RENT,4.0,EDUCATION,E,10000,14.18,0.11,Y,10,0.1111111111111111,7500.0,1.3333333333333333,Adult,3-5 years,0,0,0.22238897,0,Low Risk
25,31000,RENT,1.0,HOMEIMPROVEMENT,B,3000,,0.1,N,4,0.0967741935483871,2583.3333333333335,1.161290322580645,Young,0-2 years,0,1,0.93813324,1,High Risk
22,62900,MORTGAGE,6.0,MEDICAL,E,12000,16.35,0.16,Y,2,0.1907790143084261,5241.666666666667,2.289348171701113,Young,6-10 years,0,1,0.95097077,1,High Risk
26,24000,MORTGAGE,1.0,HOMEIMPROVEMENT,B,6000,10.99,0.25,N,4,0.25,2000.0,3.0,Adult,0-2 years,0,0,0.51386523,1,Medium Risk
28,128000,MORTGAGE,11.0,DEBTCONSOLIDATION,G,14400,22.11,0.11,Y,8,0.1125,10666.666666666666,1.35,Adult,10+ years,0,1,0.99780315,1,High Risk
29,130000,MORTGAGE,13.0,VENTURE,A,17500,8.94,0.13,N,9,0.1346153846153846,10833.333333333334,1.6153846153846152,Adult,10+ years,0,0,0.005044095,0,Low Risk
28,40000,RENT,0.0,MEDICAL,C,5600,13.49,0.14,N,8,0.14,3333.3333333333335,1.68,Adult,0-2 years,0,0,0.1020255,0,Low Risk
23,37700,MORTGAGE,4.0,EDUCATION,D,8000,15.62,0.21,Y,3,0.21220159151193635,3141.6666666666665,2.5464190981432364,Young,3-5 years,0,0,0.35196388,0,Medium Risk
28,80000,RENT,12.0,EDUCATION,D,35000,15.62,0.44,N,10,0.4375,6666.666666666667,5.25,Adult,10+ years,1,1,0.98534286,1,High Risk
21,12000,RENT,3.0,VENTURE,B,1600,10.59,0.13,N,2,0.13333333333333333,1000.0,1.6,Young,3-5 years,0,0,0.0805606,0,Low Risk
22,18000,OWN,1.0,EDUCATION,D,5400,15.31,0.3,Y,4,0.3,1500.0,3.6,Young,0-2 years,1,1,0.993193,1,High Risk
22,24000,RENT,0.0,PERSONAL,E,1500,18.79,0.06,Y,4,0.0625,2000.0,0.75,Young,0-2 years,0,1,0.9568394,1,High Risk
41,95000,OWN,2.0,MEDICAL,C,21600,13.92,0.23,Y,12,0.22736842105263158,7916.666666666667,2.7284210526315786,Middle Age,0-2 years,0,0,0.008412325,0,Low Risk
21,42000,RENT,5.0,MEDICAL,B,2500,9.99,0.06,N,2,0.05952380952380952,3500.0,0.7142857142857143,Young,3-5 years,0,0,0.2652081,0,Low Risk
26,80000,MORTGAGE,3.0,EDUCATION,A,18000,5.79,0.23,N,4,0.225,6666.666666666667,2.6999999999999997,Adult,3-5 years,0,0,0.055736825,0,Low Risk
25,53000,OWN,4.0,HOMEIMPROVEMENT,B,7200,9.91,0.14,N,3,0.13584905660377358,4416.666666666667,1.6301886792452829,Young,3-5 years,0,0,0.0071127117,0,Low Risk
27,90000,RENT,11.0,PERSONAL,B,15600,12.69,0.17,N,9,0.17333333333333334,7500.0,2.08,Adult,10+ years,0,0,0.08372564,0,Low Risk
23,85000,MORTGAGE,3.0,EDUCATION,B,15000,10.0,0.18,N,2,0.17647058823529413,7083.333333333333,2.1176470588235294,Young,3-5 years,0,0,0.10005625,0,Low Risk
65,45900,RENT,2.0,EDUCATION,C,10000,,0.22,Y,19,0.2178649237472767,3825.0,2.6143790849673203,Senior,0-2 years,0,0,0.13019954,0,Low Risk
34,38000,OWN,1.0,VENTURE,A,10000,8.94,0.26,N,6,0.2631578947368421,3166.6666666666665,3.1578947368421053,Adult,0-2 years,0,0,0.0006650276,0,Low Risk
22,26400,RENT,3.0,PERSONAL,B,10000,9.88,0.38,N,2,0.3787878787878788,2200.0,4.545454545454546,Young,3-5 years,1,1,0.99524754,1,High Risk
24,104000,MORTGAGE,8.0,EDUCATION,C,25000,12.84,0.24,N,2,0.2403846153846154,8666.666666666666,2.884615384615385,Young,6-10 years,0,0,0.14678611,0,Low Risk
27,50000,RENT,7.0,DEBTCONSOLIDATION,C,5000,13.61,0.1,Y,8,0.1,4166.666666666667,1.2,Adult,6-10 years,0,0,0.14901401,0,Low Risk
22,13200,RENT,0.0,VENTURE,B,2500,9.91,0.19,N,4,0.1893939393939394,1100.0,2.272727272727273,Young,0-2 years,0,1,0.98407704,1,High Risk
24,44000,RENT,2.0,EDUCATION,C,5000,15.23,0.11,N,2,0.11363636363636363,3666.6666666666665,1.3636363636363638,Young,0-2 years,0,1,0.6780103,1,High Risk
26,35000,MORTGAGE,1.0,VENTURE,A,3000,6.76,0.09,N,3,0.08571428571428572,2916.6666666666665,1.0285714285714287,Adult,0-2 years,0,0,0.005436892,0,Low Risk
26,42000,RENT,2.0,VENTURE,C,5000,11.91,0.12,Y,4,0.11904761904761904,3500.0,1.4285714285714286,Adult,0-2 years,0,0,0.3736525,0,Medium Risk
23,160000,MORTGAGE,2.0,EDUCATION,D,25000,15.65,0.16,Y,2,0.15625,13333.333333333334,1.875,Young,0-2 years,0,0,0.25023898,0,Low Risk
22,24996,OWN,2.0,PERSONAL,B,13000,8.88,0.52,N,4,0.5200832133141302,2083.0,6.240998559769563,Young,0-2 years,1,0,0.011280828,0,Low Risk
24,26000,RENT,2.0,HOMEIMPROVEMENT,D,6200,14.11,0.24,N,4,0.23846153846153847,2166.6666666666665,2.8615384615384616,Young,0-2 years,0,1,0.98960423,1,High Risk
26,30000,RENT,3.0,EDUCATION,C,8000,12.61,0.27,Y,4,0.26666666666666666,2500.0,3.2,Adult,3-5 years,0,0,0.48126087,0,Medium Risk
23,65000,RENT,6.0,PERSONAL,A,8000,9.32,0.12,N,3,0.12307692307692308,5416.666666666667,1.4769230769230768,Young,6-10 years,0,0,0.108867235,0,Low Risk
21,30000,MORTGAGE,5.0,VENTURE,B,6400,,0.21,N,3,0.21333333333333335,2500.0,2.56,Young,3-5 years,0,0,0.050645847,0,Low Risk
28,60000,RENT,2.0,DEBTCONSOLIDATION,B,3000,11.49,0.05,N,5,0.05,5000.0,0.6,Adult,0-2 years,0,0,0.11332885,0,Low Risk
24,26000,RENT,6.0,PERSONAL,B,10000,10.99,0.38,N,4,0.38461538461538464,2166.6666666666665,4.615384615384616,Young,6-10 years,1,1,0.99467236,1,High Risk
30,60000,OWN,3.0,HOMEIMPROVEMENT,A,21000,7.9,0.35,N,5,0.35,5000.0,4.2,Adult,3-5 years,1,0,0.0059112594,0,Low Risk
42,75000,RENT,6.0,MEDICAL,A,17000,7.9,0.23,N,15,0.22666666666666666,6250.0,2.72,Middle Age,6-10 years,0,0,0.04482298,0,Low Risk
30,340000,MORTGAGE,2.0,HOMEIMPROVEMENT,F,25000,18.3,0.07,N,8,0.07352941176470588,28333.333333333332,0.8823529411764707,Adult,0-2 years,0,0,0.5939565,1,Medium Risk
22,64000,MORTGAGE,6.0,VENTURE,C,15000,13.23,0.23,Y,3,0.234375,5333.333333333333,2.8125,Young,6-10 years,0,0,0.31672016,0,Medium Risk
22,75000,MORTGAGE,4.0,VENTURE,A,9000,6.99,0.12,N,3,0.12,6250.0,1.44,Young,3-5 years,0,0,0.0031194077,0,Low Risk
23,48562,RENT,4.0,VENTURE,A,3500,8.0,0.07,N,2,0.07207281413450846,4046.8333333333335,0.8648737696141016,Young,3-5 years,0,0,0.014175991,0,Low Risk
25,79000,MORTGAGE,0.0,PERSONAL,A,9000,6.76,0.11,N,4,0.11392405063291139,6583.333333333333,1.3670886075949367,Young,0-2 years,0,0,0.093987316,0,Low Risk
31,38000,OWN,5.0,VENTURE,B,14000,9.91,0.37,N,5,0.3684210526315789,3166.6666666666665,4.421052631578948,Adult,3-5 years,1,0,0.0016374096,0,Low Risk
27,60000,RENT,11.0,MEDICAL,C,17000,,0.28,N,10,0.2833333333333333,5000.0,3.4,Adult,10+ years,0,0,0.22734873,0,Low Risk
46,105000,RENT,4.0,EDUCATION,A,6000,7.14,0.06,N,16,0.05714285714285714,8750.0,0.6857142857142857,Middle Age,3-5 years,0,0,0.011764974,0,Low Risk
23,36000,MORTGAGE,7.0,VENTURE,C,4800,13.06,0.13,Y,2,0.13333333333333333,3000.0,1.6,Young,6-10 years,0,0,0.3504451,0,Medium Risk
28,60000,MORTGAGE,2.0,EDUCATION,A,6000,5.99,0.1,N,8,0.1,5000.0,1.2,Adult,0-2 years,0,0,0.039781116,0,Low Risk
30,39996,MORTGAGE,8.0,MEDICAL,C,10000,12.73,0.25,N,6,0.25002500250025,3333.0,3.0003000300030003,Adult,6-10 years,0,0,0.215016,0,Low Risk
33,33996,MORTGAGE,4.0,PERSONAL,A,10000,,0.29,N,10,0.29415225320625954,2833.0,3.5298270384751147,Adult,3-5 years,0,0,0.51636446,1,Medium Risk
26,260000,OWN,10.0,HOMEIMPROVEMENT,B,28000,10.99,0.11,N,3,0.1076923076923077,21666.666666666668,1.2923076923076922,Adult,6-10 years,0,0,0.008193887,0,Low Risk
29,85000,MORTGAGE,14.0,VENTURE,B,7500,11.49,0.09,N,10,0.08823529411764706,7083.333333333333,1.0588235294117647,Adult,10+ years,0,0,0.012047762,0,Low Risk
22,96000,MORTGAGE,4.0,EDUCATION,B,5500,12.69,0.06,N,3,0.057291666666666664,8000.0,0.6875,Young,3-5 years,0,0,0.034162786,0,Low Risk
29,30000,MORTGAGE,3.0,HOMEIMPROVEMENT,A,6000,5.79,0.2,N,6,0.2,2500.0,2.4,Adult,3-5 years,0,0,0.3852239,0,Medium Risk
39,37200,RENT,1.0,EDUCATION,C,5000,15.62,0.13,N,15,0.13440860215053763,3100.0,1.6129032258064515,Middle Age,0-2 years,0,1,0.4780635,0,Medium Risk
26,100000,RENT,0.0,PERSONAL,A,13500,7.14,0.14,N,3,0.135,8333.333333333334,1.6199999999999999,Adult,0-2 years,0,0,0.02398522,0,Low Risk
27,20000,RENT,,MEDICAL,D,7000,,0.35,N,5,0.35,1666.6666666666667,4.2,Adult,,1,1,0.992473,1,High Risk
26,155142,MORTGAGE,6.0,HOMEIMPROVEMENT,D,23000,18.25,0.15,N,2,0.14825127947299893,12928.5,1.7790153536759872,Adult,6-10 years,0,0,0.33984062,0,Medium Risk
22,71004,RENT,6.0,EDUCATION,B,1800,11.12,0.03,N,4,0.02535068446848065,5917.0,0.3042082136217678,Young,6-10 years,0,0,0.078999385,0,Low Risk
31,82656,OTHER,10.0,DEBTCONSOLIDATION,C,6000,12.09,0.07,Y,9,0.07259001161440186,6888.0,0.8710801393728222,Adult,6-10 years,0,0,0.3016375,0,Medium Risk
32,48000,RENT,8.0,DEBTCONSOLIDATION,C,5000,11.97,0.1,Y,10,0.10416666666666667,4000.0,1.25,Adult,6-10 years,0,0,0.3596606,0,Medium Risk
26,69000,MORTGAGE,4.0,VENTURE,D,16000,15.7,0.23,N,4,0.2318840579710145,5750.0,2.782608695652174,Adult,3-5 years,0,0,0.5896716,1,Medium Risk
25,41000,RENT,3.0,PERSONAL,B,8000,10.99,0.2,N,2,0.1951219512195122,3416.6666666666665,2.3414634146341466,Young,3-5 years,0,0,0.2295351,0,Low Risk
30,105000,MORTGAGE,0.0,VENTURE,C,6000,14.72,0.06,Y,10,0.05714285714285714,8750.0,0.6857142857142857,Adult,0-2 years,0,0,0.094223864,0,Low Risk
23,30000,RENT,0.0,DEBTCONSOLIDATION,B,4000,10.36,0.13,N,3,0.13333333333333333,2500.0,1.6,Young,0-2 years,0,0,0.33116952,0,Medium Risk
25,105000,MORTGAGE,3.0,VENTURE,C,12000,12.84,0.11,N,3,0.11428571428571428,8750.0,1.3714285714285714,Young,3-5 years,0,0,0.08215757,0,Low Risk
28,45996,RENT,0.0,MEDICAL,D,11000,14.74,0.24,Y,7,0.23915123054178625,3833.0,2.869814766501435,Adult,0-2 years,0,1,0.96900976,1,High Risk
38,76000,MORTGAGE,4.0,PERSONAL,A,9000,5.99,0.12,N,12,0.11842105263157894,6333.333333333333,1.4210526315789473,Middle Age,3-5 years,0,0,0.018328317,0,Low Risk
41,50000,MORTGAGE,24.0,DEBTCONSOLIDATION,A,5000,6.76,0.1,N,12,0.1,4166.666666666667,1.2,Middle Age,10+ years,0,0,0.105425365,0,Low Risk
29,125000,MORTGAGE,0.0,HOMEIMPROVEMENT,A,10000,5.79,0.08,N,10,0.08,10416.666666666666,0.9600000000000001,Adult,0-2 years,0,0,0.016230691,0,Low Risk
24,72000,MORTGAGE,8.0,HOMEIMPROVEMENT,A,5000,6.03,0.07,N,3,0.06944444444444445,6000.0,0.8333333333333334,Young,6-10 years,0,0,0.06865872,0,Low Risk
26,30000,RENT,0.0,DEBTCONSOLIDATION,D,9000,15.65,0.3,Y,4,0.3,2500.0,3.6,Adult,0-2 years,1,1,0.9951113,1,High Risk
22,52000,RENT,6.0,EDUCATION,B,12000,11.99,0.23,N,3,0.23076923076923078,4333.333333333333,2.7692307692307696,Young,6-10 years,0,0,0.23118508,0,Low Risk
24,68000,RENT,3.0,EDUCATION,B,13500,12.21,0.2,N,2,0.19852941176470587,5666.666666666667,2.3823529411764706,Young,3-5 years,0,0,0.13126169,0,Low Risk
22,20400,RENT,,PERSONAL,B,5000,12.42,0.25,N,2,0.24509803921568626,1700.0,2.9411764705882355,Young,,0,0,0.55057514,1,Medium Risk
23,65000,RENT,7.0,PERSONAL,D,16000,14.59,0.25,N,4,0.24615384615384617,5416.666666666667,2.9538461538461536,Young,6-10 years,0,0,0.44653803,0,Medium Risk
35,30000,RENT,1.0,EDUCATION,C,7500,,0.25,Y,6,0.25,2500.0,3.0,Adult,0-2 years,0,1,0.45109192,0,Medium Risk
21,110000,MORTGAGE,0.0,VENTURE,B,14000,9.99,0.13,N,2,0.12727272727272726,9166.666666666666,1.5272727272727273,Young,0-2 years,0,0,0.0032088708,0,Low Risk
33,38400,MORTGAGE,0.0,VENTURE,B,10000,9.91,0.26,N,7,0.2604166666666667,3200.0,3.125,Adult,0-2 years,0,0,0.012602838,0,Low Risk
22,30000,RENT,,EDUCATION,A,4350,6.03,0.14,N,4,0.145,2500.0,1.74,Young,,0,0,0.1567016,0,Low Risk
26,46000,RENT,2.0,DEBTCONSOLIDATION,D,25000,11.86,0.54,N,4,0.5434782608695652,3833.3333333333335,6.521739130434782,Adult,0-2 years,1,1,0.99905354,1,High Risk
41,92000,MORTGAGE,5.0,HOMEIMPROVEMENT,B,8000,9.63,0.09,N,13,0.08695652173913043,7666.666666666667,1.0434782608695652,Middle Age,3-5 years,0,0,0.10751103,0,Low Risk
24,45000,RENT,0.0,EDUCATION,E,6000,17.19,0.13,Y,3,0.13333333333333333,3750.0,1.6,Young,0-2 years,0,1,0.9187847,1,High Risk
26,36000,RENT,6.0,DEBTCONSOLIDATION,A,13000,5.99,0.36,N,4,0.3611111111111111,3000.0,4.333333333333333,Adult,6-10 years,1,1,0.98776627,1,High Risk
40,48000,MORTGAGE,2.0,HOMEIMPROVEMENT,D,8000,15.95,0.17,N,11,0.16666666666666666,4000.0,2.0,Middle Age,0-2 years,0,0,0.53646445,1,Medium Risk
25,54000,MORTGAGE,,DEBTCONSOLIDATION,C,12000,12.73,0.22,N,4,0.2222222222222222,4500.0,2.6666666666666665,Young,,0,1,0.5195116,1,Medium Risk
23,87500,MORTGAGE,2.0,PERSONAL,B,1600,9.88,0.02,N,2,0.018285714285714287,7291.666666666667,0.21942857142857142,Young,0-2 years,0,0,0.22337027,0,Low Risk
22,33000,RENT,1.0,DEBTCONSOLIDATION,B,5000,10.25,0.15,N,4,0.15151515151515152,2750.0,1.8181818181818181,Young,0-2 years,0,0,0.4146698,0,Medium Risk
30,36000,MORTGAGE,4.0,PERSONAL,C,11500,13.57,0.32,N,8,0.3194444444444444,3000.0,3.8333333333333335,Adult,3-5 years,1,0,0.4627206,0,Medium Risk
21,46000,RENT,2.0,VENTURE,D,5200,17.27,0.11,Y,4,0.11304347826086956,3833.3333333333335,1.3565217391304347,Young,0-2 years,0,1,0.9777504,1,High Risk
29,120000,MORTGAGE,10.0,PERSONAL,A,4700,7.14,0.04,N,6,0.03916666666666667,10000.0,0.47,Adult,6-10 years,0,0,0.022646746,0,Low Risk
23,15000,MORTGAGE,1.0,MEDICAL,C,1750,12.68,0.12,Y,3,0.11666666666666667,1250.0,1.4,Young,0-2 years,0,0,0.29655212,0,Low Risk
25,31200,RENT,1.0,DEBTCONSOLIDATION,C,6000,13.8,0.19,N,4,0.19230769230769232,2600.0,2.3076923076923075,Young,0-2 years,0,1,0.42351994,0,Medium Risk
27,36000,MORTGAGE,9.0,DEBTCONSOLIDATION,E,15200,16.35,0.42,Y,6,0.4222222222222222,3000.0,5.066666666666666,Adult,6-10 years,1,1,0.9580004,1,High Risk
32,34000,RENT,7.0,VENTURE,C,6000,14.65,0.18,Y,8,0.17647058823529413,2833.3333333333335,2.1176470588235294,Adult,6-10 years,0,0,0.7133187,1,High Risk
30,60000,MORTGAGE,14.0,PERSONAL,B,1750,9.99,0.03,N,8,0.029166666666666667,5000.0,0.35,Adult,10+ years,0,0,0.1252466,0,Low Risk
25,78000,MORTGAGE,0.0,VENTURE,A,14000,7.51,0.18,N,3,0.1794871794871795,6500.0,2.1538461538461537,Young,0-2 years,0,0,0.023656007,0,Low Risk
28,50000,MORTGAGE,1.0,VENTURE,A,8000,5.99,0.16,N,7,0.16,4166.666666666667,1.92,Adult,0-2 years,0,0,0.003008897,0,Low Risk
21,25000,RENT,0.0,DEBTCONSOLIDATION,D,5000,12.86,0.2,Y,2,0.2,2083.3333333333335,2.4,Young,0-2 years,0,1,0.9739267,1,High Risk
31,128000,MORTGAGE,15.0,DEBTCONSOLIDATION,D,35000,15.99,0.27,N,6,0.2734375,10666.666666666666,3.28125,Adult,10+ years,0,1,0.9771622,1,High Risk
24,42000,RENT,9.0,DEBTCONSOLIDATION,E,3000,,0.07,Y,3,0.07142857142857142,3500.0,0.8571428571428571,Young,6-10 years,0,1,0.8016661,1,High Risk
24,62000,MORTGAGE,8.0,PERSONAL,A,5875,6.03,0.09,N,2,0.09475806451612903,5166.666666666667,1.1370967741935483,Young,6-10 years,0,0,0.0506327,0,Low Risk
32,45000,MORTGAGE,6.0,PERSONAL,A,15000,7.51,0.33,N,5,0.3333333333333333,3750.0,4.0,Adult,6-10 years,1,0,0.16762127,0,Low Risk
36,120000,OWN,21.0,PERSONAL,D,10000,13.3,0.08,Y,13,0.08333333333333333,10000.0,1.0,Middle Age,10+ years,0,0,0.0071125436,0,Low Risk
24,48000,RENT,0.0,EDUCATION,A,6000,,0.13,N,3,0.125,4000.0,1.5,Young,0-2 years,0,0,0.10247485,0,Low Risk
32,56000,MORTGAGE,13.0,EDUCATION,B,3000,8.88,0.05,N,9,0.05357142857142857,4666.666666666667,0.6428571428571428,Adult,10+ years,0,0,0.40771803,0,Medium Risk
28,57936,RENT,2.0,MEDICAL,D,13650,14.42,0.24,N,10,0.23560480530240266,4828.0,2.827257663628832,Adult,0-2 years,0,1,0.9747707,1,High Risk
22,54000,MORTGAGE,6.0,HOMEIMPROVEMENT,C,12000,13.48,0.22,N,2,0.2222222222222222,4500.0,2.6666666666666665,Young,6-10 years,0,1,0.9559131,1,High Risk
38,36000,RENT,1.0,MEDICAL,C,8400,13.22,0.23,N,16,0.23333333333333334,3000.0,2.8,Middle Age,0-2 years,0,0,0.25949293,0,Low Risk
26,48000,RENT,0.0,EDUCATION,A,6000,8.59,0.13,N,4,0.125,4000.0,1.5,Adult,0-2 years,0,0,0.13576442,0,Low Risk
22,34500,RENT,2.0,DEBTCONSOLIDATION,D,5000,16.89,0.14,Y,2,0.14492753623188406,2875.0,1.7391304347826086,Young,0-2 years,0,1,0.99619377,1,High Risk
23,46932,OWN,,EDUCATION,A,7000,5.79,0.15,N,4,0.1491519645444473,3911.0,1.7898235745333675,Young,,0,0,0.003281724,0,Low Risk
22,50000,RENT,5.0,PERSONAL,B,10000,11.71,0.2,N,3,0.2,4166.666666666667,2.4,Young,3-5 years,0,0,0.09302809,0,Low Risk
25,60000,RENT,3.0,MEDICAL,C,3000,13.47,0.05,Y,3,0.05,5000.0,0.6,Young,3-5 years,0,1,0.18107405,0,Low Risk
26,65004,RENT,7.0,DEBTCONSOLIDATION,B,20000,11.99,0.31,N,2,0.3076733739462187,5417.0,3.6920804873546245,Adult,6-10 years,1,1,0.9879758,1,High Risk
29,51000,MORTGAGE,8.0,PERSONAL,B,25000,11.49,0.49,N,10,0.49019607843137253,4250.0,5.882352941176471,Adult,6-10 years,1,0,0.44186607,0,Medium Risk
25,33000,RENT,4.0,MEDICAL,B,3600,10.0,0.11,N,3,0.10909090909090909,2750.0,1.309090909090909,Young,3-5 years,0,1,0.39159247,0,Medium Risk
25,180488,MORTGAGE,9.0,HOMEIMPROVEMENT,C,24000,12.87,0.13,N,2,0.13297282921856302,15040.666666666666,1.5956739506227562,Young,6-10 years,0,0,0.2849806,0,Low Risk
27,45600,MORTGAGE,11.0,EDUCATION,A,7500,5.42,0.16,N,5,0.16447368421052633,3800.0,1.9736842105263157,Adult,10+ years,0,0,0.29815716,0,Low Risk
34,109800,MORTGAGE,12.0,DEBTCONSOLIDATION,B,10000,10.99,0.09,N,8,0.09107468123861566,9150.0,1.092896174863388,Adult,10+ years,0,0,0.21104755,0,Low Risk
23,73185,MORTGAGE,7.0,MEDICAL,B,7000,9.63,0.08,N,2,0.09564801530368244,6098.75,1.1477761836441893,Young,6-10 years,0,1,0.5462529,1,Medium Risk
22,55000,OWN,6.0,EDUCATION,B,25000,10.74,0.45,N,2,0.45454545454545453,4583.333333333333,5.454545454545455,Young,6-10 years,1,0,0.009371871,0,Low Risk
24,59000,RENT,5.0,EDUCATION,C,15000,14.79,0.25,Y,3,0.2542372881355932,4916.666666666667,3.0508474576271185,Young,3-5 years,0,1,0.47817877,0,Medium Risk
22,35000,RENT,6.0,DEBTCONSOLIDATION,B,12000,11.71,0.34,N,4,0.34285714285714286,2916.6666666666665,4.114285714285715,Young,6-10 years,1,1,0.99020654,1,High Risk
23,120000,MORTGAGE,7.0,EDUCATION,A,10000,7.51,0.08,N,3,0.08333333333333333,10000.0,1.0,Young,6-10 years,0,0,0.038129155,0,Low Risk
35,100000,RENT,0.0,MEDICAL,A,5000,7.74,0.05,N,7,0.05,8333.333333333334,0.6,Adult,0-2 years,0,0,0.0164146,0,Low Risk
23,30000,RENT,7.0,MEDICAL,B,10000,12.18,0.33,N,3,0.3333333333333333,2500.0,4.0,Young,6-10 years,1,1,0.99491173,1,High Risk
36,34000,RENT,2.0,DEBTCONSOLIDATION,B,8000,,0.24,N,16,0.23529411764705882,2833.3333333333335,2.8235294117647056,Middle Age,0-2 years,0,0,0.46117675,0,Medium Risk
22,119000,RENT,2.0,DEBTCONSOLIDATION,B,12000,10.36,0.1,N,2,0.10084033613445378,9916.666666666666,1.2100840336134455,Young,0-2 years,0,0,0.060429342,0,Low Risk
27,50000,RENT,5.0,VENTURE,A,8000,7.14,0.16,N,6,0.16,4166.666666666667,1.92,Adult,3-5 years,0,0,0.003670934,0,Low Risk
33,38604,RENT,0.0,VENTURE,D,7500,,0.19,N,5,0.19428038545228474,3217.0,2.3313646254274167,Adult,0-2 years,0,1,0.79292244,1,High Risk
27,85000,RENT,4.0,VENTURE,A,14400,8.49,0.17,N,10,0.16941176470588235,7083.333333333333,2.0329411764705885,Adult,3-5 years,0,0,0.004579232,0,Low Risk
31,91000,RENT,12.0,EDUCATION,A,4000,7.66,0.04,N,6,0.04395604395604396,7583.333333333333,0.5274725274725275,Adult,10+ years,0,0,0.14058946,0,Low Risk
25,55000,MORTGAGE,9.0,VENTURE,A,6500,7.49,0.12,N,3,0.11818181818181818,4583.333333333333,1.4181818181818182,Young,6-10 years,0,0,0.0062595154,0,Low Risk
22,51996,OWN,7.0,VENTURE,B,6000,10.75,0.12,N,2,0.11539349180706208,4333.0,1.384721901684745,Young,6-10 years,0,0,0.0007015788,0,Low Risk
24,93600,MORTGAGE,,MEDICAL,A,3600,5.42,0.04,N,2,0.038461538461538464,7800.0,0.46153846153846156,Young,,0,0,0.0134179685,0,Low Risk
23,52700,MORTGAGE,7.0,MEDICAL,D,8000,16.29,0.13,Y,2,0.15180265654648956,4391.666666666667,1.8216318785578747,Young,6-10 years,0,1,0.96614033,1,High Risk
22,42200,RENT,6.0,VENTURE,D,12800,15.21,0.3,N,2,0.3033175355450237,3516.6666666666665,3.6398104265402846,Young,6-10 years,1,1,0.8125463,1,High Risk
26,232500,MORTGAGE,0.0,MEDICAL,C,25000,14.17,0.11,Y,2,0.10752688172043011,19375.0,1.2903225806451613,Adult,0-2 years,0,0,0.13068828,0,Low Risk
46,105398,MORTGAGE,9.0,HOMEIMPROVEMENT,E,20700,17.43,0.2,N,12,0.19639841363213723,8783.166666666666,2.356780963585647,Middle Age,6-10 years,0,0,0.32161015,0,Medium Risk
23,87000,MORTGAGE,7.0,MEDICAL,A,17000,7.51,0.2,N,3,0.19540229885057472,7250.0,2.3448275862068964,Young,6-10 years,0,0,0.090715155,0,Low Risk
23,71004,OWN,1.0,EDUCATION,C,15000,13.47,0.21,Y,3,0.21125570390400542,5917.0,2.535068446848065,Young,0-2 years,0,0,0.003594072,0,Low Risk
23,35400,RENT,4.0,VENTURE,B,9600,11.89,0.27,N,2,0.2711864406779661,2950.0,3.2542372881355934,Young,3-5 years,0,0,0.0376935,0,Low Risk
23,75000,RENT,2.0,PERSONAL,A,3000,,0.04,N,2,0.04,6250.0,0.48,Young,0-2 years,0,0,0.07874806,0,Low Risk
24,60500,RENT,1.0,DEBTCONSOLIDATION,D,8150,17.27,0.13,Y,3,0.1347107438016529,5041.666666666667,1.6165289256198345,Young,0-2 years,0,1,0.9908024,1,High Risk
23,120000,RENT,7.0,EDUCATION,B,25000,9.99,0.21,N,2,0.20833333333333334,10000.0,2.5,Young,6-10 years,0,0,0.07438627,0,Low Risk
24,115000,MORTGAGE,7.0,HOMEIMPROVEMENT,A,1500,6.76,0.01,N,4,0.013043478260869565,9583.333333333334,0.15652173913043477,Young,6-10 years,0,0,0.04333486,0,Low Risk
22,78700,MORTGAGE,6.0,PERSONAL,A,7000,7.68,0.09,N,3,0.08894536213468869,6558.333333333333,1.0673443456162643,Young,6-10 years,0,1,0.1721319,0,Low Risk
44,65004,MORTGAGE,3.0,EDUCATION,B,25000,11.86,0.38,N,17,0.3845917174327734,5417.0,4.615100609193281,Middle Age,3-5 years,1,0,0.33151746,0,Medium Risk
27,46000,MORTGAGE,2.0,PERSONAL,C,4000,12.53,0.09,Y,9,0.08695652173913043,3833.3333333333335,1.0434782608695652,Adult,0-2 years,0,1,0.26724964,0,Low Risk
38,30000,MORTGAGE,8.0,PERSONAL,C,10000,11.22,0.33,Y,17,0.3333333333333333,2500.0,4.0,Middle Age,6-10 years,1,0,0.48562866,0,Medium Risk
26,38400,OWN,,HOMEIMPROVEMENT,B,7000,12.69,0.18,N,2,0.18229166666666666,3200.0,2.1875,Adult,,0,0,0.00549385,0,Low Risk
34,37000,RENT,2.0,EDUCATION,C,6400,13.61,0.17,N,9,0.17297297297297298,3083.3333333333335,2.075675675675676,Adult,0-2 years,0,0,0.238405,0,Low Risk
37,32400,OWN,0.0,HOMEIMPROVEMENT,D,8000,15.99,0.25,N,11,0.24691358024691357,2700.0,2.962962962962963,Middle Age,0-2 years,0,0,0.010968761,0,Low Risk
27,45000,MORTGAGE,7.0,DEBTCONSOLIDATION,A,6800,6.17,0.15,N,9,0.1511111111111111,3750.0,1.8133333333333332,Adult,6-10 years,0,0,0.06612258,0,Low Risk
27,83200,RENT,11.0,EDUCATION,D,9000,15.31,0.11,Y,5,0.10817307692307693,6933.333333333333,1.2980769230769231,Adult,10+ years,0,0,0.4724771,0,Medium Risk
30,50000,MORTGAGE,14.0,MEDICAL,C,1000,,0.02,N,6,0.02,4166.666666666667,0.24,Adult,10+ years,0,0,0.11345481,0,Low Risk
25,120000,RENT,2.0,PERSONAL,A,15000,7.51,0.13,N,2,0.125,10000.0,1.5,Young,0-2 years,0,0,0.036182024,0,Low Risk
36,56400,OWN,0.0,PERSONAL,C,20000,13.57,0.35,Y,12,0.3546099290780142,4700.0,4.25531914893617,Middle Age,0-2 years,1,0,0.014358292,0,Low Risk
26,85000,MORTGAGE,0.0,DEBTCONSOLIDATION,B,8000,,0.09,N,3,0.09411764705882353,7083.333333333333,1.1294117647058823,Adult,0-2 years,0,0,0.11862409,0,Low Risk
26,31200,RENT,4.0,VENTURE,B,2500,10.37,0.08,N,3,0.08012820512820513,2600.0,0.9615384615384616,Adult,3-5 years,0,0,0.051335383,0,Low Risk
28,47004,MORTGAGE,12.0,PERSONAL,C,10000,13.61,0.21,Y,6,0.2127478512467024,3917.0,2.552974214960429,Adult,10+ years,0,1,0.28800854,0,Low Risk
28,130000,MORTGAGE,2.0,HOMEIMPROVEMENT,D,12000,13.55,0.09,Y,8,0.09230769230769231,10833.333333333334,1.1076923076923075,Adult,0-2 years,0,0,0.4597918,0,Medium Risk
34,60500,RENT,3.0,DEBTCONSOLIDATION,D,11200,15.62,0.19,Y,10,0.18512396694214875,5041.666666666667,2.221487603305785,Adult,3-5 years,0,1,0.974289,1,High Risk
36,32004,RENT,3.0,VENTURE,B,5000,10.62,0.16,N,15,0.15623047119110112,2667.0,1.8747656542932134,Middle Age,3-5 years,0,0,0.023877937,0,Low Risk
26,85000,MORTGAGE,10.0,HOMEIMPROVEMENT,C,4800,11.59,0.06,Y,2,0.05647058823529412,7083.333333333333,0.6776470588235295,Adult,6-10 years,0,0,0.18305352,0,Low Risk
37,80004,RENT,7.0,MEDICAL,B,14500,11.26,0.18,N,14,0.18124093795310234,6667.0,2.174891255437228,Middle Age,6-10 years,0,0,0.096421234,0,Low Risk
23,50000,RENT,0.0,EDUCATION,A,10000,6.92,0.2,N,2,0.2,4166.666666666667,2.4,Young,0-2 years,0,0,0.026071217,0,Low Risk
34,130000,MORTGAGE,5.0,DEBTCONSOLIDATION,B,20000,10.65,0.15,N,10,0.15384615384615385,10833.333333333334,1.846153846153846,Adult,3-5 years,0,0,0.09915616,0,Low Risk
24,108000,MORTGAGE,5.0,EDUCATION,D,9950,14.96,0.09,Y,4,0.09212962962962963,9000.0,1.1055555555555556,Young,3-5 years,0,0,0.3319615,0,Medium Risk
27,54000,MORTGAGE,11.0,MEDICAL,A,4000,,0.07,N,8,0.07407407407407407,4500.0,0.8888888888888888,Adult,10+ years,0,0,0.5040232,1,Medium Risk
34,45000,MORTGAGE,1.0,DEBTCONSOLIDATION,C,3800,13.16,0.08,Y,5,0.08444444444444445,3750.0,1.0133333333333334,Adult,0-2 years,0,0,0.24879071,0,Low Risk
24,39000,MORTGAGE,2.0,HOMEIMPROVEMENT,C,16000,14.22,0.41,N,4,0.41025641025641024,3250.0,4.923076923076923,Young,0-2 years,1,1,0.7295391,1,High Risk
31,170000,MORTGAGE,15.0,PERSONAL,C,10000,13.49,0.06,Y,8,0.058823529411764705,14166.666666666666,0.7058823529411765,Adult,10+ years,0,0,0.058662526,0,Low Risk
22,73000,MORTGAGE,3.0,MEDICAL,B,17000,11.99,0.23,N,3,0.2328767123287671,6083.333333333333,2.7945205479452055,Young,3-5 years,0,0,0.33512378,0,Medium Risk
26,28000,RENT,7.0,MEDICAL,A,6500,7.51,0.23,N,3,0.23214285714285715,2333.3333333333335,2.7857142857142856,Adult,6-10 years,0,0,0.2463151,0,Low Risk
28,20000,OWN,0.0,MEDICAL,E,10000,,0.5,N,7,0.5,1666.6666666666667,6.0,Adult,0-2 years,1,1,0.5365823,1,Medium Risk
24,47110,MORTGAGE,0.0,PERSONAL,B,11000,10.99,0.23,N,4,0.2334960730205901,3925.8333333333335,2.801952876247081,Young,0-2 years,0,0,0.20450878,0,Low Risk
29,35500,RENT,3.0,MEDICAL,B,3000,11.86,0.08,N,9,0.08450704225352113,2958.3333333333335,1.0140845070422535,Adult,3-5 years,0,0,0.30643347,0,Medium Risk
31,120000,MORTGAGE,9.0,VENTURE,A,9000,8.94,0.07,N,6,0.075,10000.0,0.9,Adult,6-10 years,0,0,0.005978171,0,Low Risk
28,57000,MORTGAGE,5.0,PERSONAL,A,9500,7.51,0.17,N,5,0.16666666666666666,4750.0,2.0,Adult,3-5 years,0,0,0.10593752,0,Low Risk
25,45996,RENT,3.0,DEBTCONSOLIDATION,C,11500,12.53,0.25,Y,3,0.25002174102095837,3833.0,3.0002608922515,Young,3-5 years,0,0,0.28324336,0,Low Risk
22,56400,RENT,2.0,HOMEIMPROVEMENT,D,25000,14.96,0.44,Y,3,0.4432624113475177,4700.0,5.319148936170213,Young,0-2 years,1,1,0.99903834,1,High Risk
27,122000,RENT,3.0,PERSONAL,C,15000,12.73,0.12,N,5,0.12295081967213115,10166.666666666666,1.4754098360655739,Adult,3-5 years,0,0,0.14649762,0,Low Risk
25,90000,MORTGAGE,4.0,VENTURE,B,10000,10.0,0.11,N,2,0.1111111111111111,7500.0,1.3333333333333333,Young,3-5 years,0,0,0.0059173033,0,Low Risk
22,45000,RENT,0.0,PERSONAL,C,6000,13.23,0.13,N,4,0.13333333333333333,3750.0,1.6,Young,0-2 years,0,0,0.17711163,0,Low Risk
52,71520,RENT,0.0,VENTURE,E,7000,16.82,0.1,N,28,0.09787472035794184,5960.0,1.174496644295302,Senior,0-2 years,0,1,0.9092664,1,High Risk
59,40000,MORTGAGE,5.0,PERSONAL,A,3600,7.49,0.09,N,24,0.09,3333.3333333333335,1.0799999999999998,Senior,3-5 years,0,0,0.019736266,0,Low Risk
24,30000,RENT,1.0,PERSONAL,B,3000,10.37,0.1,N,2,0.1,2500.0,1.2,Young,0-2 years,0,0,0.40432635,0,Medium Risk
23,70550,MORTGAGE,7.0,MEDICAL,A,15000,8.9,0.18,N,4,0.21261516654854712,5879.166666666667,2.5513819985825656,Young,6-10 years,0,1,0.27864552,0,Low Risk
42,300000,MORTGAGE,0.0,PERSONAL,D,10000,17.27,0.03,Y,14,0.03333333333333333,25000.0,0.4,Middle Age,0-2 years,0,0,0.52205974,1,Medium Risk
31,32400,RENT,2.0,DEBTCONSOLIDATION,C,20500,11.03,0.63,Y,6,0.6327160493827161,2700.0,7.592592592592593,Adult,0-2 years,1,1,0.9952931,1,High Risk
30,69996,OWN,14.0,VENTURE,C,6000,14.26,0.09,N,8,0.08571918395336876,5833.0,1.0286302074404252,Adult,10+ years,0,0,0.0025639955,0,Low Risk
27,160000,MORTGAGE,12.0,DEBTCONSOLIDATION,C,7000,12.23,0.04,Y,6,0.04375,13333.333333333334,0.525,Adult,10+ years,0,0,0.17571111,0,Low Risk
26,36000,RENT,3.0,DEBTCONSOLIDATION,D,7000,14.96,0.19,Y,4,0.19444444444444445,3000.0,2.3333333333333335,Adult,3-5 years,0,1,0.9755534,1,High Risk
35,95000,MORTGAGE,17.0,HOMEIMPROVEMENT,B,15000,11.49,0.16,N,10,0.15789473684210525,7916.666666666667,1.894736842105263,Adult,10+ years,0,0,0.11903523,0,Low Risk
49,64600,MORTGAGE,4.0,MEDICAL,D,10000,16.49,0.13,N,12,0.15479876160990713,5383.333333333333,1.8575851393188856,Middle Age,3-5 years,0,1,0.9630864,1,High Risk
26,36000,RENT,,VENTURE,A,5400,8.9,0.15,N,2,0.15,3000.0,1.8,Adult,,0,0,0.009622498,0,Low Risk
41,35000,MORTGAGE,18.0,DEBTCONSOLIDATION,C,1500,13.06,0.04,N,12,0.04285714285714286,2916.6666666666665,0.5142857142857143,Middle Age,10+ years,0,0,0.19904044,0,Low Risk
22,79000,MORTGAGE,6.0,MEDICAL,A,10375,6.62,0.13,N,4,0.13132911392405064,6583.333333333333,1.5759493670886078,Young,6-10 years,0,0,0.05429558,0,Low Risk
22,43200,OWN,6.0,VENTURE,A,6000,7.68,0.14,N,4,0.1388888888888889,3600.0,1.6666666666666667,Young,6-10 years,0,0,0.0005855109,0,Low Risk
29,71400,MORTGAGE,14.0,PERSONAL,C,10000,14.27,0.14,N,8,0.1400560224089636,5950.0,1.680672268907563,Adult,10+ years,0,1,0.18287054,0,Low Risk
24,40000,RENT,4.0,MEDICAL,D,14000,15.58,0.35,Y,3,0.35,3333.3333333333335,4.2,Young,3-5 years,1,1,0.9922247,1,High Risk
25,33996,RENT,0.0,VENTURE,A,5000,9.38,0.15,N,3,0.14707612660312977,2833.0,1.7649135192375573,Young,0-2 years,0,0,0.06335092,0,Low Risk
30,90000,RENT,14.0,PERSONAL,D,10000,15.62,0.11,Y,6,0.1111111111111111,7500.0,1.3333333333333333,Adult,10+ years,0,0,0.2717545,0,Low Risk
21,32400,RENT,2.0,MEDICAL,C,10000,13.23,0.31,N,4,0.30864197530864196,2700.0,3.7037037037037037,Young,0-2 years,1,1,0.9901169,1,High Risk
28,42000,RENT,4.0,DEBTCONSOLIDATION,D,2000,14.96,0.05,Y,6,0.047619047619047616,3500.0,0.5714285714285714,Adult,3-5 years,0,1,0.97048664,1,High Risk
22,54500,MORTGAGE,6.0,EDUCATION,B,7500,10.59,0.14,N,3,0.13761467889908258,4541.666666666667,1.6513761467889907,Young,6-10 years,0,0,0.20819418,0,Low Risk
31,106000,MORTGAGE,15.0,HOMEIMPROVEMENT,B,2400,9.63,0.02,N,6,0.022641509433962263,8833.333333333334,0.27169811320754716,Adult,10+ years,0,0,0.11253825,0,Low Risk
23,125000,MORTGAGE,7.0,EDUCATION,B,5000,,0.04,N,2,0.04,10416.666666666666,0.48000000000000004,Young,6-10 years,0,0,0.13069357,0,Low Risk
23,30000,RENT,0.0,EDUCATION,B,4800,,0.16,N,4,0.16,2500.0,1.92,Young,0-2 years,0,0,0.33683956,0,Medium Risk
23,62500,RENT,1.0,EDUCATION,B,24250,10.62,0.39,N,4,0.388,5208.333333333333,4.656000000000001,Young,0-2 years,1,1,0.99092346,1,High Risk
24,30000,RENT,1.0,MEDICAL,B,4300,9.63,0.14,N,4,0.14333333333333334,2500.0,1.72,Young,0-2 years,0,0,0.24975182,0,Low Risk
29,100000,OWN,13.0,HOMEIMPROVEMENT,A,10000,6.92,0.1,N,7,0.1,8333.333333333334,1.2,Adult,10+ years,0,0,0.0022315385,0,Low Risk
30,118000,RENT,5.0,HOMEIMPROVEMENT,A,10000,7.14,0.08,N,7,0.0847457627118644,9833.333333333334,1.0169491525423728,Adult,3-5 years,0,0,0.0612411,0,Low Risk
24,21600,RENT,,VENTURE,C,6500,14.79,0.3,Y,4,0.30092592592592593,1800.0,3.611111111111111,Young,,1,1,0.3952741,0,Medium Risk
31,168000,MORTGAGE,6.0,VENTURE,C,25000,13.06,0.15,N,5,0.1488095238095238,14000.0,1.7857142857142858,Adult,6-10 years,0,0,0.092843205,0,Low Risk
22,20000,RENT,1.0,DEBTCONSOLIDATION,B,6500,10.99,0.33,N,2,0.325,1666.6666666666667,3.9,Young,0-2 years,1,1,0.98767555,1,High Risk
22,82000,MORTGAGE,6.0,DEBTCONSOLIDATION,C,6000,,0.07,N,2,0.07317073170731707,6833.333333333333,0.8780487804878049,Young,6-10 years,0,0,0.26391947,0,Low Risk
26,35960,RENT,10.0,MEDICAL,B,8400,11.49,0.23,N,3,0.2335928809788654,2996.6666666666665,2.8031145717463852,Adult,6-10 years,0,0,0.28476426,0,Low Risk
25,31200,OWN,,HOMEIMPROVEMENT,E,4000,17.19,0.13,Y,4,0.1282051282051282,2600.0,1.5384615384615385,Young,,0,1,0.84226006,1,High Risk
24,14400,RENT,0.0,DEBTCONSOLIDATION,B,4375,,0.3,N,2,0.3038194444444444,1200.0,3.6458333333333335,Young,0-2 years,1,1,0.971833,1,High Risk
21,9600,RENT,,MEDICAL,B,2375,10.0,0.25,N,3,0.24739583333333334,800.0,2.96875,Young,,0,1,0.99524397,1,High Risk
23,57000,RENT,8.0,EDUCATION,C,7500,11.97,0.13,N,4,0.13157894736842105,4750.0,1.5789473684210527,Young,6-10 years,0,0,0.28620544,0,Low Risk
26,250000,MORTGAGE,10.0,EDUCATION,A,15000,7.49,0.06,N,2,0.06,20833.333333333332,0.7200000000000001,Adult,6-10 years,0,0,0.057202265,0,Low Risk
21,10560,OWN,5.0,VENTURE,B,1000,10.36,0.09,N,4,0.0946969696969697,880.0,1.1363636363636365,Young,3-5 years,0,0,0.026401177,0,Low Risk
36,55000,OWN,6.0,MEDICAL,C,9000,,0.16,N,16,0.16363636363636364,4583.333333333333,1.9636363636363638,Middle Age,6-10 years,0,0,0.0017425258,0,Low Risk
27,34000,RENT,3.0,MEDICAL,D,10000,16.77,0.29,N,7,0.29411764705882354,2833.3333333333335,3.5294117647058822,Adult,3-5 years,0,1,0.97108185,1,High Risk
35,90000,MORTGAGE,9.0,HOMEIMPROVEMENT,C,20000,12.53,0.22,N,5,0.2222222222222222,7500.0,2.6666666666666665,Adult,6-10 years,0,0,0.2833377,0,Low Risk
40,33000,MORTGAGE,2.0,MEDICAL,B,1000,,0.03,N,16,0.030303030303030304,2750.0,0.36363636363636365,Middle Age,0-2 years,0,0,0.35209385,0,Medium Risk
40,83000,MORTGAGE,7.0,EDUCATION,B,2800,12.18,0.03,N,13,0.033734939759036145,6916.666666666667,0.40481927710843374,Middle Age,6-10 years,0,1,0.112786844,0,Low Risk
34,130000,MORTGAGE,5.0,MEDICAL,C,6450,13.23,0.05,N,7,0.04961538461538462,10833.333333333334,0.5953846153846154,Adult,3-5 years,0,0,0.09548156,0,Low Risk
29,120000,RENT,1.0,MEDICAL,C,17500,12.87,0.15,N,5,0.14583333333333334,10000.0,1.75,Adult,0-2 years,0,0,0.08223026,0,Low Risk
28,30000,RENT,5.0,PERSONAL,B,2400,9.25,0.08,N,6,0.08,2500.0,0.96,Adult,3-5 years,0,0,0.3843875,0,Medium Risk
21,41000,RENT,5.0,EDUCATION,A,7000,5.79,0.17,N,3,0.17073170731707318,3416.6666666666665,2.048780487804878,Young,3-5 years,0,0,0.067406975,0,Low Risk
25,65000,RENT,8.0,HOMEIMPROVEMENT,C,18000,,0.28,N,3,0.27692307692307694,5416.666666666667,3.323076923076923,Young,6-10 years,0,0,0.3172275,0,Medium Risk
26,48000,MORTGAGE,7.0,MEDICAL,A,10000,,0.21,N,3,0.20833333333333334,4000.0,2.5,Adult,6-10 years,0,0,0.14763421,0,Low Risk
26,40000,RENT,0.0,PERSONAL,D,5000,15.99,0.13,Y,2,0.125,3333.3333333333335,1.5,Adult,0-2 years,0,1,0.93235,1,High Risk
28,215662,MORTGAGE,12.0,HOMEIMPROVEMENT,B,21000,11.99,0.1,N,6,0.09737459543174042,17971.833333333332,1.168495145180885,Adult,10+ years,0,0,0.23514973,0,Low Risk
23,42000,RENT,7.0,VENTURE,B,15000,11.83,0.36,N,4,0.35714285714285715,3500.0,4.285714285714286,Young,6-10 years,1,1,0.9938261,1,High Risk
29,40000,MORTGAGE,13.0,HOMEIMPROVEMENT,B,25000,11.86,0.63,N,6,0.625,3333.3333333333335,7.5,Adult,10+ years,1,0,0.2682356,0,Low Risk
24,66000,RENT,8.0,PERSONAL,B,9600,11.26,0.15,N,3,0.14545454545454545,5500.0,1.7454545454545454,Young,6-10 years,0,0,0.18930013,0,Low Risk
29,44400,MORTGAGE,,PERSONAL,A,5000,,0.11,N,7,0.11261261261261261,3700.0,1.3513513513513513,Adult,,0,0,0.2898202,0,Low Risk
23,31200,OWN,7.0,EDUCATION,B,6000,10.37,0.19,N,3,0.19230769230769232,2600.0,2.3076923076923075,Young,6-10 years,0,0,0.0087722195,0,Low Risk
26,56000,RENT,6.0,HOMEIMPROVEMENT,C,8150,12.87,0.15,N,4,0.1455357142857143,4666.666666666667,1.7464285714285712,Adult,6-10 years,0,0,0.47564855,0,Medium Risk
31,29004,RENT,4.0,HOMEIMPROVEMENT,B,6000,10.75,0.21,N,8,0.2068680182043856,2417.0,2.4824162184526273,Adult,3-5 years,0,1,0.9262552,1,High Risk
42,54000,RENT,4.0,DEBTCONSOLIDATION,C,16000,12.87,0.3,Y,14,0.2962962962962963,4500.0,3.5555555555555554,Middle Age,3-5 years,1,1,0.502802,1,Medium Risk
21,24000,RENT,,EDUCATION,B,3600,11.99,0.15,N,3,0.15,2000.0,1.8,Young,,0,0,0.28755206,0,Low Risk
27,68255,MORTGAGE,6.0,MEDICAL,E,17500,17.93,0.22,Y,10,0.25639147315215005,5687.916666666667,3.0766976778258,Adult,6-10 years,0,1,0.95100456,1,High Risk
23,45600,MORTGAGE,7.0,VENTURE,C,10000,16.11,0.22,Y,4,0.21929824561403508,3800.0,2.6315789473684212,Young,6-10 years,0,0,0.35040456,0,Medium Risk
25,95111,MORTGAGE,9.0,PERSONAL,C,18000,14.72,0.19,N,4,0.1892525575380345,7925.916666666667,2.271030690456414,Young,6-10 years,0,0,0.12792689,0,Low Risk
24,46000,MORTGAGE,8.0,PERSONAL,A,2000,7.66,0.04,N,2,0.043478260869565216,3833.3333333333335,0.5217391304347826,Young,6-10 years,0,0,0.16953173,0,Low Risk
22,21000,RENT,5.0,MEDICAL,B,4800,10.75,0.23,N,3,0.22857142857142856,1750.0,2.742857142857143,Young,3-5 years,0,0,0.22101304,0,Low Risk
34,95000,RENT,5.0,VENTURE,C,18600,13.57,0.2,Y,7,0.1957894736842105,7916.666666666667,2.349473684210526,Adult,3-5 years,0,0,0.11391287,0,Low Risk
29,64320,MORTGAGE,13.0,MEDICAL,A,8000,6.03,0.12,N,9,0.12437810945273632,5360.0,1.492537313432836,Adult,10+ years,0,0,0.09621029,0,Low Risk
25,44000,RENT,7.0,MEDICAL,C,7500,13.92,0.17,N,3,0.17045454545454544,3666.6666666666665,2.0454545454545454,Young,6-10 years,0,1,0.6254852,1,High Risk
65,76000,RENT,3.0,HOMEIMPROVEMENT,B,35000,10.99,0.46,N,28,0.4605263157894737,6333.333333333333,5.526315789473684,Senior,3-5 years,1,1,0.98838484,1,High Risk
32,155000,RENT,3.0,PERSONAL,C,7500,11.59,0.05,Y,5,0.04838709677419355,12916.666666666666,0.5806451612903226,Adult,3-5 years,0,0,0.0849101,0,Low Risk
22,45000,MORTGAGE,1.0,EDUCATION,B,3300,10.99,0.07,N,3,0.07333333333333333,3750.0,0.88,Young,0-2 years,0,0,0.17386769,0,Low Risk
41,140000,MORTGAGE,2.0,EDUCATION,E,15000,17.88,0.11,N,11,0.10714285714285714,11666.666666666666,1.2857142857142858,Middle Age,0-2 years,0,0,0.5679803,1,Medium Risk
23,38000,MORTGAGE,5.0,PERSONAL,A,5400,7.9,0.14,N,3,0.14210526315789473,3166.6666666666665,1.7052631578947368,Young,3-5 years,0,0,0.1107276,0,Low Risk
29,48880,RENT,3.0,PERSONAL,B,14000,10.65,0.29,N,9,0.2864157119476268,4073.3333333333335,3.436988543371522,Adult,3-5 years,0,0,0.23813772,0,Low Risk
23,67000,RENT,7.0,MEDICAL,B,3000,10.99,0.04,N,2,0.04477611940298507,5583.333333333333,0.5373134328358209,Young,6-10 years,0,0,0.22532803,0,Low Risk
23,120000,MORTGAGE,7.0,DEBTCONSOLIDATION,B,16000,10.37,0.13,N,3,0.13333333333333333,10000.0,1.6,Young,6-10 years,0,0,0.06778185,0,Low Risk
22,27302,MORTGAGE,6.0,MEDICAL,B,3725,12.69,0.14,N,2,0.13643689107025125,2275.1666666666665,1.6372426928430153,Young,6-10 years,0,0,0.44996652,0,Medium Risk
28,96000,MORTGAGE,12.0,PERSONAL,B,6000,12.69,0.06,N,10,0.0625,8000.0,0.75,Adult,10+ years,0,0,0.06430557,0,Low Risk
24,56000,MORTGAGE,8.0,MEDICAL,A,12250,6.03,0.22,N,4,0.21875,4666.666666666667,2.625,Young,6-10 years,0,0,0.16570078,0,Low Risk
42,69996,MORTGAGE,1.0,PERSONAL,A,10000,7.66,0.14,N,12,0.14286530658894794,5833.0,1.7143836790673752,Middle Age,0-2 years,0,0,0.023877291,0,Low Risk
27,146000,RENT,3.0,VENTURE,C,10175,12.99,0.07,N,6,0.0696917808219178,12166.666666666666,0.8363013698630137,Adult,3-5 years,0,1,0.120820165,0,Low Risk
24,115154,RENT,8.0,HOMEIMPROVEMENT,C,3000,14.27,0.03,N,2,0.026052069402712888,9596.166666666666,0.3126248328325547,Young,6-10 years,0,0,0.17366256,0,Low Risk
31,97000,MORTGAGE,6.0,DEBTCONSOLIDATION,A,12000,7.66,0.12,N,6,0.12371134020618557,8083.333333333333,1.4845360824742269,Adult,6-10 years,0,0,0.027134204,0,Low Risk
35,50000,RENT,4.0,EDUCATION,B,10000,9.91,0.2,N,7,0.2,4166.666666666667,2.4,Adult,3-5 years,0,0,0.076250196,0,Low Risk
22,55000,OWN,2.0,EDUCATION,A,2200,5.42,0.04,N,3,0.04,4583.333333333333,0.48000000000000004,Young,0-2 years,0,0,0.0014021405,0,Low Risk
22,175000,RENT,6.0,VENTURE,C,3500,11.91,0.02,Y,2,0.02,14583.333333333334,0.24,Young,6-10 years,0,0,0.13448796,0,Low Risk
24,50000,MORTGAGE,0.0,HOMEIMPROVEMENT,B,5500,,0.11,N,3,0.11,4166.666666666667,1.3199999999999998,Young,0-2 years,0,0,0.07476803,0,Low Risk
34,62000,MORTGAGE,18.0,HOMEIMPROVEMENT,B,28000,11.71,0.45,N,10,0.45161290322580644,5166.666666666667,5.419354838709677,Adult,10+ years,1,0,0.32981563,0,Medium Risk
28,150000,MORTGAGE,11.0,HOMEIMPROVEMENT,A,15000,9.63,0.1,N,9,0.1,12500.0,1.2,Adult,10+ years,0,0,0.09163842,0,Low Risk
26,75000,MORTGAGE,10.0,DEBTCONSOLIDATION,A,10000,8.94,0.13,N,2,0.13333333333333333,6250.0,1.6,Adult,6-10 years,0,0,0.09449361,0,Low Risk
44,140000,OWN,14.0,MEDICAL,B,21500,11.83,0.15,N,11,0.15357142857142858,11666.666666666666,1.842857142857143,Middle Age,10+ years,0,0,0.0034451033,0,Low Risk
25,39000,RENT,0.0,VENTURE,C,6000,13.49,0.15,Y,2,0.15384615384615385,3250.0,1.8461538461538463,Young,0-2 years,0,1,0.5250819,1,Medium Risk
33,60000,OWN,,VENTURE,C,10000,13.98,0.17,N,7,0.16666666666666666,5000.0,2.0,Adult,,0,0,0.002528943,0,Low Risk
24,76800,RENT,0.0,EDUCATION,A,6400,7.51,0.08,N,3,0.08333333333333333,6400.0,1.0,Young,0-2 years,0,0,0.13508528,0,Low Risk
46,90000,MORTGAGE,5.0,DEBTCONSOLIDATION,A,20000,6.91,0.22,N,15,0.2222222222222222,7500.0,2.6666666666666665,Middle Age,3-5 years,0,0,0.028267244,0,Low Risk
27,49000,RENT,11.0,DEBTCONSOLIDATION,B,25000,11.36,0.51,N,5,0.5102040816326531,4083.3333333333335,6.122448979591836,Adult,10+ years,1,1,0.99613214,1,High Risk
22,50004,MORTGAGE,,PERSONAL,B,4950,,0.1,N,2,0.09899208063354932,4167.0,1.187904967602592,Young,,0,0,0.13334475,0,Low Risk
55,78000,MORTGAGE,2.0,DEBTCONSOLIDATION,D,8000,,0.1,N,29,0.10256410256410256,6500.0,1.2307692307692308,Senior,0-2 years,0,1,0.97651696,1,High Risk
34,70000,OWN,0.0,HOMEIMPROVEMENT,B,10000,10.99,0.14,N,9,0.14285714285714285,5833.333333333333,1.7142857142857144,Adult,0-2 years,0,0,0.0021458992,0,Low Risk
27,390000,MORTGAGE,11.0,PERSONAL,B,10000,11.26,0.03,N,6,0.02564102564102564,32500.0,0.3076923076923077,Adult,10+ years,0,0,0.050039973,0,Low Risk
32,70000,RENT,6.0,MEDICAL,C,13200,13.49,0.19,N,6,0.18857142857142858,5833.333333333333,2.262857142857143,Adult,6-10 years,0,0,0.1322182,0,Low Risk
27,82000,MORTGAGE,11.0,VENTURE,A,4000,7.9,0.05,N,10,0.04878048780487805,6833.333333333333,0.5853658536585367,Adult,10+ years,0,0,0.009265387,0,Low Risk
35,108000,RENT,1.0,PERSONAL,B,7000,,0.06,N,7,0.06481481481481481,9000.0,0.7777777777777778,Adult,0-2 years,0,0,0.1418628,0,Low Risk
22,43000,OWN,2.0,VENTURE,B,22800,12.69,0.53,N,2,0.5302325581395348,3583.3333333333335,6.362790697674418,Young,0-2 years,1,0,0.007303272,0,Low Risk
23,34560,MORTGAGE,1.0,MEDICAL,B,10000,10.59,0.29,N,2,0.28935185185185186,2880.0,3.4722222222222223,Young,0-2 years,0,0,0.38590556,0,Medium Risk
22,12000,OWN,6.0,DEBTCONSOLIDATION,A,4750,7.14,0.4,N,2,0.3958333333333333,1000.0,4.75,Young,6-10 years,1,1,0.9983041,1,High Risk
24,123000,MORTGAGE,6.0,PERSONAL,B,4750,10.99,0.04,N,3,0.03861788617886179,10250.0,0.4634146341463415,Young,6-10 years,0,0,0.1362659,0,Low Risk
26,65004,RENT,3.0,VENTURE,A,8400,7.51,0.13,N,3,0.12922281705741184,5417.0,1.5506738046889421,Adult,3-5 years,0,0,0.009109823,0,Low Risk
47,41000,RENT,2.0,MEDICAL,C,10000,13.79,0.24,N,16,0.24390243902439024,3416.6666666666665,2.926829268292683,Middle Age,0-2 years,0,0,0.22616147,0,Low Risk
27,130000,MORTGAGE,11.0,EDUCATION,B,11000,9.62,0.08,N,5,0.08461538461538462,10833.333333333334,1.0153846153846153,Adult,10+ years,0,0,0.11985315,0,Low Risk
22,30000,RENT,0.0,PERSONAL,B,5000,11.49,0.17,N,4,0.16666666666666666,2500.0,2.0,Young,0-2 years,0,0,0.53749,1,Medium Risk
24,110004,RENT,5.0,MEDICAL,A,14000,7.88,0.13,N,2,0.1272680993418421,9167.0,1.5272171921021054,Young,3-5 years,0,0,0.018552888,0,Low Risk
22,24000,RENT,1.0,EDUCATION,C,2000,13.11,0.08,Y,4,0.08333333333333333,2000.0,1.0,Young,0-2 years,0,0,0.24795279,0,Low Risk
22,62050,MORTGAGE,1.0,MEDICAL,C,2000,13.35,0.03,Y,4,0.032232070910556,5170.833333333333,0.3867848509266721,Young,0-2 years,0,1,0.22544122,0,Low Risk
25,47000,RENT,6.0,VENTURE,B,6000,11.71,0.13,N,2,0.1276595744680851,3916.6666666666665,1.5319148936170213,Young,6-10 years,0,0,0.031365424,0,Low Risk
22,31000,RENT,6.0,PERSONAL,A,10000,8.9,0.32,N,4,0.3225806451612903,2583.3333333333335,3.8709677419354835,Young,6-10 years,1,1,0.9934622,1,High Risk
27,48000,RENT,5.0,MEDICAL,B,9000,10.99,0.19,N,10,0.1875,4000.0,2.25,Adult,3-5 years,0,0,0.1648338,0,Low Risk
33,33504,RENT,4.0,DEBTCONSOLIDATION,B,9600,10.99,0.29,N,8,0.28653295128939826,2792.0,3.438395415472779,Adult,3-5 years,0,0,0.44975567,0,Medium Risk
22,30000,MORTGAGE,1.0,PERSONAL,B,5500,10.99,0.18,N,3,0.18333333333333332,2500.0,2.2,Young,0-2 years,0,0,0.38363045,0,Medium Risk
22,106000,MORTGAGE,6.0,VENTURE,A,35000,,0.33,N,2,0.330188679245283,8833.333333333334,3.962264150943396,Young,6-10 years,1,0,0.02636384,0,Low Risk
34,35100,MORTGAGE,16.0,EDUCATION,C,9000,13.47,0.26,N,8,0.2564102564102564,2925.0,3.076923076923077,Adult,10+ years,0,0,0.23320714,0,Low Risk
29,38004,RENT,3.0,MEDICAL,C,1500,14.35,0.04,Y,10,0.039469529523208084,3167.0,0.473634354278497,Adult,3-5 years,0,0,0.29911473,0,Low Risk
25,45000,OWN,9.0,MEDICAL,A,3000,6.17,0.07,N,4,0.06666666666666667,3750.0,0.8,Young,6-10 years,0,0,0.0018901315,0,Low Risk
25,306000,RENT,2.0,DEBTCONSOLIDATION,C,24250,13.85,0.08,N,3,0.07924836601307189,25500.0,0.9509803921568627,Young,0-2 years,0,0,0.14103676,0,Low Risk
22,40000,RENT,0.0,EDUCATION,C,6000,12.87,0.15,Y,3,0.15,3333.3333333333335,1.7999999999999998,Young,0-2 years,0,0,0.10291328,0,Low Risk
24,53000,MORTGAGE,8.0,VENTURE,A,6850,6.92,0.13,N,2,0.12924528301886792,4416.666666666667,1.550943396226415,Young,6-10 years,0,0,0.0077408873,0,Low Risk
26,34000,RENT,5.0,VENTURE,A,7500,7.9,0.22,N,4,0.22058823529411764,2833.3333333333335,2.6470588235294117,Adult,3-5 years,0,0,0.09549166,0,Low Risk
32,85000,RENT,4.0,PERSONAL,A,24000,7.9,0.28,N,6,0.2823529411764706,7083.333333333333,3.388235294117647,Adult,3-5 years,0,0,0.066265345,0,Low Risk
37,200000,MORTGAGE,3.0,EDUCATION,D,10000,13.8,0.05,N,16,0.05,16666.666666666668,0.6,Middle Age,3-5 years,0,0,0.2132801,0,Low Risk
28,12000,OWN,,EDUCATION,B,3000,9.62,0.25,N,5,0.25,1000.0,3.0,Adult,,0,1,0.99875593,1,High Risk
28,138000,MORTGAGE,11.0,MEDICAL,A,5000,6.62,0.04,N,5,0.036231884057971016,11500.0,0.43478260869565216,Adult,10+ years,0,0,0.035133846,0,Low Risk
23,80000,MORTGAGE,1.0,EDUCATION,C,12000,13.48,0.15,Y,4,0.15,6666.666666666667,1.7999999999999998,Young,0-2 years,0,0,0.06949421,0,Low Risk
25,145000,MORTGAGE,3.0,DEBTCONSOLIDATION,B,25000,11.36,0.17,N,3,0.1724137931034483,12083.333333333334,2.068965517241379,Young,3-5 years,0,0,0.13797879,0,Low Risk
26,74999,RENT,4.0,HOMEIMPROVEMENT,D,16000,17.27,0.21,Y,4,0.21333617781570421,6249.916666666667,2.5600341337884505,Adult,3-5 years,0,0,0.6924493,1,High Risk
51,52250,RENT,4.0,VENTURE,C,9200,13.61,0.18,N,24,0.17607655502392344,4354.166666666667,2.112918660287081,Senior,3-5 years,0,0,0.1666981,0,Low Risk
23,36000,MORTGAGE,3.0,DEBTCONSOLIDATION,C,3000,13.22,0.08,N,4,0.08333333333333333,3000.0,1.0,Young,3-5 years,0,0,0.42443207,0,Medium Risk
33,44000,RENT,6.0,DEBTCONSOLIDATION,D,6000,14.96,0.14,N,8,0.13636363636363635,3666.6666666666665,1.6363636363636365,Adult,6-10 years,0,1,0.99129266,1,High Risk
26,71040,MORTGAGE,1.0,DEBTCONSOLIDATION,A,3000,5.79,0.04,N,2,0.04222972972972973,5920.0,0.5067567567567568,Adult,0-2 years,0,0,0.030964775,0,Low Risk
28,118000,RENT,7.0,DEBTCONSOLIDATION,A,4800,8.9,0.04,N,6,0.04067796610169491,9833.333333333334,0.48813559322033895,Adult,6-10 years,0,0,0.13221891,0,Low Risk
25,81000,RENT,5.0,DEBTCONSOLIDATION,A,25000,7.29,0.31,N,3,0.30864197530864196,6750.0,3.7037037037037037,Young,3-5 years,1,1,0.9721581,1,High Risk
29,55000,MORTGAGE,11.0,MEDICAL,B,4000,10.99,0.07,N,6,0.07272727272727272,4583.333333333333,0.8727272727272728,Adult,10+ years,0,0,0.27748156,0,Low Risk
28,76500,MORTGAGE,12.0,MEDICAL,B,10000,12.42,0.13,N,7,0.13071895424836602,6375.0,1.5686274509803921,Adult,10+ years,0,0,0.19234641,0,Low Risk
31,43812,RENT,2.0,MEDICAL,C,2400,14.35,0.05,N,5,0.054779512462339086,3651.0,0.657354149548069,Adult,0-2 years,0,0,0.21160525,0,Low Risk
24,41000,RENT,4.0,EDUCATION,A,10000,6.99,0.24,N,4,0.24390243902439024,3416.6666666666665,2.926829268292683,Young,3-5 years,0,0,0.105408624,0,Low Risk
32,75000,RENT,4.0,MEDICAL,B,5000,9.99,0.07,N,8,0.06666666666666667,6250.0,0.8,Adult,3-5 years,0,0,0.09128064,0,Low Risk
24,55000,MORTGAGE,5.0,PERSONAL,B,3100,11.71,0.06,N,2,0.056363636363636366,4583.333333333333,0.6763636363636364,Young,3-5 years,0,0,0.17597723,0,Low Risk
38,53052,RENT,0.0,EDUCATION,B,8000,,0.15,N,15,0.15079544597753147,4421.0,1.8095453517303777,Middle Age,0-2 years,0,0,0.20841955,0,Low Risk
27,35000,RENT,5.0,VENTURE,C,10000,13.48,0.29,N,10,0.2857142857142857,2916.6666666666665,3.428571428571429,Adult,3-5 years,0,0,0.22076944,0,Low Risk
23,44000,RENT,4.0,PERSONAL,B,3000,9.62,0.07,N,4,0.06818181818181818,3666.6666666666665,0.8181818181818182,Young,3-5 years,0,1,0.54250336,1,Medium Risk
29,35000,RENT,7.0,MEDICAL,C,7000,12.68,0.2,Y,9,0.2,2916.6666666666665,2.4,Adult,6-10 years,0,0,0.19922315,0,Low Risk
33,20640,OWN,0.0,HOMEIMPROVEMENT,D,6250,14.84,0.3,N,7,0.3028100775193798,1720.0,3.633720930232558,Adult,0-2 years,1,0,0.011723632,0,Low Risk
46,80000,MORTGAGE,3.0,HOMEIMPROVEMENT,A,10000,6.17,0.13,N,13,0.125,6666.666666666667,1.5,Middle Age,3-5 years,0,0,0.009065916,0,Low Risk
26,66000,RENT,2.0,PERSONAL,D,15000,16.02,0.23,N,2,0.22727272727272727,5500.0,2.727272727272727,Adult,0-2 years,0,1,0.9513608,1,High Risk
46,58000,MORTGAGE,10.0,PERSONAL,C,6300,11.03,0.11,N,13,0.10862068965517241,4833.333333333333,1.3034482758620691,Middle Age,6-10 years,0,0,0.25278354,0,Low Risk
24,29000,RENT,0.0,DEBTCONSOLIDATION,B,6250,10.99,0.22,N,2,0.21551724137931033,2416.6666666666665,2.586206896551724,Young,0-2 years,0,0,0.3945128,0,Medium Risk
23,68000,RENT,1.0,EDUCATION,B,7500,11.49,0.11,N,3,0.11029411764705882,5666.666666666667,1.3235294117647058,Young,0-2 years,0,0,0.13146017,0,Low Risk
22,60000,RENT,0.0,MEDICAL,A,5500,7.88,0.09,N,2,0.09166666666666666,5000.0,1.1,Young,0-2 years,0,0,0.03216069,0,Low Risk
38,94000,RENT,3.0,PERSONAL,D,5000,15.33,0.05,Y,16,0.05319148936170213,7833.333333333333,0.6382978723404256,Middle Age,3-5 years,0,0,0.33594763,0,Medium Risk
31,70000,RENT,0.0,PERSONAL,C,10000,,0.14,Y,8,0.14285714285714285,5833.333333333333,1.7142857142857144,Adult,0-2 years,0,0,0.10591952,0,Low Risk
23,65000,MORTGAGE,7.0,VENTURE,A,6250,6.76,0.1,N,2,0.09615384615384616,5416.666666666667,1.1538461538461537,Young,6-10 years,0,0,0.00354785,0,Low Risk
25,130000,MORTGAGE,3.0,HOMEIMPROVEMENT,C,8000,13.49,0.06,N,4,0.06153846153846154,10833.333333333334,0.7384615384615384,Young,3-5 years,0,0,0.15634239,0,Low Risk
32,73000,MORTGAGE,3.0,HOMEIMPROVEMENT,A,8500,7.29,0.12,N,10,0.11643835616438356,6083.333333333333,1.3972602739726028,Adult,3-5 years,0,0,0.07936526,0,Low Risk
35,32000,MORTGAGE,1.0,DEBTCONSOLIDATION,D,10750,14.96,0.34,Y,5,0.3359375,2666.6666666666665,4.03125,Adult,0-2 years,1,1,0.9679937,1,High Risk
25,42000,RENT,1.0,DEBTCONSOLIDATION,B,6000,,0.14,N,2,0.14285714285714285,3500.0,1.7142857142857142,Young,0-2 years,0,0,0.2398663,0,Low Risk
23,43600,OWN,7.0,EDUCATION,C,15000,,0.34,N,3,0.3440366972477064,3633.3333333333335,4.128440366972477,Young,6-10 years,1,0,0.0045813015,0,Low Risk
24,65000,MORTGAGE,1.0,PERSONAL,B,6000,10.99,0.09,N,2,0.09230769230769231,5416.666666666667,1.1076923076923075,Young,0-2 years,0,0,0.106263496,0,Low Risk
26,43200,MORTGAGE,10.0,HOMEIMPROVEMENT,B,2500,9.88,0.06,N,4,0.05787037037037037,3600.0,0.6944444444444444,Adult,6-10 years,0,0,0.3777994,0,Medium Risk
25,82000,RENT,1.0,EDUCATION,E,22000,17.51,0.27,N,2,0.2682926829268293,6833.333333333333,3.2195121951219514,Young,0-2 years,0,1,0.95073116,1,High Risk
38,100280,MORTGAGE,1.0,VENTURE,B,17850,11.99,0.18,N,17,0.17800159553250897,8356.666666666666,2.1360191463901077,Middle Age,0-2 years,0,0,0.0054576364,0,Low Risk
24,50000,RENT,1.0,DEBTCONSOLIDATION,C,1500,14.26,0.03,N,2,0.03,4166.666666666667,0.36,Young,0-2 years,0,0,0.257745,0,Low Risk
26,125000,MORTGAGE,2.0,DEBTCONSOLIDATION,C,20000,13.11,0.16,N,2,0.16,10416.666666666666,1.9200000000000002,Adult,0-2 years,0,0,0.15246919,0,Low Risk
32,39000,RENT,5.0,MEDICAL,D,5000,14.09,0.13,N,10,0.1282051282051282,3250.0,1.5384615384615385,Adult,3-5 years,0,1,0.9433862,1,High Risk
36,124000,MORTGAGE,2.0,DEBTCONSOLIDATION,C,2000,12.99,0.02,Y,16,0.016129032258064516,10333.333333333334,0.1935483870967742,Middle Age,0-2 years,0,0,0.14426386,0,Low Risk
21,23000,MORTGAGE,2.0,MEDICAL,A,7000,8.9,0.3,N,3,0.30434782608695654,1916.6666666666667,3.652173913043478,Young,0-2 years,1,0,0.21933852,0,Low Risk
22,59000,RENT,2.0,EDUCATION,A,7200,8.0,0.12,N,3,0.12203389830508475,4916.666666666667,1.464406779661017,Young,0-2 years,0,0,0.1916262,0,Low Risk
39,115000,MORTGAGE,6.0,VENTURE,D,25000,15.58,0.22,Y,17,0.21739130434782608,9583.333333333334,2.608695652173913,Middle Age,6-10 years,0,0,0.5062265,1,Medium Risk
28,28800,RENT,1.0,EDUCATION,C,15000,14.65,0.52,Y,8,0.5208333333333334,2400.0,6.25,Adult,0-2 years,1,1,0.99489367,1,High Risk
24,45000,RENT,3.0,PERSONAL,A,7800,7.51,0.17,N,3,0.17333333333333334,3750.0,2.08,Young,3-5 years,0,0,0.08511074,0,Low Risk
30,56604,MORTGAGE,3.0,VENTURE,D,3000,17.58,0.05,N,9,0.052999788000847994,4717.0,0.635997456010176,Adult,3-5 years,0,0,0.39163736,0,Medium Risk
36,74000,MORTGAGE,9.0,EDUCATION,B,1500,10.62,0.02,N,16,0.02027027027027027,6166.666666666667,0.24324324324324323,Middle Age,6-10 years,0,0,0.28368938,0,Low Risk
37,200000,MORTGAGE,7.0,EDUCATION,D,25000,15.57,0.13,N,14,0.125,16666.666666666668,1.5,Middle Age,6-10 years,0,0,0.2472761,0,Low Risk
35,154000,OWN,13.0,VENTURE,A,12000,6.92,0.08,N,5,0.07792207792207792,12833.333333333334,0.935064935064935,Adult,10+ years,0,0,0.00024051168,0,Low Risk
22,30004,OWN,6.0,EDUCATION,A,7500,,0.25,N,2,0.2499666711105186,2500.3333333333335,2.999600053326223,Young,6-10 years,0,0,0.00689662,0,Low Risk
29,47500,RENT,0.0,PERSONAL,A,12000,8.94,0.25,N,5,0.25263157894736843,3958.3333333333335,3.031578947368421,Adult,0-2 years,0,0,0.1236106,0,Low Risk
35,31732,MORTGAGE,0.0,DEBTCONSOLIDATION,C,8000,13.92,0.25,N,5,0.25211143325349805,2644.3333333333335,3.025337199041976,Adult,0-2 years,0,1,0.4762974,0,Medium Risk
23,30000,MORTGAGE,0.0,DEBTCONSOLIDATION,C,1000,13.72,0.03,N,4,0.03333333333333333,2500.0,0.4,Young,0-2 years,0,0,0.6092302,1,High Risk
27,84000,RENT,1.0,HOMEIMPROVEMENT,C,20000,13.49,0.24,N,8,0.23809523809523808,7000.0,2.857142857142857,Adult,0-2 years,0,0,0.31294346,0,Medium Risk
23,21996,RENT,6.0,VENTURE,C,6000,13.47,0.27,Y,3,0.27277686852154936,1833.0,3.2733224222585924,Young,6-10 years,0,0,0.3197577,0,Medium Risk
32,40000,RENT,3.0,DEBTCONSOLIDATION,B,12000,11.89,0.3,N,10,0.3,3333.3333333333335,3.5999999999999996,Adult,3-5 years,1,0,0.13477223,0,Low Risk
36,50000,RENT,5.0,EDUCATION,A,6500,,0.13,N,15,0.13,4166.666666666667,1.5599999999999998,Middle Age,3-5 years,0,0,0.028816076,0,Low Risk
29,95000,RENT,0.0,VENTURE,B,6000,11.49,0.06,N,7,0.06315789473684211,7916.666666666667,0.7578947368421053,Adult,0-2 years,0,0,0.011583273,0,Low Risk
23,29000,OWN,,EDUCATION,F,10000,18.62,0.34,N,4,0.3448275862068966,2416.6666666666665,4.137931034482759,Young,,1,1,0.715846,1,High Risk
37,74568,RENT,0.0,PERSONAL,C,6000,14.26,0.08,Y,16,0.0804634695848085,6214.0,0.965561635017702,Middle Age,0-2 years,0,0,0.41021556,0,Medium Risk
25,29000,RENT,9.0,PERSONAL,A,11000,8.49,0.38,N,2,0.3793103448275862,2416.6666666666665,4.551724137931035,Young,6-10 years,1,1,0.99680734,1,High Risk
38,95000,OWN,6.0,HOMEIMPROVEMENT,E,14000,17.74,0.15,Y,17,0.14736842105263157,7916.666666666667,1.768421052631579,Middle Age,6-10 years,0,0,0.09850283,0,Low Risk
24,60140,RENT,2.0,DEBTCONSOLIDATION,A,7000,8.59,0.12,N,4,0.11639507815098105,5011.666666666667,1.3967409378117726,Young,0-2 years,0,0,0.0847076,0,Low Risk
22,46800,RENT,5.0,DEBTCONSOLIDATION,B,2800,10.37,0.06,N,3,0.05982905982905983,3900.0,0.717948717948718,Young,3-5 years,0,0,0.18493554,0,Low Risk
27,192000,MORTGAGE,11.0,DEBTCONSOLIDATION,D,15000,17.58,0.08,N,8,0.078125,16000.0,0.9375,Adult,10+ years,0,1,0.97651947,1,High Risk
26,22440,OWN,10.0,VENTURE,B,4750,11.86,0.21,N,4,0.21167557932263814,1870.0,2.5401069518716577,Adult,6-10 years,0,0,0.0008924081,0,Low Risk
25,50000,MORTGAGE,9.0,HOMEIMPROVEMENT,B,8000,10.0,0.16,N,2,0.16,4166.666666666667,1.92,Young,6-10 years,0,0,0.11142937,0,Low Risk
30,45000,MORTGAGE,4.0,DEBTCONSOLIDATION,B,4450,10.37,0.1,N,6,0.09888888888888889,3750.0,1.1866666666666668,Adult,3-5 years,0,0,0.11458121,0,Low Risk
31,57400,MORTGAGE,6.0,PERSONAL,A,7600,5.99,0.13,N,10,0.13240418118466898,4783.333333333333,1.588850174216028,Adult,6-10 years,0,0,0.0775085,0,Low Risk
32,95000,MORTGAGE,13.0,HOMEIMPROVEMENT,D,8000,14.84,0.08,N,9,0.08421052631578947,7916.666666666667,1.0105263157894737,Adult,10+ years,0,0,0.31739208,0,Medium Risk
26,44000,MORTGAGE,8.0,MEDICAL,G,12000,18.84,0.27,Y,3,0.2727272727272727,3666.6666666666665,3.272727272727273,Adult,6-10 years,0,1,0.99471045,1,High Risk
24,19200,RENT,0.0,EDUCATION,B,6000,10.59,0.31,N,3,0.3125,1600.0,3.75,Young,0-2 years,1,1,0.99810153,1,High Risk
28,43000,MORTGAGE,6.0,VENTURE,A,15000,6.03,0.35,N,5,0.3488372093023256,3583.3333333333335,4.186046511627906,Adult,6-10 years,1,0,0.032853566,0,Low Risk
37,50000,RENT,0.0,DEBTCONSOLIDATION,B,5000,11.89,0.1,N,12,0.1,4166.666666666667,1.2,Middle Age,0-2 years,0,0,0.1820434,0,Low Risk
22,65000,MORTGAGE,6.0,VENTURE,B,6000,,0.09,N,2,0.09230769230769231,5416.666666666667,1.1076923076923075,Young,6-10 years,0,0,0.012647372,0,Low Risk
28,37584,OWN,2.0,MEDICAL,B,20000,11.48,0.53,N,5,0.5321413367390379,3132.0,6.385696040868455,Adult,0-2 years,1,0,0.017116455,0,Low Risk
23,84996,MORTGAGE,5.0,PERSONAL,A,14000,,0.16,N,3,0.16471363358275684,7083.0,1.976563602993082,Young,3-5 years,0,0,0.057394605,0,Low Risk
23,30000,RENT,3.0,DEBTCONSOLIDATION,B,6000,11.71,0.2,N,4,0.2,2500.0,2.4,Young,3-5 years,0,0,0.5073694,1,Medium Risk
28,54000,MORTGAGE,3.0,VENTURE,B,10000,9.99,0.19,N,9,0.18518518518518517,4500.0,2.2222222222222223,Adult,3-5 years,0,0,0.026790353,0,Low Risk
22,69950,MORTGAGE,6.0,EDUCATION,C,9750,14.65,0.14,N,2,0.139385275196569,5829.166666666667,1.6726233023588277,Young,6-10 years,0,0,0.21826962,0,Low Risk
22,60000,RENT,0.0,DEBTCONSOLIDATION,B,6600,10.59,0.11,N,2,0.11,5000.0,1.32,Young,0-2 years,0,0,0.084024884,0,Low Risk
32,51250,RENT,2.0,MEDICAL,A,11000,7.29,0.21,N,5,0.2146341463414634,4270.833333333333,2.575609756097561,Adult,0-2 years,0,0,0.10345923,0,Low Risk
33,67800,RENT,3.0,HOMEIMPROVEMENT,B,18000,10.08,0.27,N,6,0.26548672566371684,5650.0,3.185840707964602,Adult,3-5 years,0,0,0.21566927,0,Low Risk
36,54000,RENT,2.0,HOMEIMPROVEMENT,A,7500,,0.14,N,14,0.1388888888888889,4500.0,1.6666666666666667,Middle Age,0-2 years,0,1,0.3555389,0,Medium Risk
28,78000,RENT,5.0,HOMEIMPROVEMENT,B,20000,11.48,0.26,N,5,0.2564102564102564,6500.0,3.076923076923077,Adult,3-5 years,0,0,0.5462706,1,Medium Risk
21,151000,MORTGAGE,5.0,VENTURE,B,8000,11.12,0.05,N,2,0.052980132450331126,12583.333333333334,0.6357615894039734,Young,3-5 years,0,0,0.0049300464,0,Low Risk
29,69996,RENT,0.0,EDUCATION,B,2400,11.11,0.03,N,6,0.0342876735813475,5833.0,0.4114520829761701,Adult,0-2 years,0,0,0.08857616,0,Low Risk
27,42000,MORTGAGE,0.0,HOMEIMPROVEMENT,A,4200,6.76,0.1,N,7,0.1,3500.0,1.2,Adult,0-2 years,0,0,0.16942687,0,Low Risk
23,28000,OWN,1.0,EDUCATION,C,7500,,0.27,N,4,0.26785714285714285,2333.3333333333335,3.214285714285714,Young,0-2 years,0,0,0.0029774068,0,Low Risk
21,30000,RENT,5.0,VENTURE,B,10000,11.99,0.33,N,4,0.3333333333333333,2500.0,4.0,Young,3-5 years,1,1,0.99617743,1,High Risk
34,90000,MORTGAGE,15.0,VENTURE,A,15000,6.99,0.17,N,6,0.16666666666666666,7500.0,2.0,Adult,10+ years,0,0,0.0026615912,0,Low Risk
22,40000,RENT,1.0,DEBTCONSOLIDATION,A,2800,7.49,0.07,N,4,0.07,3333.3333333333335,0.84,Young,0-2 years,0,0,0.09296129,0,Low Risk
35,29311,RENT,,EDUCATION,A,1000,7.49,0.03,N,9,0.03411688444611238,2442.5833333333335,0.40940261335334854,Adult,,0,0,0.509172,1,Medium Risk
23,45000,RENT,0.0,EDUCATION,C,1000,14.26,0.02,Y,2,0.022222222222222223,3750.0,0.26666666666666666,Young,0-2 years,0,0,0.16115965,0,Low Risk
40,68000,MORTGAGE,1.0,PERSONAL,A,9200,8.94,0.14,N,11,0.13529411764705881,5666.666666666667,1.6235294117647059,Middle Age,0-2 years,0,0,0.06971199,0,Low Risk
22,130000,MORTGAGE,3.0,VENTURE,B,24250,12.18,0.19,N,4,0.18653846153846154,10833.333333333334,2.2384615384615385,Young,3-5 years,0,0,0.011471029,0,Low Risk
23,48000,RENT,2.0,DEBTCONSOLIDATION,B,15000,10.75,0.31,N,3,0.3125,4000.0,3.75,Young,0-2 years,1,1,0.9862018,1,High Risk
29,190000,MORTGAGE,5.0,PERSONAL,A,4000,6.62,0.02,N,5,0.021052631578947368,15833.333333333334,0.25263157894736843,Adult,3-5 years,0,0,0.031069938,0,Low Risk
22,23000,MORTGAGE,1.0,EDUCATION,A,2400,9.63,0.1,N,4,0.10434782608695652,1916.6666666666667,1.2521739130434781,Young,0-2 years,0,0,0.13136855,0,Low Risk
23,60000,RENT,4.0,VENTURE,B,15000,11.83,0.25,N,3,0.25,5000.0,3.0,Young,3-5 years,0,0,0.012041248,0,Low Risk
44,189996,MORTGAGE,12.0,PERSONAL,C,8000,13.16,0.04,N,15,0.04210614960314954,15833.0,0.5052737952377945,Middle Age,10+ years,0,0,0.069195524,0,Low Risk
28,55000,RENT,3.0,MEDICAL,B,6000,10.74,0.11,N,8,0.10909090909090909,4583.333333333333,1.309090909090909,Adult,3-5 years,0,0,0.10464481,0,Low Risk
25,165000,MORTGAGE,0.0,HOMEIMPROVEMENT,F,25000,19.74,0.15,N,4,0.15151515151515152,13750.0,1.8181818181818181,Young,0-2 years,0,0,0.766221,1,High Risk
23,71000,MORTGAGE,7.0,VENTURE,A,8500,5.79,0.12,N,2,0.11971830985915492,5916.666666666667,1.436619718309859,Young,6-10 years,0,0,0.003587594,0,Low Risk
24,70000,MORTGAGE,3.0,DEBTCONSOLIDATION,B,11000,,0.16,N,3,0.15714285714285714,5833.333333333333,1.885714285714286,Young,3-5 years,0,0,0.09732637,0,Low Risk
25,113000,RENT,7.0,MEDICAL,C,25000,12.73,0.22,Y,4,0.22123893805309736,9416.666666666666,2.6548672566371683,Young,6-10 years,0,0,0.3844612,0,Medium Risk
27,79636,RENT,11.0,PERSONAL,D,19200,13.87,0.24,Y,9,0.2410969913104626,6636.333333333333,2.8931638957255514,Adult,10+ years,0,0,0.75650537,1,High Risk
30,42600,RENT,13.0,VENTURE,B,12000,11.71,0.28,N,8,0.28169014084507044,3550.0,3.380281690140845,Adult,10+ years,0,0,0.024835821,0,Low Risk
25,200000,MORTGAGE,2.0,DEBTCONSOLIDATION,B,15500,11.99,0.08,N,2,0.0775,16666.666666666668,0.9299999999999999,Young,0-2 years,0,0,0.10948398,0,Low Risk
24,105996,MORTGAGE,7.0,MEDICAL,A,3000,7.51,0.03,N,3,0.028302954828484092,8833.0,0.3396354579418091,Young,6-10 years,0,0,0.031085324,0,Low Risk
26,37500,MORTGAGE,4.0,DEBTCONSOLIDATION,A,7000,6.54,0.19,N,4,0.18666666666666668,3125.0,2.24,Adult,3-5 years,0,0,0.15675922,0,Low Risk
32,84456,RENT,5.0,DEBTCONSOLIDATION,B,10000,9.88,0.12,N,10,0.11840484986265037,7038.0,1.4208581983518045,Adult,3-5 years,0,0,0.081329554,0,Low Risk
34,130000,RENT,18.0,VENTURE,A,16000,6.03,0.12,N,6,0.12307692307692308,10833.333333333334,1.4769230769230768,Adult,10+ years,0,0,0.0028203842,0,Low Risk
32,120000,MORTGAGE,16.0,HOMEIMPROVEMENT,D,6000,12.17,0.05,N,8,0.05,10000.0,0.6,Adult,10+ years,0,0,0.4004715,0,Medium Risk
35,32000,RENT,4.0,MEDICAL,A,14500,6.17,0.45,N,9,0.453125,2666.6666666666665,5.4375,Adult,3-5 years,1,1,0.98851585,1,High Risk
28,15600,RENT,4.0,HOMEIMPROVEMENT,B,5000,10.37,0.32,N,9,0.32051282051282054,1300.0,3.8461538461538463,Adult,3-5 years,1,1,0.9994342,1,High Risk
34,37000,RENT,2.0,MEDICAL,D,16000,12.99,0.43,Y,9,0.43243243243243246,3083.3333333333335,5.189189189189189,Adult,0-2 years,1,1,0.9968753,1,High Risk
23,125000,MORTGAGE,6.0,EDUCATION,A,35000,8.9,0.28,N,4,0.28,10416.666666666666,3.3600000000000003,Young,6-10 years,0,0,0.037318595,0,Low Risk
36,38568,RENT,7.0,PERSONAL,E,2400,18.39,0.06,Y,12,0.06222775357809583,3214.0,0.7467330429371499,Middle Age,6-10 years,0,0,0.4014302,0,Medium Risk
22,37342,RENT,3.0,VENTURE,C,4500,11.03,0.12,Y,2,0.1205077392748112,3111.8333333333335,1.4460928712977343,Young,3-5 years,0,0,0.32919148,0,Medium Risk
35,100000,MORTGAGE,14.0,VENTURE,A,10000,6.62,0.1,N,8,0.1,8333.333333333334,1.2,Adult,10+ years,0,0,0.0015387719,0,Low Risk
30,76200,MORTGAGE,3.0,HOMEIMPROVEMENT,A,3200,8.49,0.04,N,7,0.04199475065616798,6350.0,0.5039370078740157,Adult,3-5 years,0,0,0.17764743,0,Low Risk
23,78000,MORTGAGE,7.0,VENTURE,A,4600,7.66,0.06,N,3,0.05897435897435897,6500.0,0.7076923076923077,Young,6-10 years,0,0,0.01614485,0,Low Risk
40,53000,RENT,2.0,HOMEIMPROVEMENT,A,12000,7.88,0.23,N,11,0.22641509433962265,4416.666666666667,2.7169811320754715,Middle Age,0-2 years,0,0,0.0734528,0,Low Risk
31,110000,RENT,15.0,DEBTCONSOLIDATION,A,6000,6.99,0.05,N,6,0.05454545454545454,9166.666666666666,0.6545454545454545,Adult,10+ years,0,0,0.011299026,0,Low Risk
24,84000,RENT,3.0,MEDICAL,B,13000,11.83,0.15,N,3,0.15476190476190477,7000.0,1.8571428571428572,Young,3-5 years,0,0,0.0691717,0,Low Risk
29,60000,RENT,13.0,HOMEIMPROVEMENT,D,17000,14.96,0.28,N,8,0.2833333333333333,5000.0,3.4,Adult,10+ years,0,0,0.5230624,1,Medium Risk
27,33996,RENT,8.0,DEBTCONSOLIDATION,D,6000,15.31,0.18,Y,5,0.17649135192375573,2833.0,2.1178962230850686,Adult,6-10 years,0,1,0.9890422,1,High Risk
32,47900,RENT,2.0,EDUCATION,A,11000,7.51,0.23,N,7,0.22964509394572025,3991.6666666666665,2.755741127348643,Adult,0-2 years,0,0,0.08780539,0,Low Risk
26,87300,MORTGAGE,0.0,VENTURE,C,6000,10.28,0.07,Y,4,0.06872852233676977,7275.0,0.8247422680412371,Adult,0-2 years,0,0,0.17786863,0,Low Risk
24,40000,MORTGAGE,2.0,VENTURE,B,10000,11.83,0.25,N,3,0.25,3333.3333333333335,3.0,Young,0-2 years,0,0,0.011426044,0,Low Risk
22,54000,RENT,2.0,MEDICAL,D,10000,13.36,0.19,Y,3,0.18518518518518517,4500.0,2.2222222222222223,Young,0-2 years,0,1,0.98037374,1,High Risk
24,45000,MORTGAGE,8.0,PERSONAL,A,4000,,0.09,N,2,0.08888888888888889,3750.0,1.0666666666666667,Young,6-10 years,0,0,0.10991642,0,Low Risk
28,85000,RENT,8.0,EDUCATION,B,8000,11.71,0.09,N,6,0.09411764705882353,7083.333333333333,1.1294117647058823,Adult,6-10 years,0,0,0.12039046,0,Low Risk
29,48000,MORTGAGE,13.0,MEDICAL,A,4975,5.79,0.1,N,7,0.10364583333333334,4000.0,1.24375,Adult,10+ years,0,0,0.17144652,0,Low Risk
22,73000,MORTGAGE,6.0,MEDICAL,A,5000,7.49,0.07,N,2,0.0684931506849315,6083.333333333333,0.8219178082191781,Young,6-10 years,0,0,0.4054197,0,Medium Risk
37,65000,RENT,2.0,PERSONAL,B,20000,10.25,0.31,N,16,0.3076923076923077,5416.666666666667,3.692307692307692,Middle Age,0-2 years,1,1,0.959084,1,High Risk
26,75000,OWN,10.0,EDUCATION,C,7200,,0.1,N,3,0.096,6250.0,1.152,Adult,6-10 years,0,0,0.0032334833,0,Low Risk
29,32400,RENT,,MEDICAL,A,5000,8.9,0.15,N,8,0.15432098765432098,2700.0,1.8518518518518519,Adult,,0,0,0.2507896,0,Low Risk
24,16800,RENT,3.0,MEDICAL,C,2400,13.98,0.14,Y,4,0.14285714285714285,1400.0,1.7142857142857142,Young,3-5 years,0,1,0.27198645,0,Low Risk
30,57600,MORTGAGE,0.0,HOMEIMPROVEMENT,C,6000,14.65,0.1,N,8,0.10416666666666667,4800.0,1.25,Adult,0-2 years,0,0,0.42313695,0,Medium Risk
27,124100,RENT,3.0,MEDICAL,C,10175,12.99,0.07,N,6,0.08199033037872683,10341.666666666666,0.983883964544722,Adult,3-5 years,0,1,0.19489561,0,Low Risk
24,23000,RENT,0.0,HOMEIMPROVEMENT,C,8000,13.49,0.35,N,4,0.34782608695652173,1916.6666666666667,4.173913043478261,Young,0-2 years,1,1,0.99655163,1,High Risk
27,69996,RENT,3.0,HOMEIMPROVEMENT,D,10800,14.91,0.15,N,6,0.15429453111606378,5833.0,1.8515343733927654,Adult,3-5 years,0,0,0.31106028,0,Medium Risk
29,18000,RENT,,VENTURE,B,6400,10.37,0.36,N,5,0.35555555555555557,1500.0,4.266666666666667,Adult,,1,1,0.99906665,1,High Risk
31,48000,RENT,5.0,EDUCATION,B,11200,,0.23,N,5,0.23333333333333334,4000.0,2.8,Adult,3-5 years,0,0,0.19372438,0,Low Risk
25,54000,RENT,0.0,HOMEIMPROVEMENT,C,10000,15.23,0.19,N,4,0.18518518518518517,4500.0,2.2222222222222223,Young,0-2 years,0,1,0.7035964,1,High Risk
30,79416,MORTGAGE,12.0,MEDICAL,C,6000,13.49,0.08,Y,8,0.07555152614082805,6618.0,0.9066183136899365,Adult,10+ years,0,0,0.30083895,0,Medium Risk
22,58000,RENT,3.0,PERSONAL,B,1800,12.18,0.03,N,2,0.03103448275862069,4833.333333333333,0.3724137931034483,Young,3-5 years,0,0,0.1867676,0,Low Risk
25,42000,RENT,9.0,MEDICAL,C,10000,14.27,0.24,N,2,0.23809523809523808,3500.0,2.857142857142857,Young,6-10 years,0,0,0.39248925,0,Medium Risk
31,64000,RENT,9.0,HOMEIMPROVEMENT,C,8000,14.22,0.13,Y,9,0.125,5333.333333333333,1.5,Adult,6-10 years,0,0,0.49743438,0,Medium Risk
23,55000,MORTGAGE,0.0,PERSONAL,A,2000,,0.04,N,2,0.03636363636363636,4583.333333333333,0.4363636363636364,Young,0-2 years,0,0,0.106059335,0,Low Risk
22,36750,RENT,6.0,EDUCATION,D,7500,14.84,0.2,N,3,0.20408163265306123,3062.5,2.4489795918367347,Young,6-10 years,0,0,0.50539744,1,Medium Risk
22,54000,MORTGAGE,1.0,MEDICAL,C,4000,13.98,0.07,N,4,0.07407407407407407,4500.0,0.8888888888888888,Young,0-2 years,0,0,0.5331965,1,Medium Risk
29,92000,RENT,2.0,DEBTCONSOLIDATION,C,20000,13.72,0.22,N,10,0.21739130434782608,7666.666666666667,2.608695652173913,Adult,0-2 years,0,0,0.20431077,0,Low Risk
27,78000,RENT,4.0,PERSONAL,B,24000,10.99,0.31,N,10,0.3076923076923077,6500.0,3.6923076923076925,Adult,3-5 years,1,1,0.9930311,1,High Risk
37,74784,RENT,8.0,HOMEIMPROVEMENT,E,15000,14.5,0.2,N,15,0.20057766367137356,6232.0,2.406931964056483,Middle Age,6-10 years,0,0,0.529465,1,Medium Risk
32,38000,OWN,2.0,VENTURE,C,4000,14.65,0.11,N,9,0.10526315789473684,3166.6666666666665,1.2631578947368423,Adult,0-2 years,0,0,0.0033092517,0,Low Risk
35,110000,MORTGAGE,4.0,MEDICAL,C,4000,13.79,0.04,N,6,0.03636363636363636,9166.666666666666,0.4363636363636364,Adult,3-5 years,0,0,0.11470402,0,Low Risk
25,44000,MORTGAGE,9.0,DEBTCONSOLIDATION,A,9800,7.49,0.22,N,4,0.22272727272727272,3666.6666666666665,2.672727272727273,Young,6-10 years,0,1,0.31714728,0,Medium Risk
24,84000,RENT,1.0,PERSONAL,A,12000,6.91,0.14,N,2,0.14285714285714285,7000.0,1.7142857142857142,Young,0-2 years,0,0,0.01643755,0,Low Risk
31,50000,RENT,5.0,HOMEIMPROVEMENT,E,2500,17.04,0.05,Y,10,0.05,4166.666666666667,0.6,Adult,3-5 years,0,0,0.25669417,0,Low Risk
23,75000,RENT,1.0,MEDICAL,A,6000,6.03,0.08,N,3,0.08,6250.0,0.96,Young,0-2 years,0,0,0.022088405,0,Low Risk
36,22000,MORTGAGE,0.0,EDUCATION,A,8000,6.99,0.36,N,17,0.36363636363636365,1833.3333333333333,4.363636363636364,Middle Age,0-2 years,1,0,0.38381892,0,Medium Risk
25,49200,MORTGAGE,6.0,MEDICAL,A,5600,7.49,0.11,N,3,0.11382113821138211,4100.0,1.3658536585365855,Young,6-10 years,0,0,0.27838135,0,Low Risk
24,50000,RENT,0.0,VENTURE,C,11200,13.85,0.22,Y,3,0.224,4166.666666666667,2.6879999999999997,Young,0-2 years,0,0,0.114415705,0,Low Risk
29,48000,MORTGAGE,3.0,VENTURE,A,3250,6.76,0.07,N,7,0.06770833333333333,4000.0,0.8125,Adult,3-5 years,0,0,0.0055541447,0,Low Risk
25,22880,RENT,2.0,VENTURE,C,7000,,0.31,N,3,0.30594405594405594,1906.6666666666667,3.6713286713286712,Young,0-2 years,1,1,0.9708692,1,High Risk
28,53000,RENT,2.0,MEDICAL,A,8500,5.79,0.16,N,9,0.16037735849056603,4416.666666666667,1.9245283018867922,Adult,0-2 years,0,0,0.07287649,0,Low Risk
23,45000,RENT,0.0,VENTURE,C,6225,11.54,0.14,Y,4,0.13833333333333334,3750.0,1.66,Young,0-2 years,0,0,0.24811332,0,Low Risk
28,65000,RENT,2.0,HOMEIMPROVEMENT,C,7200,13.98,0.11,Y,5,0.11076923076923077,5416.666666666667,1.3292307692307692,Adult,0-2 years,0,0,0.20128357,0,Low Risk
25,12996,OWN,1.0,MEDICAL,D,3600,14.59,0.28,N,3,0.2770083102493075,1083.0,3.3240997229916895,Young,0-2 years,0,1,0.99822813,1,High Risk
31,83000,MORTGAGE,11.0,MEDICAL,A,7500,,0.09,N,10,0.09036144578313253,6916.666666666667,1.0843373493975903,Adult,10+ years,0,0,0.10098877,0,Low Risk
32,125000,MORTGAGE,4.0,EDUCATION,A,9000,6.62,0.07,N,10,0.072,10416.666666666666,0.8640000000000001,Adult,3-5 years,0,0,0.01648175,0,Low Risk
23,66348,RENT,0.0,VENTURE,E,7000,17.04,0.11,N,4,0.10550431060469043,5529.0,1.266051727256285,Young,0-2 years,0,1,0.9503236,1,High Risk
22,45000,RENT,4.0,EDUCATION,B,10000,10.65,0.22,N,3,0.2222222222222222,3750.0,2.6666666666666665,Young,3-5 years,0,0,0.12598574,0,Low Risk
26,48000,MORTGAGE,10.0,VENTURE,A,4000,,0.08,N,2,0.08333333333333333,4000.0,1.0,Adult,6-10 years,0,0,0.019905388,0,Low Risk
27,31200,MORTGAGE,4.0,EDUCATION,C,15000,14.27,0.48,Y,10,0.4807692307692308,2600.0,5.769230769230769,Adult,3-5 years,1,0,0.40806022,0,Medium Risk
33,36500,MORTGAGE,4.0,HOMEIMPROVEMENT,A,8500,,0.23,N,6,0.2328767123287671,3041.6666666666665,2.7945205479452055,Adult,3-5 years,0,0,0.24882603,0,Low Risk
34,44000,RENT,0.0,EDUCATION,C,3400,13.49,0.08,Y,8,0.07727272727272727,3666.6666666666665,0.9272727272727274,Adult,0-2 years,0,0,0.4758003,0,Medium Risk
28,83004,RENT,13.0,MEDICAL,A,21600,6.91,0.26,N,10,0.26022842272661556,6917.0,3.122741072719387,Adult,10+ years,0,0,0.13445236,0,Low Risk
22,57600,MORTGAGE,2.0,DEBTCONSOLIDATION,C,4000,,0.07,Y,2,0.06944444444444445,4800.0,0.8333333333333334,Young,0-2 years,0,0,0.28918594,0,Low Risk
23,98000,MORTGAGE,7.0,DEBTCONSOLIDATION,C,20000,13.57,0.2,N,4,0.20408163265306123,8166.666666666667,2.4489795918367347,Young,6-10 years,0,0,0.29719907,0,Low Risk
22,57000,RENT,6.0,VENTURE,B,4000,,0.07,N,2,0.07017543859649122,4750.0,0.8421052631578947,Young,6-10 years,0,0,0.02610099,0,Low Risk
21,40000,RENT,1.0,EDUCATION,B,6000,10.08,0.15,N,3,0.15,3333.3333333333335,1.7999999999999998,Young,0-2 years,0,0,0.08369081,0,Low Risk
37,48000,RENT,8.0,EDUCATION,A,3000,6.99,0.06,N,14,0.0625,4000.0,0.75,Middle Age,6-10 years,0,0,0.08363089,0,Low Risk
26,55000,MORTGAGE,1.0,EDUCATION,B,10000,10.0,0.18,N,2,0.18181818181818182,4583.333333333333,2.181818181818182,Adult,0-2 years,0,0,0.15308821,0,Low Risk
32,63235,RENT,3.0,HOMEIMPROVEMENT,B,25000,10.25,0.4,N,8,0.39535067604965607,5269.583333333333,4.744208112595873,Adult,3-5 years,1,1,0.9938221,1,High Risk
34,285000,RENT,5.0,EDUCATION,B,21000,11.71,0.07,N,10,0.07368421052631578,23750.0,0.8842105263157894,Adult,3-5 years,0,0,0.13599269,0,Low Risk
23,18000,RENT,0.0,DEBTCONSOLIDATION,B,4500,12.21,0.25,N,3,0.25,1500.0,3.0,Young,0-2 years,0,1,0.99226403,1,High Risk
26,117500,RENT,0.0,VENTURE,A,13800,7.49,0.12,N,3,0.1174468085106383,9791.666666666666,1.4093617021276597,Adult,0-2 years,0,0,0.0076637063,0,Low Risk
50,60000,RENT,13.0,VENTURE,C,10000,13.49,0.17,N,12,0.16666666666666666,5000.0,2.0,Middle Age,10+ years,0,0,0.081680134,0,Low Risk
22,82000,MORTGAGE,6.0,EDUCATION,B,10750,9.25,0.13,N,2,0.13109756097560976,6833.333333333333,1.5731707317073171,Young,6-10 years,0,0,0.07303738,0,Low Risk
23,47000,RENT,1.0,PERSONAL,C,15000,12.04,0.32,Y,2,0.3191489361702128,3916.6666666666665,3.8297872340425534,Young,0-2 years,1,1,0.9874356,1,High Risk
31,24996,MORTGAGE,6.0,PERSONAL,B,6000,9.25,0.24,N,9,0.2400384061449832,2083.0,2.8804608737397985,Adult,6-10 years,0,0,0.27787203,0,Low Risk
29,8472,RENT,2.0,PERSONAL,A,3000,7.49,0.35,N,7,0.35410764872521244,706.0,4.2492917847025495,Adult,0-2 years,1,1,0.99947804,1,High Risk
51,80000,RENT,3.0,HOMEIMPROVEMENT,F,18000,18.78,0.23,Y,20,0.225,6666.666666666667,2.6999999999999997,Senior,3-5 years,0,0,0.5779911,1,Medium Risk
37,60000,MORTGAGE,4.0,EDUCATION,C,12000,12.73,0.2,Y,17,0.2,5000.0,2.4,Middle Age,3-5 years,0,0,0.09134596,0,Low Risk
25,75000,MORTGAGE,9.0,VENTURE,C,5000,13.79,0.07,Y,4,0.06666666666666667,6250.0,0.8,Young,6-10 years,0,0,0.13377048,0,Low Risk
26,64900,RENT,4.0,MEDICAL,B,13625,,0.21,N,3,0.20993836671802774,5408.333333333333,2.519260400616333,Adult,3-5 years,0,0,0.0914292,0,Low Risk
29,100000,MORTGAGE,3.0,PERSONAL,D,13000,15.33,0.13,N,6,0.13,8333.333333333334,1.5599999999999998,Adult,3-5 years,0,0,0.14884594,0,Low Risk
30,39600,MORTGAGE,5.0,DEBTCONSOLIDATION,B,3000,10.38,0.08,N,10,0.07575757575757576,3300.0,0.9090909090909091,Adult,3-5 years,0,0,0.43488753,0,Medium Risk
41,45000,RENT,2.0,MEDICAL,C,16000,12.99,0.36,N,14,0.35555555555555557,3750.0,4.266666666666667,Middle Age,0-2 years,1,1,0.9840005,1,High Risk
30,77000,MORTGAGE,4.0,DEBTCONSOLIDATION,A,8000,7.14,0.1,N,7,0.1038961038961039,6416.666666666667,1.2467532467532467,Adult,3-5 years,0,0,0.0977023,0,Low Risk
35,148000,MORTGAGE,19.0,DEBTCONSOLIDATION,D,25000,14.62,0.17,Y,10,0.16891891891891891,12333.333333333334,2.0270270270270268,Adult,10+ years,0,1,0.9704653,1,High Risk
24,120000,MORTGAGE,8.0,HOMEIMPROVEMENT,C,9500,11.66,0.08,Y,2,0.07916666666666666,10000.0,0.95,Young,6-10 years,0,0,0.24324796,0,Low Risk
23,42000,RENT,4.0,EDUCATION,B,7400,,0.18,N,3,0.1761904761904762,3500.0,2.1142857142857143,Young,3-5 years,0,0,0.220873,0,Low Risk
33,73000,MORTGAGE,6.0,DEBTCONSOLIDATION,D,5000,16.29,0.07,N,9,0.0684931506849315,6083.333333333333,0.8219178082191781,Adult,6-10 years,0,1,0.9916586,1,High Risk
53,46000,OWN,9.0,PERSONAL,B,4925,11.71,0.11,N,23,0.10706521739130435,3833.3333333333335,1.2847826086956522,Senior,6-10 years,0,0,0.0037418404,0,Low Risk
42,150000,MORTGAGE,0.0,HOMEIMPROVEMENT,A,16000,8.49,0.11,N,12,0.10666666666666667,12500.0,1.28,Middle Age,0-2 years,0,0,0.028977865,0,Low Risk
26,45000,RENT,0.0,MEDICAL,A,10800,6.17,0.24,N,3,0.24,3750.0,2.88,Adult,0-2 years,0,0,0.065613486,0,Low Risk
25,49716,MORTGAGE,6.0,MEDICAL,A,8000,9.32,0.16,N,2,0.16091399147155847,4143.0,1.9309678976587015,Young,6-10 years,0,0,0.30766228,0,Medium Risk
22,50000,MORTGAGE,6.0,EDUCATION,A,4800,6.03,0.1,N,3,0.096,4166.666666666667,1.152,Young,6-10 years,0,0,0.024090603,0,Low Risk
22,37000,RENT,2.0,EDUCATION,B,4000,10.95,0.11,N,2,0.10810810810810811,3083.3333333333335,1.2972972972972971,Young,0-2 years,0,0,0.19859935,0,Low Risk
28,70000,RENT,1.0,DEBTCONSOLIDATION,A,7800,7.9,0.11,N,8,0.11142857142857143,5833.333333333333,1.3371428571428572,Adult,0-2 years,0,0,0.074002646,0,Low Risk
26,77004,MORTGAGE,0.0,MEDICAL,B,6000,11.99,0.08,N,4,0.07791803023219573,6417.0,0.9350163627863488,Adult,0-2 years,0,0,0.15463367,0,Low Risk
52,71520,RENT,0.0,EDUCATION,E,7000,16.82,0.1,Y,24,0.09787472035794184,5960.0,1.174496644295302,Senior,0-2 years,0,1,0.9475559,1,High Risk
22,51900,MORTGAGE,5.0,VENTURE,B,14100,11.49,0.27,N,2,0.27167630057803466,4325.0,3.260115606936416,Young,3-5 years,0,0,0.0387664,0,Low Risk
22,14400,RENT,0.0,HOMEIMPROVEMENT,D,2100,14.83,0.15,N,3,0.14583333333333334,1200.0,1.75,Young,0-2 years,0,1,0.99709404,1,High Risk
29,27000,RENT,10.0,HOMEIMPROVEMENT,D,3975,12.17,0.15,N,5,0.14722222222222223,2250.0,1.7666666666666666,Adult,6-10 years,0,1,0.95019627,1,High Risk
25,45500,RENT,3.0,MEDICAL,C,2000,13.49,0.04,Y,3,0.04395604395604396,3791.6666666666665,0.5274725274725275,Young,3-5 years,0,0,0.1509108,0,Low Risk
42,58000,RENT,16.0,DEBTCONSOLIDATION,C,7500,12.99,0.13,N,17,0.12931034482758622,4833.333333333333,1.5517241379310345,Middle Age,10+ years,0,0,0.2725442,0,Low Risk
55,51000,RENT,2.0,PERSONAL,A,8000,5.79,0.16,N,26,0.1568627450980392,4250.0,1.8823529411764706,Senior,0-2 years,0,0,0.05545715,0,Low Risk
34,74000,MORTGAGE,13.0,VENTURE,C,10000,15.96,0.14,Y,10,0.13513513513513514,6166.666666666667,1.6216216216216215,Adult,10+ years,0,1,0.5185268,1,Medium Risk
25,30000,OWN,3.0,HOMEIMPROVEMENT,B,11500,11.36,0.38,N,4,0.38333333333333336,2500.0,4.6,Young,3-5 years,1,0,0.008831776,0,Low Risk
24,36000,MORTGAGE,,HOMEIMPROVEMENT,A,14775,6.62,0.41,N,4,0.41041666666666665,3000.0,4.925,Young,,1,0,0.2915199,0,Low Risk
24,44000,RENT,1.0,DEBTCONSOLIDATION,D,4000,17.58,0.09,N,2,0.09090909090909091,3666.6666666666665,1.090909090909091,Young,0-2 years,0,1,0.9971956,1,High Risk
39,75000,RENT,0.0,PERSONAL,B,14400,12.53,0.19,N,15,0.192,6250.0,2.304,Middle Age,0-2 years,0,0,0.12590823,0,Low Risk
25,47000,RENT,8.0,DEBTCONSOLIDATION,B,8500,10.37,0.18,N,4,0.18085106382978725,3916.6666666666665,2.170212765957447,Young,6-10 years,0,0,0.21530007,0,Low Risk
22,33685,MORTGAGE,6.0,DEBTCONSOLIDATION,C,5000,13.85,0.15,N,3,0.14843402107763098,2807.0833333333335,1.7812082529315718,Young,6-10 years,0,0,0.5296679,1,Medium Risk
22,110000,RENT,6.0,MEDICAL,A,6400,9.32,0.06,N,4,0.05818181818181818,9166.666666666666,0.6981818181818182,Young,6-10 years,0,0,0.01589141,0,Low Risk
22,27264,RENT,4.0,EDUCATION,C,5000,13.11,0.18,Y,3,0.18339201877934272,2272.0,2.2007042253521125,Young,3-5 years,0,0,0.37419334,0,Medium Risk
29,85000,MORTGAGE,12.0,PERSONAL,B,25000,9.25,0.29,N,10,0.29411764705882354,7083.333333333333,3.5294117647058827,Adult,10+ years,0,0,0.12892179,0,Low Risk
25,39996,RENT,2.0,VENTURE,B,10000,10.99,0.25,N,4,0.25002500250025,3333.0,3.0003000300030003,Young,0-2 years,0,0,0.016433703,0,Low Risk
25,31200,RENT,8.0,DEBTCONSOLIDATION,C,14700,12.29,0.47,N,4,0.47115384615384615,2600.0,5.653846153846154,Young,6-10 years,1,1,0.9955388,1,High Risk
39,55000,RENT,1.0,DEBTCONSOLIDATION,B,4975,12.21,0.09,N,11,0.09045454545454545,4583.333333333333,1.0854545454545454,Middle Age,0-2 years,0,0,0.16380452,0,Low Risk
22,54800,OWN,7.0,EDUCATION,A,8000,,0.15,N,2,0.145985401459854,4566.666666666667,1.751824817518248,Young,6-10 years,0,0,0.0035580702,0,Low Risk
22,77237,MORTGAGE,0.0,MEDICAL,A,5875,6.17,0.08,N,3,0.076064580447195,6436.416666666667,0.91277496536634,Young,0-2 years,0,0,0.03439835,0,Low Risk
31,125004,RENT,13.0,VENTURE,B,24000,9.25,0.19,N,8,0.1919938561966017,10417.0,2.3039262743592204,Adult,10+ years,0,0,0.008240875,0,Low Risk
22,115200,RENT,0.0,DEBTCONSOLIDATION,A,7000,7.66,0.06,N,2,0.06076388888888889,9600.0,0.7291666666666666,Young,0-2 years,0,0,0.03793817,0,Low Risk
28,55000,RENT,2.0,MEDICAL,B,13800,11.83,0.25,N,6,0.2509090909090909,4583.333333333333,3.010909090909091,Adult,0-2 years,0,0,0.13559227,0,Low Risk
25,85000,MORTGAGE,9.0,MEDICAL,A,4000,7.88,0.05,N,3,0.047058823529411764,7083.333333333333,0.5647058823529412,Young,6-10 years,0,0,0.04555294,0,Low Risk
22,120000,RENT,4.0,EDUCATION,B,24000,9.91,0.2,N,4,0.2,10000.0,2.4,Young,3-5 years,0,0,0.056118526,0,Low Risk
29,120000,MORTGAGE,3.0,EDUCATION,B,20000,11.71,0.17,N,5,0.16666666666666666,10000.0,2.0,Adult,3-5 years,0,0,0.11508218,0,Low Risk
21,111016,RENT,5.0,PERSONAL,C,12000,13.11,0.11,N,2,0.108092527203286,9251.333333333334,1.2971103264394321,Young,3-5 years,0,0,0.068773635,0,Low Risk
34,48000,MORTGAGE,2.0,PERSONAL,A,10000,7.14,0.21,N,10,0.20833333333333334,4000.0,2.5,Adult,0-2 years,0,0,0.063869245,0,Low Risk
24,38400,RENT,8.0,VENTURE,A,4200,6.76,0.11,N,4,0.109375,3200.0,1.3125,Young,6-10 years,0,0,0.006299101,0,Low Risk
28,81000,MORTGAGE,11.0,HOMEIMPROVEMENT,A,6000,6.17,0.07,N,10,0.07407407407407407,6750.0,0.8888888888888888,Adult,10+ years,0,0,0.044666868,0,Low Risk
27,30996,RENT,4.0,DEBTCONSOLIDATION,D,5775,14.91,0.19,N,10,0.18631436314363142,2583.0,2.2357723577235773,Adult,3-5 years,0,1,0.977466,1,High Risk
31,99000,RENT,15.0,HOMEIMPROVEMENT,C,12000,14.26,0.12,N,10,0.12121212121212122,8250.0,1.4545454545454546,Adult,10+ years,0,0,0.17604905,0,Low Risk
34,66000,RENT,5.0,DEBTCONSOLIDATION,D,12000,14.3,0.18,N,6,0.18181818181818182,5500.0,2.1818181818181817,Adult,3-5 years,0,1,0.97958505,1,High Risk
23,130000,MORTGAGE,7.0,EDUCATION,B,20000,10.62,0.15,N,4,0.15384615384615385,10833.333333333334,1.846153846153846,Young,6-10 years,0,0,0.047582448,0,Low Risk
23,42900,OWN,6.0,MEDICAL,A,1000,6.76,0.02,N,3,0.023310023310023312,3575.0,0.27972027972027974,Young,6-10 years,0,0,0.005881373,0,Low Risk
37,72000,MORTGAGE,9.0,EDUCATION,C,1600,13.92,0.02,Y,16,0.022222222222222223,6000.0,0.26666666666666666,Middle Age,6-10 years,0,0,0.21812525,0,Low Risk
23,42000,RENT,7.0,EDUCATION,B,6025,9.63,0.14,N,4,0.14345238095238094,3500.0,1.7214285714285715,Young,6-10 years,0,0,0.27853894,0,Low Risk
24,42000,MORTGAGE,6.0,MEDICAL,A,3125,8.9,0.07,N,3,0.0744047619047619,3500.0,0.8928571428571429,Young,6-10 years,0,0,0.29483926,0,Low Risk
25,178364,MORTGAGE,9.0,PERSONAL,E,8000,15.68,0.04,Y,2,0.04485210019959185,14863.666666666666,0.5382252023951022,Young,6-10 years,0,0,0.43270403,0,Medium Risk
30,160000,RENT,0.0,VENTURE,B,8400,11.89,0.05,N,6,0.0525,13333.333333333334,0.63,Adult,0-2 years,0,0,0.01804928,0,Low Risk
26,92040,MORTGAGE,6.0,VENTURE,A,10000,,0.11,N,3,0.10864841373315949,7670.0,1.303780964797914,Adult,6-10 years,0,0,0.006135335,0,Low Risk
26,48000,RENT,10.0,DEBTCONSOLIDATION,B,4500,11.11,0.09,N,4,0.09375,4000.0,1.125,Adult,6-10 years,0,0,0.22193573,0,Low Risk
25,55000,RENT,2.0,EDUCATION,C,18000,12.84,0.33,N,2,0.32727272727272727,4583.333333333333,3.9272727272727277,Young,0-2 years,1,1,0.98818713,1,High Risk
24,110000,RENT,7.0,HOMEIMPROVEMENT,D,25000,15.7,0.23,Y,2,0.22727272727272727,9166.666666666666,2.7272727272727275,Young,6-10 years,0,0,0.42931715,0,Medium Risk
23,40000,RENT,7.0,EDUCATION,D,9250,16.07,0.23,N,2,0.23125,3333.3333333333335,2.775,Young,6-10 years,0,0,0.28312093,0,Low Risk
25,39896,MORTGAGE,0.0,MEDICAL,A,9250,9.63,0.23,N,3,0.23185281732504512,3324.6666666666665,2.7822338079005418,Young,0-2 years,0,1,0.34247923,0,Medium Risk
25,50000,MORTGAGE,9.0,DEBTCONSOLIDATION,A,18000,7.88,0.36,N,2,0.36,4166.666666666667,4.319999999999999,Young,6-10 years,1,0,0.06830691,0,Low Risk
30,50000,MORTGAGE,1.0,PERSONAL,B,16000,10.38,0.32,N,7,0.32,4166.666666666667,3.84,Adult,0-2 years,1,0,0.2213785,0,Low Risk
28,54000,MORTGAGE,2.0,EDUCATION,B,9250,11.36,0.17,N,10,0.1712962962962963,4500.0,2.0555555555555554,Adult,0-2 years,0,0,0.4462248,0,Medium Risk
36,214200,MORTGAGE,4.0,HOMEIMPROVEMENT,D,9400,15.62,0.04,Y,12,0.04388422035480859,17850.0,0.5266106442577031,Middle Age,3-5 years,0,0,0.3558798,0,Medium Risk
25,85000,MORTGAGE,0.0,EDUCATION,A,14000,5.79,0.16,N,2,0.16470588235294117,7083.333333333333,1.9764705882352942,Young,0-2 years,0,0,0.021645378,0,Low Risk
24,14400,OWN,5.0,PERSONAL,A,6000,7.49,0.42,N,3,0.4166666666666667,1200.0,5.0,Young,3-5 years,1,1,0.99837875,1,High Risk
30,39000,MORTGAGE,13.0,HOMEIMPROVEMENT,C,3000,13.99,0.08,Y,10,0.07692307692307693,3250.0,0.9230769230769231,Adult,10+ years,0,1,0.60588837,1,High Risk
35,62000,MORTGAGE,0.0,EDUCATION,A,9475,6.03,0.15,N,5,0.1528225806451613,5166.666666666667,1.8338709677419354,Adult,0-2 years,0,0,0.013236168,0,Low Risk
25,18000,RENT,3.0,EDUCATION,C,8500,10.28,0.47,Y,4,0.4722222222222222,1500.0,5.666666666666667,Young,3-5 years,1,1,0.9991973,1,High Risk
36,25200,RENT,3.0,MEDICAL,A,7200,7.29,0.29,N,11,0.2857142857142857,2100.0,3.4285714285714284,Middle Age,3-5 years,0,0,0.09216051,0,Low Risk
26,104550,MORTGAGE,6.0,MEDICAL,D,15000,15.33,0.12,N,3,0.14347202295552366,8712.5,1.721664275466284,Adult,6-10 years,0,1,0.9211943,1,High Risk
26,45000,RENT,4.0,MEDICAL,D,10000,14.11,0.22,Y,2,0.2222222222222222,3750.0,2.6666666666666665,Adult,3-5 years,0,0,0.86103565,1,High Risk
26,102456,MORTGAGE,10.0,VENTURE,D,25000,,0.24,Y,2,0.24400718357148435,8538.0,2.9280862028578123,Adult,6-10 years,0,0,0.30576313,0,Medium Risk
29,44400,MORTGAGE,13.0,HOMEIMPROVEMENT,B,21000,10.99,0.47,N,8,0.47297297297297297,3700.0,5.675675675675675,Adult,10+ years,1,0,0.23644668,0,Low Risk
22,39000,RENT,5.0,DEBTCONSOLIDATION,B,13000,11.83,0.33,N,4,0.3333333333333333,3250.0,4.0,Young,3-5 years,1,1,0.9961966,1,High Risk
25,65000,RENT,2.0,DEBTCONSOLIDATION,B,4200,,0.06,N,2,0.06461538461538462,5416.666666666667,0.7753846153846153,Young,0-2 years,0,0,0.09156544,0,Low Risk
34,48989,OWN,10.0,EDUCATION,A,2400,7.14,0.05,N,5,0.04899058972422381,4082.4166666666665,0.5878870766906857,Adult,6-10 years,0,0,0.0074543254,0,Low Risk
35,762000,OWN,8.0,MEDICAL,A,10000,8.94,0.01,N,8,0.013123359580052493,63500.0,0.15748031496062992,Adult,6-10 years,0,0,0.0019589253,0,Low Risk
23,24091,MORTGAGE,5.0,MEDICAL,C,3500,12.99,0.15,Y,2,0.1452824706321863,2007.5833333333333,1.7433896475862356,Young,3-5 years,0,0,0.42931926,0,Medium Risk
23,85000,RENT,2.0,VENTURE,C,12000,13.16,0.14,Y,4,0.1411764705882353,7083.333333333333,1.6941176470588235,Young,0-2 years,0,0,0.11479346,0,Low Risk
29,16800,RENT,9.0,HOMEIMPROVEMENT,D,2750,14.84,0.16,Y,6,0.1636904761904762,1400.0,1.9642857142857142,Adult,6-10 years,0,1,0.9919612,1,High Risk
30,42000,OWN,8.0,MEDICAL,C,8000,12.99,0.19,N,9,0.19047619047619047,3500.0,2.2857142857142856,Adult,6-10 years,0,0,0.0051802383,0,Low Risk
23,43200,MORTGAGE,5.0,VENTURE,B,10000,12.69,0.23,N,3,0.23148148148148148,3600.0,2.7777777777777777,Young,3-5 years,0,0,0.035993785,0,Low Risk
25,87000,MORTGAGE,4.0,MEDICAL,B,13000,11.26,0.15,N,3,0.14942528735632185,7250.0,1.793103448275862,Young,3-5 years,0,0,0.06833722,0,Low Risk
28,82500,MORTGAGE,12.0,MEDICAL,A,11000,7.49,0.13,N,9,0.13333333333333333,6875.0,1.6,Adult,10+ years,0,0,0.07542012,0,Low Risk
29,350000,MORTGAGE,13.0,DEBTCONSOLIDATION,A,12000,7.51,0.03,N,7,0.03428571428571429,29166.666666666668,0.4114285714285714,Adult,10+ years,0,0,0.019550698,0,Low Risk
22,96000,RENT,6.0,PERSONAL,B,17000,11.48,0.18,N,2,0.17708333333333334,8000.0,2.125,Young,6-10 years,0,0,0.087101184,0,Low Risk
24,54000,MORTGAGE,2.0,VENTURE,A,8700,7.05,0.16,N,4,0.16111111111111112,4500.0,1.9333333333333333,Young,0-2 years,0,0,0.014846679,0,Low Risk
22,62000,MORTGAGE,2.0,PERSONAL,D,7500,13.87,0.12,Y,3,0.12096774193548387,5166.666666666667,1.4516129032258063,Young,0-2 years,0,0,0.4869408,0,Medium Risk
24,58668,RENT,8.0,MEDICAL,D,6000,15.05,0.1,Y,4,0.1022704029453876,4889.0,1.2272448353446512,Young,6-10 years,0,1,0.9779236,1,High Risk
23,84000,RENT,3.0,MEDICAL,A,15850,8.49,0.19,N,4,0.1886904761904762,7000.0,2.2642857142857142,Young,3-5 years,0,0,0.071054436,0,Low Risk
24,60000,RENT,6.0,VENTURE,A,10000,9.32,0.17,N,2,0.16666666666666666,5000.0,2.0,Young,6-10 years,0,0,0.005281617,0,Low Risk
44,94128,MORTGAGE,14.0,DEBTCONSOLIDATION,A,4400,7.29,0.05,N,13,0.04674485806561278,7844.0,0.5609382967873534,Middle Age,10+ years,0,0,0.017627388,0,Low Risk
22,110000,MORTGAGE,6.0,VENTURE,B,6000,9.99,0.05,N,3,0.05454545454545454,9166.666666666666,0.6545454545454545,Young,6-10 years,0,0,0.002129743,0,Low Risk
27,50000,MORTGAGE,0.0,VENTURE,A,12000,6.62,0.24,N,8,0.24,4166.666666666667,2.88,Adult,0-2 years,0,0,0.003985632,0,Low Risk
26,42000,RENT,10.0,DEBTCONSOLIDATION,A,7000,,0.17,N,2,0.16666666666666666,3500.0,2.0,Adult,6-10 years,0,0,0.15479161,0,Low Risk
40,108000,OWN,,PERSONAL,A,3500,,0.03,N,15,0.032407407407407406,9000.0,0.3888888888888889,Middle Age,,0,0,0.0053861947,0,Low Risk
24,96000,MORTGAGE,7.0,HOMEIMPROVEMENT,C,6000,13.92,0.06,Y,4,0.0625,8000.0,0.75,Young,6-10 years,0,0,0.1142556,0,Low Risk
24,42856,RENT,8.0,DEBTCONSOLIDATION,A,16000,8.9,0.37,N,3,0.3733432891543774,3571.3333333333335,4.4801194698525295,Young,6-10 years,1,1,0.9899484,1,High Risk
27,115000,MORTGAGE,1.0,DEBTCONSOLIDATION,A,5000,8.49,0.04,N,6,0.043478260869565216,9583.333333333334,0.5217391304347826,Adult,0-2 years,0,0,0.08375332,0,Low Risk
31,78305,MORTGAGE,8.0,PERSONAL,D,10000,14.59,0.13,Y,7,0.1277057659153311,6525.416666666667,1.532469190983973,Adult,6-10 years,0,1,0.64449376,1,High Risk
24,37648,RENT,0.0,MEDICAL,A,8000,7.29,0.21,N,2,0.21249468763280918,3137.3333333333335,2.54993625159371,Young,0-2 years,0,0,0.13127626,0,Low Risk
30,14400,OWN,0.0,HOMEIMPROVEMENT,D,9250,14.96,0.64,N,10,0.6423611111111112,1200.0,7.708333333333333,Adult,0-2 years,1,1,0.9986261,1,High Risk
26,92700,MORTGAGE,6.0,EDUCATION,B,1500,9.63,0.02,N,2,0.016181229773462782,7725.0,0.1941747572815534,Adult,6-10 years,0,0,0.08106703,0,Low Risk
32,103000,MORTGAGE,0.0,EDUCATION,E,33000,18.64,0.32,Y,10,0.32038834951456313,8583.333333333334,3.844660194174757,Adult,0-2 years,1,1,0.6815031,1,High Risk
25,38340,RENT,9.0,MEDICAL,B,12000,11.71,0.31,N,2,0.3129890453834116,3195.0,3.755868544600939,Young,6-10 years,1,1,0.9747741,1,High Risk
24,45336,MORTGAGE,8.0,MEDICAL,A,10000,5.99,0.22,N,2,0.22057526027880714,3778.0,2.6469031233456857,Young,6-10 years,0,0,0.08476659,0,Low Risk
35,61000,MORTGAGE,0.0,DEBTCONSOLIDATION,A,6000,6.54,0.1,N,7,0.09836065573770492,5083.333333333333,1.180327868852459,Adult,0-2 years,0,0,0.040397543,0,Low Risk
27,86625,MORTGAGE,3.0,HOMEIMPROVEMENT,A,14825,,0.17,N,9,0.17113997113997115,7218.75,2.0536796536796538,Adult,3-5 years,0,0,0.05976485,0,Low Risk
23,75000,RENT,7.0,VENTURE,C,18000,12.73,0.24,N,2,0.24,6250.0,2.88,Young,6-10 years,0,0,0.17195392,0,Low Risk
28,110000,MORTGAGE,8.0,HOMEIMPROVEMENT,A,15000,6.54,0.14,N,6,0.13636363636363635,9166.666666666666,1.6363636363636365,Adult,6-10 years,0,0,0.060263336,0,Low Risk
40,75000,MORTGAGE,6.0,EDUCATION,C,7500,12.23,0.1,Y,16,0.1,6250.0,1.2,Middle Age,6-10 years,0,0,0.22178178,0,Low Risk
34,31500,MORTGAGE,16.0,PERSONAL,B,6000,,0.19,N,8,0.19047619047619047,2625.0,2.2857142857142856,Adult,10+ years,0,0,0.40193146,0,Medium Risk
25,32000,RENT,1.0,MEDICAL,D,6000,12.92,0.19,N,2,0.1875,2666.6666666666665,2.25,Young,0-2 years,0,1,0.93085814,1,High Risk
24,46500,MORTGAGE,0.0,HOMEIMPROVEMENT,C,16000,12.53,0.34,Y,3,0.34408602150537637,3875.0,4.129032258064516,Young,0-2 years,1,0,0.5500644,1,Medium Risk
27,40000,RENT,9.0,DEBTCONSOLIDATION,B,2000,10.75,0.05,N,6,0.05,3333.3333333333335,0.6,Adult,6-10 years,0,0,0.121348076,0,Low Risk
34,86000,RENT,4.0,VENTURE,A,9950,7.88,0.12,N,7,0.11569767441860465,7166.666666666667,1.3883720930232557,Adult,3-5 years,0,0,0.0020103478,0,Low Risk
23,50000,RENT,1.0,DEBTCONSOLIDATION,A,25000,7.9,0.5,N,3,0.5,4166.666666666667,6.0,Young,0-2 years,1,1,0.9874637,1,High Risk
25,78000,MORTGAGE,2.0,VENTURE,B,6000,,0.08,N,4,0.07692307692307693,6500.0,0.9230769230769231,Young,0-2 years,0,0,0.04114238,0,Low Risk
24,42000,MORTGAGE,2.0,PERSONAL,C,2000,11.28,0.05,N,2,0.047619047619047616,3500.0,0.5714285714285714,Young,0-2 years,0,0,0.25859922,0,Low Risk
30,53196,RENT,14.0,PERSONAL,A,3000,7.66,0.06,N,5,0.05639521768554027,4433.0,0.6767426122264832,Adult,10+ years,0,0,0.19372705,0,Low Risk
27,68500,RENT,4.0,HOMEIMPROVEMENT,A,8000,6.62,0.12,N,10,0.11678832116788321,5708.333333333333,1.4014598540145986,Adult,3-5 years,0,0,0.061357737,0,Low Risk
33,150000,OWN,14.0,VENTURE,B,21000,11.83,0.14,N,9,0.14,12500.0,1.68,Adult,10+ years,0,0,0.0012417117,0,Low Risk
30,40000,RENT,2.0,MEDICAL,C,8500,12.53,0.21,N,8,0.2125,3333.3333333333335,2.55,Adult,0-2 years,0,0,0.12824263,0,Low Risk
38,40000,RENT,5.0,MEDICAL,B,4000,11.49,0.1,N,12,0.1,3333.3333333333335,1.2,Middle Age,3-5 years,0,0,0.09118465,0,Low Risk
27,26400,RENT,9.0,EDUCATION,B,10000,10.25,0.38,N,9,0.3787878787878788,2200.0,4.545454545454546,Adult,6-10 years,1,1,0.9945004,1,High Risk
23,41496,OWN,4.0,VENTURE,E,7200,,0.17,N,2,0.1735106998264893,3458.0,2.0821283979178715,Young,3-5 years,0,0,0.091399424,0,Low Risk
30,115000,RENT,3.0,DEBTCONSOLIDATION,B,20000,11.11,0.17,N,7,0.17391304347826086,9583.333333333334,2.0869565217391304,Adult,3-5 years,0,0,0.15695842,0,Low Risk
26,61000,RENT,1.0,MEDICAL,A,2000,7.9,0.03,N,3,0.03278688524590164,5083.333333333333,0.3934426229508197,Adult,0-2 years,0,0,0.0948961,0,Low Risk
27,55200,RENT,0.0,EDUCATION,A,4000,6.76,0.07,N,10,0.07246376811594203,4600.0,0.8695652173913043,Adult,0-2 years,0,0,0.1266324,0,Low Risk
23,23500,RENT,4.0,EDUCATION,C,3000,13.23,0.13,Y,2,0.1276595744680851,1958.3333333333333,1.5319148936170213,Young,3-5 years,0,0,0.24624275,0,Low Risk
37,92000,RENT,0.0,VENTURE,B,21000,11.63,0.23,N,15,0.22826086956521738,7666.666666666667,2.7391304347826084,Middle Age,0-2 years,0,0,0.037381705,0,Low Risk
44,52000,MORTGAGE,2.0,VENTURE,A,6000,8.59,0.12,N,11,0.11538461538461539,4333.333333333333,1.3846153846153848,Middle Age,0-2 years,0,0,0.006490114,0,Low Risk
29,50000,MORTGAGE,0.0,PERSONAL,A,6300,6.62,0.13,N,8,0.126,4166.666666666667,1.5119999999999998,Adult,0-2 years,0,0,0.033484716,0,Low Risk
31,68000,RENT,2.0,HOMEIMPROVEMENT,C,3500,13.22,0.05,Y,5,0.051470588235294115,5666.666666666667,0.6176470588235293,Adult,0-2 years,0,0,0.31543776,0,Medium Risk
37,60000,RENT,11.0,MEDICAL,A,10000,,0.17,N,12,0.16666666666666666,5000.0,2.0,Middle Age,10+ years,0,0,0.044407852,0,Low Risk
29,89000,RENT,1.0,EDUCATION,A,28800,7.49,0.32,N,6,0.3235955056179775,7416.666666666667,3.8831460674157303,Adult,0-2 years,1,1,0.98088914,1,High Risk
26,22406,RENT,5.0,PERSONAL,A,2500,6.76,0.11,N,4,0.11157725609211819,1867.1666666666667,1.3389270731054181,Adult,3-5 years,0,1,0.18837006,0,Low Risk
25,23040,RENT,0.0,DEBTCONSOLIDATION,C,3200,14.79,0.14,N,2,0.1388888888888889,1920.0,1.6666666666666667,Young,0-2 years,0,0,0.34123397,0,Medium Risk
25,18000,MORTGAGE,1.0,MEDICAL,B,4000,,0.22,N,3,0.2222222222222222,1500.0,2.6666666666666665,Young,0-2 years,0,1,0.99205,1,High Risk
21,36000,RENT,5.0,PERSONAL,B,10000,11.48,0.28,N,4,0.2777777777777778,3000.0,3.3333333333333335,Young,3-5 years,0,0,0.3061702,0,Medium Risk
23,80000,MORTGAGE,7.0,VENTURE,A,4800,7.29,0.06,N,4,0.06,6666.666666666667,0.72,Young,6-10 years,0,0,0.0022166218,0,Low Risk
23,95620,MORTGAGE,7.0,EDUCATION,D,13500,14.96,0.14,Y,4,0.1411838527504706,7968.333333333333,1.6942062330056473,Young,6-10 years,0,0,0.19093919,0,Low Risk
27,42000,RENT,1.0,PERSONAL,B,5000,10.99,0.12,N,10,0.11904761904761904,3500.0,1.4285714285714286,Adult,0-2 years,0,0,0.23565306,0,Low Risk
30,52800,RENT,4.0,PERSONAL,B,2400,9.62,0.05,N,7,0.045454545454545456,4400.0,0.5454545454545454,Adult,3-5 years,0,0,0.12653069,0,Low Risk
25,185000,RENT,6.0,VENTURE,C,15000,15.27,0.08,N,2,0.08108108108108109,15416.666666666666,0.972972972972973,Young,6-10 years,0,0,0.14272891,0,Low Risk
26,105000,OWN,10.0,VENTURE,D,10000,15.65,0.1,Y,4,0.09523809523809523,8750.0,1.1428571428571428,Adult,6-10 years,0,0,0.0027155576,0,Low Risk
28,125000,RENT,1.0,DEBTCONSOLIDATION,C,4000,13.35,0.03,Y,5,0.032,10416.666666666666,0.384,Adult,0-2 years,0,0,0.24059825,0,Low Risk
23,78000,RENT,7.0,DEBTCONSOLIDATION,A,10000,5.79,0.13,N,3,0.1282051282051282,6500.0,1.5384615384615385,Young,6-10 years,0,0,0.11625497,0,Low Risk
26,25104,OWN,0.0,DEBTCONSOLIDATION,D,5400,16.49,0.22,N,2,0.21510516252390058,2092.0,2.581261950286807,Adult,0-2 years,0,0,0.055650845,0,Low Risk
34,45600,RENT,6.0,DEBTCONSOLIDATION,B,15000,11.48,0.33,N,9,0.32894736842105265,3800.0,3.9473684210526314,Adult,6-10 years,1,1,0.98906916,1,High Risk
26,63834,MORTGAGE,5.0,MEDICAL,B,17000,11.12,0.27,N,3,0.2663157564934048,5319.5,3.1957890779208573,Adult,3-5 years,0,0,0.2830219,0,Low Risk
22,45000,MORTGAGE,3.0,EDUCATION,B,15000,11.36,0.33,N,2,0.3333333333333333,3750.0,4.0,Young,3-5 years,1,0,0.24818714,0,Low Risk
23,60000,MORTGAGE,6.0,EDUCATION,A,7000,6.54,0.12,N,3,0.11666666666666667,5000.0,1.4,Young,6-10 years,0,0,0.048682824,0,Low Risk
24,95000,MORTGAGE,1.0,PERSONAL,B,7450,12.69,0.08,N,4,0.07842105263157895,7916.666666666667,0.9410526315789474,Young,0-2 years,0,0,0.08118682,0,Low Risk
31,110000,MORTGAGE,2.0,DEBTCONSOLIDATION,B,6000,9.51,0.05,N,9,0.05454545454545454,9166.666666666666,0.6545454545454545,Adult,0-2 years,0,0,0.028067952,0,Low Risk
29,35000,RENT,4.0,DEBTCONSOLIDATION,C,15000,13.22,0.43,N,5,0.42857142857142855,2916.6666666666665,5.142857142857143,Adult,3-5 years,1,1,0.9942477,1,High Risk
23,9000,OWN,4.0,HOMEIMPROVEMENT,C,2000,13.35,0.22,N,2,0.2222222222222222,750.0,2.6666666666666665,Young,3-5 years,0,1,0.999688,1,High Risk
21,14400,OWN,0.0,HOMEIMPROVEMENT,B,3000,,0.21,N,4,0.20833333333333334,1200.0,2.5,Young,0-2 years,0,1,0.99949884,1,High Risk
25,64000,RENT,8.0,DEBTCONSOLIDATION,D,15000,14.42,0.23,Y,3,0.234375,5333.333333333333,2.8125,Young,6-10 years,0,1,0.98900515,1,High Risk
24,24000,OWN,1.0,EDUCATION,A,2400,7.49,0.1,N,2,0.1,2000.0,1.2,Young,0-2 years,0,0,0.0041220025,0,Low Risk
30,49000,OWN,7.0,HOMEIMPROVEMENT,B,8500,12.18,0.17,N,10,0.17346938775510204,4083.3333333333335,2.0816326530612246,Adult,6-10 years,0,0,0.009351847,0,Low Risk
30,75000,MORTGAGE,3.0,VENTURE,A,18750,7.9,0.25,N,6,0.25,6250.0,3.0,Adult,3-5 years,0,0,0.0073774727,0,Low Risk
22,29100,RENT,2.0,PERSONAL,D,6250,16.07,0.21,Y,3,0.21477663230240548,2425.0,2.577319587628866,Young,0-2 years,0,1,0.9871389,1,High Risk
27,110000,RENT,5.0,VENTURE,B,18000,9.91,0.16,N,5,0.16363636363636364,9166.666666666666,1.9636363636363638,Adult,3-5 years,0,0,0.005087318,0,Low Risk
23,65000,MORTGAGE,2.0,DEBTCONSOLIDATION,B,4400,11.36,0.07,N,4,0.06769230769230769,5416.666666666667,0.8123076923076923,Young,0-2 years,0,0,0.0974343,0,Low Risk
40,45996,RENT,4.0,DEBTCONSOLIDATION,D,20000,14.61,0.43,N,11,0.4348204191668841,3833.0,5.217845030002609,Middle Age,3-5 years,1,1,0.9977308,1,High Risk
34,50000,RENT,5.0,PERSONAL,B,6000,9.91,0.12,N,8,0.12,4166.666666666667,1.44,Adult,3-5 years,0,0,0.0649279,0,Low Risk
32,37000,RENT,1.0,MEDICAL,B,15000,9.62,0.41,N,10,0.40540540540540543,3083.3333333333335,4.864864864864865,Adult,0-2 years,1,1,0.99330693,1,High Risk
24,72000,RENT,5.0,MEDICAL,B,20000,11.83,0.28,N,2,0.2777777777777778,6000.0,3.3333333333333335,Young,3-5 years,0,0,0.1949676,0,Low Risk
21,50000,RENT,4.0,EDUCATION,B,7300,11.71,0.15,N,3,0.146,4166.666666666667,1.7519999999999998,Young,3-5 years,0,0,0.06674953,0,Low Risk
28,87000,RENT,7.0,VENTURE,B,6400,10.39,0.07,N,6,0.0735632183908046,7250.0,0.8827586206896552,Adult,6-10 years,0,0,0.010377751,0,Low Risk
22,26000,RENT,5.0,PERSONAL,D,11200,16.89,0.43,N,3,0.4307692307692308,2166.6666666666665,5.1692307692307695,Young,3-5 years,1,1,0.99521625,1,High Risk
21,18000,RENT,3.0,EDUCATION,A,2500,7.88,0.14,N,2,0.1388888888888889,1500.0,1.6666666666666667,Young,3-5 years,0,0,0.1280547,0,Low Risk
27,75000,MORTGAGE,4.0,VENTURE,B,6625,,0.09,N,9,0.08833333333333333,6250.0,1.06,Adult,3-5 years,0,0,0.010338529,0,Low Risk
35,100000,MORTGAGE,13.0,EDUCATION,F,12000,15.76,0.12,N,6,0.12,8333.333333333334,1.44,Adult,10+ years,0,0,0.3420359,0,Medium Risk
33,80000,MORTGAGE,4.0,MEDICAL,B,12000,11.14,0.15,N,6,0.15,6666.666666666667,1.7999999999999998,Adult,3-5 years,0,0,0.041288916,0,Low Risk
22,60000,MORTGAGE,6.0,EDUCATION,B,3950,10.65,0.07,N,2,0.06583333333333333,5000.0,0.79,Young,6-10 years,0,0,0.10878666,0,Low Risk
22,32000,RENT,3.0,DEBTCONSOLIDATION,D,4800,16.49,0.15,Y,2,0.15,2666.6666666666665,1.8,Young,3-5 years,0,1,0.98680425,1,High Risk
47,109000,OWN,15.0,VENTURE,A,16000,7.05,0.15,N,14,0.14678899082568808,9083.333333333334,1.7614678899082568,Middle Age,10+ years,0,0,0.00057765166,0,Low Risk
26,52500,RENT,0.0,DEBTCONSOLIDATION,B,5700,11.12,0.11,N,2,0.10857142857142857,4375.0,1.302857142857143,Adult,0-2 years,0,0,0.15763532,0,Low Risk
22,99600,MORTGAGE,6.0,PERSONAL,A,7125,7.51,0.07,N,4,0.07153614457831325,8300.0,0.858433734939759,Young,6-10 years,0,0,0.04075583,0,Low Risk
23,90000,RENT,7.0,EDUCATION,C,7500,11.03,0.08,N,4,0.08333333333333333,7500.0,1.0,Young,6-10 years,0,0,0.12005547,0,Low Risk
23,34000,MORTGAGE,0.0,EDUCATION,C,4000,14.17,0.12,N,2,0.11764705882352941,2833.3333333333335,1.4117647058823528,Young,0-2 years,0,1,0.5964621,1,Medium Risk
23,122000,MORTGAGE,5.0,PERSONAL,A,12000,7.29,0.1,N,3,0.09836065573770492,10166.666666666666,1.180327868852459,Young,3-5 years,0,0,0.027924187,0,Low Risk
31,20500,MORTGAGE,4.0,DEBTCONSOLIDATION,A,1000,6.76,0.05,N,5,0.04878048780487805,1708.3333333333333,0.5853658536585367,Adult,3-5 years,0,0,0.1516932,0,Low Risk
25,90000,MORTGAGE,9.0,MEDICAL,A,6000,6.99,0.07,N,3,0.06666666666666667,7500.0,0.8,Young,6-10 years,0,0,0.015144547,0,Low Risk
22,25000,RENT,1.0,VENTURE,B,2050,10.59,0.08,N,2,0.082,2083.3333333333335,0.9839999999999999,Young,0-2 years,0,0,0.03281604,0,Low Risk
26,36400,RENT,4.0,EDUCATION,A,2300,7.4,0.06,N,2,0.06318681318681318,3033.3333333333335,0.7582417582417582,Adult,3-5 years,0,0,0.1743361,0,Low Risk
27,54120,MORTGAGE,2.0,VENTURE,B,6000,11.36,0.11,N,6,0.11086474501108648,4510.0,1.3303769401330376,Adult,0-2 years,0,0,0.024197582,0,Low Risk
23,25000,RENT,1.0,VENTURE,B,4025,9.91,0.16,N,4,0.161,2083.3333333333335,1.932,Young,0-2 years,0,0,0.028874759,0,Low Risk
33,40000,MORTGAGE,4.0,EDUCATION,A,5000,7.51,0.13,N,8,0.125,3333.3333333333335,1.5,Adult,3-5 years,0,0,0.037409417,0,Low Risk
23,30000,MORTGAGE,3.0,MEDICAL,E,3800,18.64,0.13,N,2,0.12666666666666668,2500.0,1.52,Young,3-5 years,0,1,0.94240016,1,High Risk
21,13000,RENT,0.0,DEBTCONSOLIDATION,C,9250,12.53,0.71,N,3,0.7115384615384616,1083.3333333333333,8.538461538461538,Young,0-2 years,1,1,0.99924517,1,High Risk
29,260000,MORTGAGE,0.0,HOMEIMPROVEMENT,B,20000,10.37,0.08,N,9,0.07692307692307693,21666.666666666668,0.923076923076923,Adult,0-2 years,0,0,0.09259709,0,Low Risk
22,69700,RENT,4.0,EDUCATION,B,11200,,0.16,N,2,0.1606886657101865,5808.333333333333,1.9282639885222383,Young,3-5 years,0,0,0.076875046,0,Low Risk
23,59000,RENT,3.0,EDUCATION,D,10000,15.58,0.17,N,3,0.1694915254237288,4916.666666666667,2.0338983050847457,Young,3-5 years,0,1,0.54568523,1,Medium Risk
25,110000,MORTGAGE,9.0,EDUCATION,A,5000,7.14,0.05,N,4,0.045454545454545456,9166.666666666666,0.5454545454545455,Young,6-10 years,0,0,0.020501316,0,Low Risk
22,53000,RENT,2.0,EDUCATION,B,6500,10.65,0.12,N,4,0.12264150943396226,4416.666666666667,1.471698113207547,Young,0-2 years,0,0,0.123062335,0,Low Risk
27,38000,MORTGAGE,11.0,DEBTCONSOLIDATION,B,5000,9.76,0.13,N,5,0.13157894736842105,3166.6666666666665,1.5789473684210527,Adult,10+ years,0,0,0.2682515,0,Low Risk
22,56004,MORTGAGE,6.0,DEBTCONSOLIDATION,A,2000,7.51,0.04,N,4,0.03571173487608028,4667.0,0.4285408185129634,Young,6-10 years,0,0,0.17332625,0,Low Risk
29,57995,RENT,8.0,MEDICAL,B,5600,10.37,0.1,N,6,0.09656004828002414,4832.916666666667,1.1587205793602897,Adult,6-10 years,0,0,0.18659295,0,Low Risk
23,90000,OWN,7.0,MEDICAL,A,35000,8.9,0.39,N,4,0.3888888888888889,7500.0,4.666666666666667,Young,6-10 years,1,0,0.007013665,0,Low Risk
23,69996,RENT,8.0,EDUCATION,B,13000,11.58,0.19,N,3,0.18572489856563232,5833.0,2.2286987827875877,Young,6-10 years,0,0,0.10587929,0,Low Risk
25,51996,RENT,6.0,MEDICAL,B,8000,10.37,0.15,N,2,0.15385798907608278,4333.0,1.8462958689129934,Young,6-10 years,0,0,0.1764842,0,Low Risk
35,30000,MORTGAGE,13.0,PERSONAL,A,6625,6.62,0.22,N,6,0.22083333333333333,2500.0,2.65,Adult,10+ years,0,0,0.26469582,0,Low Risk
32,30000,MORTGAGE,6.0,VENTURE,A,10000,7.51,0.33,N,9,0.3333333333333333,2500.0,4.0,Adult,6-10 years,1,0,0.05289978,0,Low Risk
39,59000,RENT,0.0,PERSONAL,F,2500,18.78,0.04,N,13,0.0423728813559322,4916.666666666667,0.5084745762711864,Middle Age,0-2 years,0,1,0.96307075,1,High Risk
35,62496,RENT,6.0,VENTURE,D,12000,14.11,0.19,Y,8,0.19201228878648233,5208.0,2.304147465437788,Adult,6-10 years,0,0,0.49994898,0,Medium Risk
26,52704,MORTGAGE,8.0,HOMEIMPROVEMENT,B,3000,10.95,0.06,N,4,0.05692167577413479,4392.0,0.6830601092896175,Adult,6-10 years,0,1,0.26295647,0,Low Risk
24,88000,RENT,0.0,HOMEIMPROVEMENT,B,14000,9.99,0.16,N,3,0.1590909090909091,7333.333333333333,1.9090909090909092,Young,0-2 years,0,0,0.2852005,0,Low Risk
34,25200,RENT,,VENTURE,A,3000,7.66,0.12,N,8,0.11904761904761904,2100.0,1.4285714285714286,Adult,,0,0,0.02846683,0,Low Risk
23,65000,MORTGAGE,7.0,PERSONAL,A,5000,7.43,0.08,N,4,0.07692307692307693,5416.666666666667,0.923076923076923,Young,6-10 years,0,0,0.103434086,0,Low Risk
30,108000,RENT,2.0,PERSONAL,B,10000,10.65,0.09,N,5,0.09259259259259259,9000.0,1.1111111111111112,Adult,0-2 years,0,0,0.1343816,0,Low Risk
40,70000,MORTGAGE,6.0,EDUCATION,A,18000,7.9,0.26,N,14,0.2571428571428571,5833.333333333333,3.085714285714286,Middle Age,6-10 years,0,0,0.036028523,0,Low Risk
30,25800,MORTGAGE,7.0,DEBTCONSOLIDATION,A,6000,5.99,0.23,N,6,0.23255813953488372,2150.0,2.7906976744186047,Adult,6-10 years,0,0,0.16038883,0,Low Risk
24,62000,MORTGAGE,6.0,HOMEIMPROVEMENT,B,10000,10.74,0.16,N,2,0.16129032258064516,5166.666666666667,1.9354838709677418,Young,6-10 years,0,0,0.1787961,0,Low Risk
29,26880,RENT,0.0,HOMEIMPROVEMENT,D,6000,14.84,0.22,N,7,0.22321428571428573,2240.0,2.6785714285714284,Adult,0-2 years,0,1,0.9918196,1,High Risk
25,66000,RENT,1.0,HOMEIMPROVEMENT,B,5050,11.49,0.08,N,2,0.07651515151515151,5500.0,0.9181818181818182,Young,0-2 years,0,0,0.28399423,0,Low Risk
27,54216,MORTGAGE,4.0,PERSONAL,A,9000,5.99,0.17,N,5,0.16600265604249667,4518.0,1.9920318725099602,Adult,3-5 years,0,0,0.09314018,0,Low Risk
23,54000,RENT,7.0,EDUCATION,C,5000,12.84,0.09,Y,2,0.09259259259259259,4500.0,1.1111111111111112,Young,6-10 years,0,1,0.53634304,1,Medium Risk
27,51600,RENT,2.0,VENTURE,C,13800,13.57,0.27,Y,6,0.26744186046511625,4300.0,3.2093023255813953,Adult,0-2 years,0,1,0.3063068,0,Medium Risk
25,50000,MORTGAGE,6.0,PERSONAL,A,12800,7.49,0.26,N,4,0.256,4166.666666666667,3.0719999999999996,Young,6-10 years,0,1,0.04689731,0,Low Risk
32,145000,RENT,2.0,PERSONAL,B,8800,10.59,0.06,N,7,0.060689655172413794,12083.333333333334,0.7282758620689654,Adult,0-2 years,0,0,0.09436711,0,Low Risk
25,36000,RENT,0.0,VENTURE,D,14500,14.54,0.4,Y,2,0.4027777777777778,3000.0,4.833333333333333,Young,0-2 years,1,1,0.9965475,1,High Risk
34,90000,RENT,0.0,EDUCATION,B,13200,10.74,0.15,N,5,0.14666666666666667,7500.0,1.76,Adult,0-2 years,0,0,0.06639314,0,Low Risk
23,46272,RENT,7.0,DEBTCONSOLIDATION,B,16750,11.99,0.36,N,3,0.3619899723374827,3856.0,4.343879668049793,Young,6-10 years,1,1,0.9934889,1,High Risk
37,89000,MORTGAGE,3.0,EDUCATION,A,5000,6.91,0.06,N,15,0.056179775280898875,7416.666666666667,0.6741573033707865,Middle Age,3-5 years,0,0,0.00947183,0,Low Risk
26,108000,RENT,5.0,EDUCATION,D,2000,16.29,0.02,N,4,0.018518518518518517,9000.0,0.2222222222222222,Adult,3-5 years,0,0,0.5222679,1,Medium Risk
22,41000,MORTGAGE,0.0,VENTURE,B,6400,9.99,0.16,N,4,0.15609756097560976,3416.6666666666665,1.8731707317073172,Young,0-2 years,0,0,0.012473696,0,Low Risk
33,72000,MORTGAGE,0.0,HOMEIMPROVEMENT,B,6600,,0.09,N,9,0.09166666666666666,6000.0,1.1,Adult,0-2 years,0,0,0.1570172,0,Low Risk
47,30000,RENT,2.0,HOMEIMPROVEMENT,C,3000,12.99,0.1,N,11,0.1,2500.0,1.2,Middle Age,0-2 years,0,1,0.88703394,1,High Risk
23,55000,MORTGAGE,5.0,PERSONAL,A,7750,6.17,0.14,N,4,0.1409090909090909,4583.333333333333,1.690909090909091,Young,3-5 years,0,0,0.05919932,0,Low Risk
28,82000,MORTGAGE,0.0,MEDICAL,C,15000,12.98,0.18,Y,8,0.18292682926829268,6833.333333333333,2.1951219512195124,Adult,0-2 years,0,0,0.21029176,0,Low Risk
25,78000,MORTGAGE,8.0,DEBTCONSOLIDATION,D,6000,15.62,0.08,N,3,0.07692307692307693,6500.0,0.9230769230769231,Young,6-10 years,0,1,0.99151444,1,High Risk
22,70000,MORTGAGE,1.0,DEBTCONSOLIDATION,C,25000,13.79,0.36,N,3,0.35714285714285715,5833.333333333333,4.285714285714286,Young,0-2 years,1,1,0.64101756,1,High Risk
32,83196,RENT,1.0,MEDICAL,B,9350,,0.11,N,8,0.11238521082744363,6933.0,1.3486225299293235,Adult,0-2 years,0,0,0.12087508,0,Low Risk
35,75000,MORTGAGE,5.0,DEBTCONSOLIDATION,C,4000,14.27,0.05,Y,5,0.05333333333333334,6250.0,0.64,Adult,3-5 years,0,0,0.24853615,0,Low Risk
29,160000,RENT,4.0,VENTURE,C,35000,14.27,0.22,Y,8,0.21875,13333.333333333334,2.625,Adult,3-5 years,0,0,0.10141393,0,Low Risk
33,125000,OWN,17.0,PERSONAL,A,3000,7.75,0.02,N,8,0.024,10416.666666666666,0.28800000000000003,Adult,10+ years,0,0,0.0029970407,0,Low Risk
23,40440,RENT,0.0,EDUCATION,C,5500,12.73,0.14,N,4,0.13600395647873392,3370.0,1.632047477744807,Young,0-2 years,0,0,0.118963264,0,Low Risk
22,99600,MORTGAGE,6.0,MEDICAL,B,5000,9.67,0.05,N,3,0.050200803212851405,8300.0,0.6024096385542169,Young,6-10 years,0,0,0.074403755,0,Low Risk
29,36000,RENT,1.0,VENTURE,B,12000,12.21,0.33,N,10,0.3333333333333333,3000.0,4.0,Adult,0-2 years,1,1,0.9914498,1,High Risk
33,94000,RENT,4.0,HOMEIMPROVEMENT,B,7000,11.49,0.07,N,10,0.07446808510638298,7833.333333333333,0.8936170212765958,Adult,3-5 years,0,0,0.11708669,0,Low Risk
23,54996,MORTGAGE,7.0,EDUCATION,B,2100,11.49,0.04,N,3,0.038184595243290424,4583.0,0.45821514291948506,Young,6-10 years,0,0,0.20813969,0,Low Risk
25,90000,RENT,4.0,HOMEIMPROVEMENT,A,6000,7.88,0.07,N,3,0.06666666666666667,7500.0,0.8,Young,3-5 years,0,0,0.026576491,0,Low Risk
22,35000,MORTGAGE,7.0,VENTURE,A,4000,7.29,0.11,N,2,0.11428571428571428,2916.6666666666665,1.3714285714285714,Young,6-10 years,0,0,0.008088097,0,Low Risk
33,67000,MORTGAGE,6.0,DEBTCONSOLIDATION,B,25000,10.99,0.37,N,6,0.373134328358209,5583.333333333333,4.477611940298508,Adult,6-10 years,1,0,0.44536456,0,Medium Risk
69,24000,RENT,3.0,MEDICAL,A,6000,6.62,0.25,N,20,0.25,2000.0,3.0,Senior,3-5 years,0,0,0.025809813,0,Low Risk
21,70500,RENT,5.0,VENTURE,A,15000,8.0,0.21,N,3,0.2127659574468085,5875.0,2.5531914893617023,Young,3-5 years,0,0,0.008490363,0,Low Risk
22,28000,RENT,6.0,EDUCATION,A,10000,5.42,0.36,N,3,0.35714285714285715,2333.3333333333335,4.285714285714286,Young,6-10 years,1,1,0.98864114,1,High Risk
24,100000,MORTGAGE,8.0,VENTURE,F,30000,18.62,0.3,Y,2,0.3,8333.333333333334,3.5999999999999996,Young,6-10 years,1,0,0.18543376,0,Low Risk
32,80000,OWN,2.0,VENTURE,B,10000,11.14,0.13,N,9,0.125,6666.666666666667,1.5,Adult,0-2 years,0,0,0.0003186238,0,Low Risk
26,90000,RENT,2.0,PERSONAL,A,10000,7.49,0.11,N,4,0.1111111111111111,7500.0,1.3333333333333333,Adult,0-2 years,0,0,0.037499797,0,Low Risk
25,180000,MORTGAGE,9.0,HOMEIMPROVEMENT,B,6000,12.42,0.03,N,4,0.03333333333333333,15000.0,0.4,Young,6-10 years,0,0,0.11347023,0,Low Risk
22,33996,RENT,6.0,VENTURE,D,15000,14.96,0.44,Y,4,0.44122837980938934,2833.0,5.2947405577126725,Young,6-10 years,1,1,0.9973295,1,High Risk
27,115000,RENT,3.0,VENTURE,A,6000,7.4,0.05,N,5,0.05217391304347826,9583.333333333334,0.6260869565217391,Adult,3-5 years,0,0,0.004394462,0,Low Risk
24,85000,RENT,1.0,VENTURE,A,10500,6.92,0.12,N,3,0.12352941176470589,7083.333333333333,1.4823529411764707,Young,0-2 years,0,0,0.0028377695,0,Low Risk
43,45000,RENT,5.0,EDUCATION,A,7000,5.42,0.16,N,12,0.15555555555555556,3750.0,1.8666666666666667,Middle Age,3-5 years,0,0,0.016502192,0,Low Risk
26,55080,MORTGAGE,10.0,MEDICAL,A,2500,7.66,0.04,N,3,0.04538852578068264,4590.0,0.5446623093681917,Adult,6-10 years,0,1,0.22437085,0,Low Risk
37,6000,OWN,3.0,VENTURE,A,1300,6.03,0.22,N,11,0.21666666666666667,500.0,2.6,Middle Age,3-5 years,0,1,0.9921268,1,High Risk
34,39996,RENT,0.0,DEBTCONSOLIDATION,B,4750,9.25,0.12,N,10,0.11876187618761876,3333.0,1.4251425142514251,Adult,0-2 years,0,0,0.100433335,0,Low Risk
22,12000,RENT,0.0,EDUCATION,A,6700,7.66,0.56,N,4,0.5583333333333333,1000.0,6.7,Young,0-2 years,1,1,0.9991911,1,High Risk
24,35000,RENT,3.0,VENTURE,C,8400,12.87,0.24,Y,4,0.24,2916.6666666666665,2.8800000000000003,Young,3-5 years,0,0,0.20178221,0,Low Risk
48,228000,MORTGAGE,0.0,HOMEIMPROVEMENT,D,25000,15.31,0.11,N,13,0.10964912280701754,19000.0,1.3157894736842106,Middle Age,0-2 years,0,1,0.41143265,0,Medium Risk
28,100000,OWN,7.0,HOMEIMPROVEMENT,C,20000,12.68,0.2,Y,6,0.2,8333.333333333334,2.4,Adult,6-10 years,0,0,0.0077105514,0,Low Risk
38,85000,MORTGAGE,5.0,VENTURE,A,10000,,0.12,N,12,0.11764705882352941,7083.333333333333,1.411764705882353,Middle Age,3-5 years,0,0,0.003753689,0,Low Risk
27,24000,OWN,4.0,EDUCATION,C,4000,12.99,0.17,N,6,0.16666666666666666,2000.0,2.0,Adult,3-5 years,0,0,0.003253147,0,Low Risk
30,80000,MORTGAGE,4.0,DEBTCONSOLIDATION,A,10750,6.17,0.13,N,5,0.134375,6666.666666666667,1.6124999999999998,Adult,3-5 years,0,0,0.02131952,0,Low Risk
23,24960,RENT,0.0,PERSONAL,B,10000,9.64,0.4,N,4,0.40064102564102566,2080.0,4.8076923076923075,Young,0-2 years,1,1,0.9947035,1,High Risk
28,270300,MORTGAGE,3.0,MEDICAL,E,25000,17.88,0.08,N,6,0.0924898261191269,22525.0,1.1098779134295227,Adult,3-5 years,0,1,0.9400999,1,High Risk
22,27000,MORTGAGE,2.0,DEBTCONSOLIDATION,B,5000,12.18,0.19,N,4,0.18518518518518517,2250.0,2.2222222222222223,Young,0-2 years,0,0,0.42832568,0,Medium Risk
31,60000,MORTGAGE,0.0,VENTURE,B,7800,10.59,0.13,N,10,0.13,5000.0,1.56,Adult,0-2 years,0,0,0.0064473357,0,Low Risk
22,160000,RENT,6.0,PERSONAL,A,20000,7.49,0.13,N,4,0.125,13333.333333333334,1.5,Young,6-10 years,0,0,0.025124708,0,Low Risk
28,95000,MORTGAGE,0.0,HOMEIMPROVEMENT,A,5000,7.51,0.05,N,5,0.05263157894736842,7916.666666666667,0.631578947368421,Adult,0-2 years,0,0,0.07835652,0,Low Risk
27,150000,MORTGAGE,11.0,VENTURE,B,8000,12.21,0.05,N,5,0.05333333333333334,12500.0,0.64,Adult,10+ years,0,0,0.0075866594,0,Low Risk
29,40000,MORTGAGE,3.0,MEDICAL,A,6600,8.0,0.17,N,10,0.165,3333.3333333333335,1.98,Adult,3-5 years,0,0,0.056177165,0,Low Risk
27,50000,MORTGAGE,4.0,EDUCATION,C,2200,12.99,0.04,Y,10,0.044,4166.666666666667,0.5279999999999999,Adult,3-5 years,0,0,0.11386001,0,Low Risk
35,40000,OWN,5.0,VENTURE,A,8000,7.66,0.2,N,6,0.2,3333.3333333333335,2.4,Adult,3-5 years,0,0,0.00023736399,0,Low Risk
22,63400,MORTGAGE,6.0,PERSONAL,B,10500,9.99,0.17,N,2,0.16561514195583596,5283.333333333333,1.9873817034700316,Young,6-10 years,0,0,0.22962855,0,Low Risk
28,40500,MORTGAGE,0.0,VENTURE,C,12000,12.23,0.3,Y,5,0.2962962962962963,3375.0,3.5555555555555554,Adult,0-2 years,1,0,0.16786948,0,Low Risk
33,40000,MORTGAGE,2.0,PERSONAL,B,6000,12.21,0.15,N,10,0.15,3333.3333333333335,1.7999999999999998,Adult,0-2 years,0,0,0.14944766,0,Low Risk
39,95000,MORTGAGE,3.0,HOMEIMPROVEMENT,D,20000,14.84,0.21,Y,11,0.21052631578947367,7916.666666666667,2.526315789473684,Middle Age,3-5 years,0,0,0.31488076,0,Medium Risk
39,24000,RENT,0.0,VENTURE,D,3000,14.12,0.13,N,12,0.125,2000.0,1.5,Middle Age,0-2 years,0,1,0.95342696,1,High Risk
23,44004,OWN,7.0,MEDICAL,A,17000,6.62,0.39,N,2,0.3863285155894919,3667.0,4.635942187073902,Young,6-10 years,1,0,0.015411262,0,Low Risk
23,81504,MORTGAGE,6.0,DEBTCONSOLIDATION,A,2400,6.92,0.03,N,4,0.02944640753828033,6792.0,0.35335689045936397,Young,6-10 years,0,0,0.038409907,0,Low Risk
22,30000,RENT,0.0,EDUCATION,B,5000,11.49,0.17,N,2,0.16666666666666666,2500.0,2.0,Young,0-2 years,0,0,0.43649063,0,Medium Risk
26,40000,OWN,0.0,EDUCATION,B,15000,9.64,0.38,N,4,0.375,3333.3333333333335,4.5,Adult,0-2 years,1,0,0.0030014964,0,Low Risk
32,30000,RENT,4.0,PERSONAL,C,3000,13.49,0.1,Y,6,0.1,2500.0,1.2,Adult,3-5 years,0,0,0.36688396,0,Medium Risk
24,50500,RENT,7.0,HOMEIMPROVEMENT,A,9600,,0.19,N,2,0.1900990099009901,4208.333333333333,2.2811881188118814,Young,6-10 years,0,0,0.05664909,0,Low Risk
27,146000,MORTGAGE,5.0,MEDICAL,A,2500,8.49,0.02,N,5,0.017123287671232876,12166.666666666666,0.20547945205479454,Adult,3-5 years,0,0,0.07074587,0,Low Risk
22,44400,RENT,3.0,EDUCATION,C,12800,12.73,0.29,N,2,0.2882882882882883,3700.0,3.4594594594594597,Young,3-5 years,0,0,0.20371401,0,Low Risk
24,61147,MORTGAGE,5.0,MEDICAL,A,17000,6.03,0.28,N,4,0.2780185454723862,5095.583333333333,3.336222545668635,Young,3-5 years,0,0,0.07384741,0,Low Risk
35,30000,RENT,0.0,MEDICAL,A,6475,5.42,0.22,N,6,0.21583333333333332,2500.0,2.59,Adult,0-2 years,0,0,0.07393433,0,Low Risk
23,56000,RENT,7.0,EDUCATION,C,9000,13.35,0.16,N,3,0.16071428571428573,4666.666666666667,1.9285714285714284,Young,6-10 years,0,0,0.32142553,0,Medium Risk
26,35000,RENT,0.0,DEBTCONSOLIDATION,D,8000,15.31,0.23,Y,2,0.22857142857142856,2916.6666666666665,2.742857142857143,Adult,0-2 years,0,1,0.9884808,1,High Risk
28,35000,RENT,4.0,DEBTCONSOLIDATION,A,2400,7.29,0.07,N,9,0.06857142857142857,2916.6666666666665,0.822857142857143,Adult,3-5 years,0,1,0.24062768,0,Low Risk
21,12000,RENT,,VENTURE,B,3200,11.49,0.27,N,2,0.26666666666666666,1000.0,3.2,Young,,0,1,0.9923774,1,High Risk
23,25000,OWN,,MEDICAL,C,4000,15.27,0.16,Y,4,0.16,2083.3333333333335,1.92,Young,,0,0,0.0051556495,0,Low Risk
29,28000,RENT,2.0,PERSONAL,D,5000,16.07,0.18,N,8,0.17857142857142858,2333.3333333333335,2.142857142857143,Adult,0-2 years,0,1,0.9819988,1,High Risk
29,50000,MORTGAGE,4.0,MEDICAL,A,10000,6.03,0.2,N,5,0.2,4166.666666666667,2.4,Adult,3-5 years,0,0,0.022477841,0,Low Risk
27,38400,RENT,6.0,MEDICAL,B,2400,10.65,0.06,N,6,0.0625,3200.0,0.75,Adult,6-10 years,0,0,0.15832627,0,Low Risk
39,50000,MORTGAGE,1.0,PERSONAL,A,8000,7.68,0.16,N,11,0.16,4166.666666666667,1.92,Middle Age,0-2 years,0,0,0.014781962,0,Low Risk
25,31000,RENT,2.0,DEBTCONSOLIDATION,A,1800,8.32,0.06,N,2,0.05806451612903226,2583.3333333333335,0.6967741935483871,Young,0-2 years,0,0,0.43706933,0,Medium Risk
34,55000,MORTGAGE,4.0,EDUCATION,C,7000,13.49,0.13,N,7,0.12727272727272726,4583.333333333333,1.5272727272727273,Adult,3-5 years,0,0,0.21480569,0,Low Risk
24,205000,MORTGAGE,2.0,MEDICAL,B,11000,10.99,0.05,N,4,0.05365853658536585,17083.333333333332,0.6439024390243903,Young,0-2 years,0,0,0.0397728,0,Low Risk
25,70000,RENT,3.0,MEDICAL,A,5600,7.9,0.08,N,3,0.08,5833.333333333333,0.9600000000000001,Young,3-5 years,0,0,0.051837556,0,Low Risk
29,62500,MORTGAGE,13.0,MEDICAL,B,5000,11.36,0.08,N,5,0.08,5208.333333333333,0.9600000000000001,Adult,10+ years,0,0,0.37622523,0,Medium Risk
33,53000,RENT,4.0,DEBTCONSOLIDATION,B,3600,9.25,0.07,N,5,0.06792452830188679,4416.666666666667,0.8150943396226414,Adult,3-5 years,0,0,0.19177686,0,Low Risk
22,75000,RENT,3.0,EDUCATION,B,10600,10.99,0.14,N,3,0.14133333333333334,6250.0,1.696,Young,3-5 years,0,0,0.08910851,0,Low Risk
22,16800,RENT,2.0,PERSONAL,B,4000,10.25,0.24,N,4,0.23809523809523808,1400.0,2.857142857142857,Young,0-2 years,0,1,0.99440646,1,High Risk
34,85800,OWN,11.0,VENTURE,A,5000,7.4,0.06,N,6,0.05827505827505827,7150.0,0.6993006993006993,Adult,10+ years,0,0,0.00058113405,0,Low Risk
34,74000,RENT,3.0,EDUCATION,C,11200,11.66,0.15,N,10,0.15135135135135136,6166.666666666667,1.816216216216216,Adult,3-5 years,0,1,0.26741946,0,Low Risk
24,40000,MORTGAGE,6.0,VENTURE,B,10000,9.91,0.25,N,3,0.25,3333.3333333333335,3.0,Young,6-10 years,0,0,0.0049268194,0,Low Risk
22,55000,RENT,3.0,EDUCATION,C,5000,,0.09,Y,3,0.09090909090909091,4583.333333333333,1.090909090909091,Young,3-5 years,0,0,0.14730398,0,Low Risk
24,54000,MORTGAGE,9.0,MEDICAL,A,8525,8.59,0.16,N,4,0.15787037037037038,4500.0,1.8944444444444444,Young,6-10 years,0,0,0.4079802,0,Medium Risk
33,115000,RENT,9.0,HOMEIMPROVEMENT,C,7500,11.03,0.07,Y,8,0.06521739130434782,9583.333333333334,0.7826086956521738,Adult,6-10 years,0,0,0.21920665,0,Low Risk
24,21648,RENT,8.0,EDUCATION,A,5000,6.99,0.23,N,3,0.2309682187730968,1804.0,2.7716186252771617,Young,6-10 years,0,0,0.2920382,0,Low Risk
36,120000,MORTGAGE,11.0,MEDICAL,A,30000,6.62,0.25,N,11,0.25,10000.0,3.0,Middle Age,10+ years,0,0,0.04061177,0,Low Risk
29,144000,MORTGAGE,13.0,VENTURE,A,16000,6.62,0.11,N,6,0.1111111111111111,12000.0,1.3333333333333333,Adult,10+ years,0,0,0.0036401523,0,Low Risk
26,34200,RENT,1.0,MEDICAL,C,3500,12.84,0.1,N,4,0.1023391812865497,2850.0,1.2280701754385965,Adult,0-2 years,0,0,0.35294804,0,Medium Risk
28,70000,OWN,7.0,VENTURE,B,8000,11.49,0.11,N,9,0.11428571428571428,5833.333333333333,1.3714285714285714,Adult,6-10 years,0,0,0.00053052726,0,Low Risk
22,58000,RENT,0.0,EDUCATION,A,17475,7.51,0.3,N,3,0.30129310344827587,4833.333333333333,3.6155172413793104,Young,0-2 years,1,0,0.12417269,0,Low Risk
24,105000,RENT,2.0,VENTURE,A,13800,7.66,0.13,N,2,0.13142857142857142,8750.0,1.5771428571428572,Young,0-2 years,0,0,0.003949267,0,Low Risk
24,70000,RENT,2.0,EDUCATION,B,13000,10.0,0.19,N,2,0.18571428571428572,5833.333333333333,2.2285714285714286,Young,0-2 years,0,0,0.07322555,0,Low Risk
27,48500,RENT,1.0,VENTURE,B,17500,12.42,0.36,N,9,0.36082474226804123,4041.6666666666665,4.3298969072164954,Adult,0-2 years,1,1,0.9945186,1,High Risk
34,109000,OWN,14.0,HOMEIMPROVEMENT,C,15000,13.61,0.14,Y,7,0.13761467889908258,9083.333333333334,1.6513761467889907,Adult,10+ years,0,0,0.0080555,0,Low Risk
27,42000,RENT,3.0,DEBTCONSOLIDATION,B,8800,11.71,0.21,N,5,0.20952380952380953,3500.0,2.5142857142857142,Adult,3-5 years,0,0,0.2758789,0,Low Risk
28,75000,RENT,0.0,VENTURE,A,5625,6.91,0.07,N,5,0.075,6250.0,0.9,Adult,0-2 years,0,0,0.0037225555,0,Low Risk
25,80004,RENT,5.0,EDUCATION,B,10000,9.62,0.12,N,4,0.12499375031248437,6667.0,1.4999250037498124,Young,3-5 years,0,0,0.13664268,0,Low Risk
27,63000,MORTGAGE,11.0,DEBTCONSOLIDATION,A,4400,5.99,0.07,N,8,0.06984126984126984,5250.0,0.8380952380952381,Adult,10+ years,0,0,0.05346861,0,Low Risk
24,95000,RENT,8.0,PERSONAL,D,17200,17.58,0.18,N,3,0.18105263157894738,7916.666666666667,2.1726315789473682,Young,6-10 years,0,0,0.26703513,0,Low Risk
24,90000,RENT,8.0,PERSONAL,B,10000,,0.11,N,4,0.1111111111111111,7500.0,1.3333333333333333,Young,6-10 years,0,0,0.10209931,0,Low Risk
23,44400,MORTGAGE,3.0,EDUCATION,A,6500,7.51,0.15,N,4,0.1463963963963964,3700.0,1.7567567567567568,Young,3-5 years,0,0,0.13644756,0,Low Risk
35,54996,RENT,12.0,HOMEIMPROVEMENT,A,20000,6.62,0.36,N,9,0.36366281184086113,4583.0,4.363953742090334,Adult,10+ years,1,1,0.9890042,1,High Risk
32,62000,RENT,1.0,HOMEIMPROVEMENT,B,8000,9.99,0.13,N,5,0.12903225806451613,5166.666666666667,1.5483870967741935,Adult,0-2 years,0,0,0.16311425,0,Low Risk
47,25000,OWN,2.0,PERSONAL,C,10750,14.22,0.43,Y,16,0.43,2083.3333333333335,5.159999999999999,Middle Age,0-2 years,1,0,0.016728092,0,Low Risk
32,140000,MORTGAGE,0.0,HOMEIMPROVEMENT,A,18000,6.17,0.13,N,5,0.12857142857142856,11666.666666666666,1.542857142857143,Adult,0-2 years,0,0,0.048699617,0,Low Risk
27,52000,RENT,2.0,PERSONAL,C,11000,11.34,0.21,N,9,0.21153846153846154,4333.333333333333,2.5384615384615388,Adult,0-2 years,0,0,0.17768358,0,Low Risk
23,130000,RENT,3.0,MEDICAL,B,8000,11.99,0.06,N,3,0.06153846153846154,10833.333333333334,0.7384615384615384,Young,3-5 years,0,0,0.056562703,0,Low Risk
26,61000,MORTGAGE,4.0,PERSONAL,A,8000,7.49,0.13,N,2,0.13114754098360656,5083.333333333333,1.5737704918032789,Adult,3-5 years,0,0,0.08859837,0,Low Risk
21,39996,RENT,2.0,EDUCATION,A,10000,8.59,0.25,N,4,0.25002500250025,3333.0,3.0003000300030003,Young,0-2 years,0,0,0.08422311,0,Low Risk
22,52000,MORTGAGE,6.0,EDUCATION,C,9750,13.06,0.19,N,3,0.1875,4333.333333333333,2.25,Young,6-10 years,0,0,0.26835313,0,Low Risk
23,112976,MORTGAGE,2.0,MEDICAL,A,20000,6.91,0.18,N,2,0.17702874946891375,9414.666666666666,2.124344993626965,Young,0-2 years,0,0,0.04223208,0,Low Risk
23,24000,RENT,4.0,VENTURE,B,1500,11.49,0.06,N,2,0.0625,2000.0,0.75,Young,3-5 years,0,0,0.08360049,0,Low Risk
23,98000,MORTGAGE,7.0,VENTURE,A,10000,,0.1,N,4,0.10204081632653061,8166.666666666667,1.2244897959183674,Young,6-10 years,0,0,0.007999728,0,Low Risk
29,32000,RENT,6.0,MEDICAL,C,10800,13.57,0.34,N,5,0.3375,2666.6666666666665,4.05,Adult,6-10 years,1,1,0.9918828,1,High Risk
23,34884,RENT,3.0,EDUCATION,A,2000,6.92,0.06,N,2,0.05733287467033597,2907.0,0.6879944960440316,Young,3-5 years,0,0,0.17399691,0,Low Risk
22,28800,RENT,0.0,VENTURE,A,3500,,0.12,N,2,0.12152777777777778,2400.0,1.4583333333333333,Young,0-2 years,0,0,0.04290659,0,Low Risk
22,140000,RENT,0.0,EDUCATION,B,10000,9.99,0.07,N,2,0.07142857142857142,11666.666666666666,0.8571428571428572,Young,0-2 years,0,0,0.05051082,0,Low Risk
25,48000,RENT,0.0,MEDICAL,C,12000,13.49,0.25,Y,2,0.25,4000.0,3.0,Young,0-2 years,0,0,0.21370408,0,Low Risk
20,135000,MORTGAGE,1.0,VENTURE,C,15000,15.96,0.11,Y,2,0.1111111111111111,11250.0,1.3333333333333333,Young,0-2 years,0,0,0.08191899,0,Low Risk
27,21600,RENT,2.0,MEDICAL,B,8000,10.59,0.37,N,5,0.37037037037037035,1800.0,4.444444444444445,Adult,0-2 years,1,1,0.9907128,1,High Risk
31,66000,RENT,11.0,HOMEIMPROVEMENT,B,10500,12.69,0.16,N,10,0.1590909090909091,5500.0,1.9090909090909092,Adult,10+ years,0,0,0.20092231,0,Low Risk
32,227500,RENT,3.0,HOMEIMPROVEMENT,C,25000,12.53,0.11,N,10,0.10989010989010989,18958.333333333332,1.3186813186813187,Adult,3-5 years,0,0,0.1840543,0,Low Risk
21,29000,RENT,5.0,MEDICAL,D,7000,12.61,0.24,Y,2,0.2413793103448276,2416.6666666666665,2.896551724137931,Young,3-5 years,0,1,0.9213084,1,High Risk
23,23148,RENT,0.0,DEBTCONSOLIDATION,B,8000,,0.35,N,4,0.34560221185415585,1929.0,4.147226542249871,Young,0-2 years,1,1,0.9923448,1,High Risk
29,84000,RENT,9.0,DEBTCONSOLIDATION,C,13000,12.53,0.15,Y,7,0.15476190476190477,7000.0,1.8571428571428572,Adult,6-10 years,0,0,0.14406562,0,Low Risk
22,31200,RENT,0.0,MEDICAL,C,10600,12.99,0.34,N,2,0.33974358974358976,2600.0,4.076923076923077,Young,0-2 years,1,1,0.9942069,1,High Risk
26,49000,RENT,0.0,HOMEIMPROVEMENT,F,20000,19.79,0.41,N,3,0.40816326530612246,4083.3333333333335,4.8979591836734695,Adult,0-2 years,1,1,0.9991836,1,High Risk
32,54000,MORTGAGE,16.0,MEDICAL,A,10000,7.74,0.19,N,7,0.18518518518518517,4500.0,2.2222222222222223,Adult,10+ years,0,0,0.19926532,0,Low Risk
26,110000,RENT,4.0,VENTURE,B,12000,,0.11,N,2,0.10909090909090909,9166.666666666666,1.309090909090909,Adult,3-5 years,0,0,0.008957274,0,Low Risk
22,54000,RENT,5.0,HOMEIMPROVEMENT,D,3200,16.49,0.06,N,2,0.05925925925925926,4500.0,0.7111111111111111,Young,3-5 years,0,1,0.9437033,1,High Risk
23,48000,OWN,6.0,EDUCATION,B,5000,10.08,0.1,N,4,0.10416666666666667,4000.0,1.25,Young,6-10 years,0,0,0.0033793543,0,Low Risk
24,20485,RENT,,PERSONAL,A,5575,7.9,0.27,N,4,0.2721503539175006,1707.0833333333333,3.2658042470100073,Young,,0,0,0.19622988,0,Low Risk
25,35000,RENT,9.0,MEDICAL,A,7200,8.9,0.21,N,3,0.2057142857142857,2916.6666666666665,2.468571428571429,Young,6-10 years,0,0,0.10492039,0,Low Risk
25,60000,MORTGAGE,8.0,EDUCATION,C,8000,,0.13,N,3,0.13333333333333333,5000.0,1.6,Young,6-10 years,0,0,0.16129647,0,Low Risk
28,42000,OWN,4.0,PERSONAL,C,8000,15.96,0.19,N,7,0.19047619047619047,3500.0,2.2857142857142856,Adult,3-5 years,0,0,0.0031603018,0,Low Risk
34,23000,OWN,2.0,VENTURE,A,2500,,0.11,N,9,0.10869565217391304,1916.6666666666667,1.3043478260869565,Adult,0-2 years,0,0,0.0006224052,0,Low Risk
22,60000,RENT,0.0,DEBTCONSOLIDATION,C,9000,,0.15,N,2,0.15,5000.0,1.8,Young,0-2 years,0,0,0.080176495,0,Low Risk
36,31200,RENT,9.0,PERSONAL,B,3000,12.42,0.1,N,12,0.09615384615384616,2600.0,1.1538461538461537,Middle Age,6-10 years,0,0,0.5351647,1,Medium Risk
22,31215,OWN,,EDUCATION,B,14000,9.91,0.45,N,3,0.44850232260131345,2601.25,5.382027871215762,Young,,1,0,0.004957595,0,Low Risk
26,76250,RENT,6.0,VENTURE,B,10000,10.71,0.13,N,3,0.13114754098360656,6354.166666666667,1.5737704918032787,Adult,6-10 years,0,0,0.011504467,0,Low Risk
24,85000,MORTGAGE,4.0,MEDICAL,B,2500,10.38,0.03,N,4,0.029411764705882353,7083.333333333333,0.35294117647058826,Young,3-5 years,0,0,0.13595335,0,Low Risk
31,30000,MORTGAGE,,EDUCATION,B,1200,,0.04,N,8,0.04,2500.0,0.48,Adult,,0,0,0.655304,1,High Risk
23,77200,RENT,1.0,EDUCATION,B,3000,9.63,0.04,N,2,0.038860103626943004,6433.333333333333,0.4663212435233161,Young,0-2 years,0,0,0.21325362,0,Low Risk
23,27600,MORTGAGE,,EDUCATION,A,9800,7.29,0.36,N,4,0.35507246376811596,2300.0,4.260869565217392,Young,,1,0,0.16423497,0,Low Risk
26,64000,RENT,8.0,DEBTCONSOLIDATION,B,7500,9.83,0.12,N,3,0.1171875,5333.333333333333,1.40625,Adult,6-10 years,0,0,0.26348767,0,Low Risk
21,53851,MORTGAGE,2.0,DEBTCONSOLIDATION,B,12000,10.0,0.22,N,2,0.22283708751926612,4487.583333333333,2.674045050231194,Young,0-2 years,0,0,0.16368397,0,Low Risk
25,39000,MORTGAGE,9.0,MEDICAL,A,4500,6.54,0.12,N,4,0.11538461538461539,3250.0,1.3846153846153846,Young,6-10 years,0,0,0.29010478,0,Low Risk
28,72000,MORTGAGE,13.0,PERSONAL,C,16000,14.26,0.22,N,9,0.2222222222222222,6000.0,2.6666666666666665,Adult,10+ years,0,0,0.25716522,0,Low Risk
24,69600,RENT,2.0,PERSONAL,A,10000,8.38,0.14,N,2,0.14367816091954022,5800.0,1.7241379310344827,Young,0-2 years,0,0,0.052651696,0,Low Risk
31,116400,RENT,3.0,VENTURE,B,8900,10.0,0.08,N,5,0.07646048109965636,9700.0,0.9175257731958762,Adult,3-5 years,0,0,0.009947684,0,Low Risk
26,105000,MORTGAGE,1.0,VENTURE,B,20000,,0.19,N,4,0.19047619047619047,8750.0,2.2857142857142856,Adult,0-2 years,0,0,0.008658516,0,Low Risk
22,137004,MORTGAGE,3.0,DEBTCONSOLIDATION,A,10000,5.79,0.07,N,4,0.0729905696184053,11417.0,0.8758868354208637,Young,3-5 years,0,0,0.01109319,0,Low Risk
36,160000,MORTGAGE,5.0,EDUCATION,C,10000,12.73,0.06,Y,15,0.0625,13333.333333333334,0.75,Middle Age,3-5 years,0,0,0.12663257,0,Low Risk
24,40000,RENT,2.0,PERSONAL,B,2000,11.99,0.05,N,4,0.05,3333.3333333333335,0.6,Young,0-2 years,0,0,0.12343205,0,Low Risk
27,117000,RENT,2.0,EDUCATION,A,10000,8.0,0.09,N,10,0.08547008547008547,9750.0,1.0256410256410255,Adult,0-2 years,0,0,0.04113106,0,Low Risk
29,72000,MORTGAGE,13.0,VENTURE,A,22100,7.29,0.31,N,5,0.30694444444444446,6000.0,3.683333333333333,Adult,10+ years,1,0,0.023371957,0,Low Risk
29,65000,MORTGAGE,1.0,HOMEIMPROVEMENT,A,9600,5.79,0.15,N,5,0.1476923076923077,5416.666666666667,1.7723076923076921,Adult,0-2 years,0,0,0.03326294,0,Low Risk
35,91000,OWN,0.0,EDUCATION,A,10000,8.59,0.11,N,9,0.10989010989010989,7583.333333333333,1.3186813186813187,Adult,0-2 years,0,0,0.0020969552,0,Low Risk
23,40000,MORTGAGE,4.0,PERSONAL,B,6000,,0.15,N,2,0.15,3333.3333333333335,1.7999999999999998,Young,3-5 years,0,0,0.15479134,0,Low Risk
27,130000,OWN,3.0,MEDICAL,A,15000,6.03,0.12,N,10,0.11538461538461539,10833.333333333334,1.3846153846153846,Adult,3-5 years,0,0,0.0023955135,0,Low Risk
25,24996,RENT,8.0,VENTURE,C,2500,12.98,0.1,N,4,0.10001600256040967,2083.0,1.200192030724916,Young,6-10 years,0,0,0.30114934,0,Medium Risk
40,45600,MORTGAGE,20.0,HOMEIMPROVEMENT,A,7000,6.62,0.15,N,17,0.15350877192982457,3800.0,1.8421052631578947,Middle Age,10+ years,0,0,0.121470265,0,Low Risk
28,77385,RENT,3.0,MEDICAL,A,6000,7.66,0.08,N,6,0.07753440589261484,6448.75,0.9304128707113781,Adult,3-5 years,0,0,0.12532148,0,Low Risk
21,16800,MORTGAGE,0.0,VENTURE,B,6000,10.39,0.36,N,4,0.35714285714285715,1400.0,4.285714285714286,Young,0-2 years,1,1,0.9746379,1,High Risk
23,69996,RENT,7.0,DEBTCONSOLIDATION,C,5600,13.11,0.08,N,4,0.08000457168981084,5833.0,0.9600548602777301,Young,6-10 years,0,0,0.12781525,0,Low Risk
35,74000,MORTGAGE,13.0,DEBTCONSOLIDATION,A,5000,7.9,0.07,N,5,0.06756756756756757,6166.666666666667,0.8108108108108107,Adult,10+ years,0,0,0.14473554,0,Low Risk
25,28800,RENT,5.0,PERSONAL,A,5575,6.62,0.19,N,4,0.1935763888888889,2400.0,2.3229166666666665,Young,3-5 years,0,0,0.15451631,0,Low Risk
25,150000,MORTGAGE,5.0,DEBTCONSOLIDATION,A,10000,6.54,0.07,N,4,0.06666666666666667,12500.0,0.8,Young,3-5 years,0,0,0.013707697,0,Low Risk
28,54400,RENT,0.0,MEDICAL,D,10200,16.89,0.16,N,5,0.1875,4533.333333333333,2.25,Adult,0-2 years,0,1,0.9940612,1,High Risk
26,97700,MORTGAGE,1.0,DEBTCONSOLIDATION,A,10400,9.32,0.11,N,3,0.10644831115660185,8141.666666666667,1.277379733879222,Adult,0-2 years,0,0,0.039611883,0,Low Risk
24,162000,MORTGAGE,8.0,DEBTCONSOLIDATION,C,16000,15.96,0.1,Y,2,0.09876543209876543,13500.0,1.1851851851851851,Young,6-10 years,0,0,0.20624375,0,Low Risk
21,23000,RENT,5.0,PERSONAL,C,6250,13.48,0.27,Y,3,0.2717391304347826,1916.6666666666667,3.260869565217391,Young,3-5 years,0,0,0.3040537,0,Medium Risk
23,50000,RENT,0.0,EDUCATION,A,3000,6.91,0.06,N,2,0.06,4166.666666666667,0.72,Young,0-2 years,0,0,0.028430896,0,Low Risk
35,46900,RENT,14.0,MEDICAL,C,14000,14.27,0.3,Y,5,0.29850746268656714,3908.3333333333335,3.5820895522388057,Adult,10+ years,1,0,0.34931394,0,Medium Risk
25,49000,RENT,8.0,EDUCATION,C,6000,,0.12,Y,2,0.12244897959183673,4083.3333333333335,1.4693877551020407,Young,6-10 years,0,0,0.4765066,0,Medium Risk
22,44400,RENT,2.0,PERSONAL,E,10800,18.79,0.24,N,3,0.24324324324324326,3700.0,2.918918918918919,Young,0-2 years,0,1,0.9486392,1,High Risk
25,135000,RENT,8.0,PERSONAL,B,24000,10.99,0.18,N,2,0.17777777777777778,11250.0,2.1333333333333333,Young,6-10 years,0,0,0.08041117,0,Low Risk
25,80000,MORTGAGE,9.0,DEBTCONSOLIDATION,A,10250,5.42,0.13,N,4,0.128125,6666.666666666667,1.5374999999999999,Young,6-10 years,0,0,0.040671263,0,Low Risk
45,34000,RENT,1.0,EDUCATION,A,5000,,0.15,N,11,0.14705882352941177,2833.3333333333335,1.7647058823529411,Middle Age,0-2 years,0,1,0.4410472,0,Medium Risk
28,100000,MORTGAGE,3.0,EDUCATION,C,8000,13.98,0.08,Y,6,0.08,8333.333333333334,0.96,Adult,3-5 years,0,0,0.15749966,0,Low Risk
37,45000,RENT,6.0,PERSONAL,B,14000,11.36,0.31,N,16,0.3111111111111111,3750.0,3.7333333333333334,Middle Age,6-10 years,1,1,0.9758103,1,High Risk
23,33000,RENT,0.0,PERSONAL,B,7800,10.95,0.24,N,2,0.23636363636363636,2750.0,2.8363636363636364,Young,0-2 years,0,1,0.546819,1,Medium Risk
22,64000,RENT,7.0,EDUCATION,D,13000,14.11,0.2,Y,3,0.203125,5333.333333333333,2.4375,Young,6-10 years,0,0,0.5714791,1,Medium Risk
24,40000,RENT,8.0,MEDICAL,B,2800,10.25,0.07,N,2,0.07,3333.3333333333335,0.84,Young,6-10 years,0,0,0.12718497,0,Low Risk
25,28800,RENT,0.0,DEBTCONSOLIDATION,B,5500,9.76,0.19,N,4,0.1909722222222222,2400.0,2.2916666666666665,Young,0-2 years,0,0,0.20975421,0,Low Risk
33,132444,RENT,4.0,EDUCATION,B,2000,11.36,0.02,N,9,0.015100721814502734,11037.0,0.1812086617740328,Adult,3-5 years,0,0,0.08245344,0,Low Risk
21,18000,RENT,5.0,MEDICAL,B,1500,12.18,0.08,N,3,0.08333333333333333,1500.0,1.0,Young,3-5 years,0,1,0.48570055,0,Medium Risk
29,83500,RENT,1.0,HOMEIMPROVEMENT,C,15000,13.43,0.18,Y,10,0.17964071856287425,6958.333333333333,2.155688622754491,Adult,0-2 years,0,0,0.22195305,0,Low Risk
31,92000,MORTGAGE,6.0,VENTURE,A,6000,,0.07,N,8,0.06521739130434782,7666.666666666667,0.7826086956521738,Adult,6-10 years,0,0,0.0074659633,0,Low Risk
36,30000,RENT,7.0,EDUCATION,B,4000,10.74,0.13,N,12,0.13333333333333333,2500.0,1.6,Middle Age,6-10 years,0,0,0.3802628,0,Medium Risk
30,110000,OWN,14.0,VENTURE,C,12000,13.57,0.11,Y,7,0.10909090909090909,9166.666666666666,1.309090909090909,Adult,10+ years,0,0,0.0025677667,0,Low Risk
21,40000,RENT,3.0,EDUCATION,A,4000,7.51,0.1,N,2,0.1,3333.3333333333335,1.2,Young,3-5 years,0,0,0.06442217,0,Low Risk
35,39996,MORTGAGE,0.0,MEDICAL,D,15000,14.42,0.38,N,6,0.37503750375037503,3333.0,4.5004500450045,Adult,0-2 years,1,1,0.90272516,1,High Risk
26,49680,RENT,1.0,MEDICAL,C,5875,12.99,0.12,Y,3,0.11825684380032206,4140.0,1.4190821256038648,Adult,0-2 years,0,0,0.27638766,0,Low Risk
23,50000,RENT,0.0,MEDICAL,C,5600,11.03,0.11,Y,4,0.112,4166.666666666667,1.3439999999999999,Young,0-2 years,0,0,0.10006973,0,Low Risk
23,120000,MORTGAGE,0.0,EDUCATION,C,23000,11.03,0.19,N,2,0.19166666666666668,10000.0,2.3,Young,0-2 years,0,0,0.10091126,0,Low Risk
23,99670,MORTGAGE,2.0,PERSONAL,D,5500,14.74,0.06,N,4,0.05518210093307916,8305.833333333334,0.6621852111969498,Young,0-2 years,0,0,0.23787715,0,Low Risk
26,85000,MORTGAGE,10.0,VENTURE,C,2200,13.43,0.03,N,3,0.02588235294117647,7083.333333333333,0.31058823529411766,Adult,6-10 years,0,0,0.1150221,0,Low Risk
27,53004,MORTGAGE,10.0,DEBTCONSOLIDATION,B,5600,11.86,0.11,N,6,0.10565240359218173,4417.0,1.2678288431061806,Adult,6-10 years,0,0,0.32996926,0,Medium Risk
24,45000,RENT,8.0,MEDICAL,E,20000,,0.44,N,2,0.4444444444444444,3750.0,5.333333333333333,Young,6-10 years,1,1,0.9939063,1,High Risk
24,35000,MORTGAGE,3.0,MEDICAL,C,15000,14.27,0.43,N,2,0.42857142857142855,2916.6666666666665,5.142857142857143,Young,3-5 years,1,0,0.6930837,1,High Risk
29,108000,MORTGAGE,0.0,HOMEIMPROVEMENT,C,20000,10.59,0.19,Y,7,0.18518518518518517,9000.0,2.2222222222222223,Adult,0-2 years,0,0,0.24599683,0,Low Risk
23,61000,RENT,3.0,DEBTCONSOLIDATION,A,2500,7.49,0.04,N,3,0.040983606557377046,5083.333333333333,0.49180327868852464,Young,3-5 years,0,0,0.123011775,0,Low Risk
23,18000,RENT,1.0,HOMEIMPROVEMENT,D,3000,15.99,0.17,Y,2,0.16666666666666666,1500.0,2.0,Young,0-2 years,0,1,0.9997725,1,High Risk
36,56900,MORTGAGE,16.0,VENTURE,G,6200,,0.11,N,11,0.10896309314586995,4741.666666666667,1.3075571177504393,Middle Age,10+ years,0,1,0.8107832,1,High Risk
25,150000,RENT,2.0,HOMEIMPROVEMENT,A,8750,7.74,0.06,N,4,0.058333333333333334,12500.0,0.7,Young,0-2 years,0,0,0.016254235,0,Low Risk
23,120000,MORTGAGE,3.0,MEDICAL,B,30000,11.49,0.25,N,4,0.25,10000.0,3.0,Young,3-5 years,0,0,0.07943299,0,Low Risk
21,65000,MORTGAGE,5.0,VENTURE,A,10000,6.03,0.15,N,3,0.15384615384615385,5416.666666666667,1.846153846153846,Young,3-5 years,0,0,0.0011099983,0,Low Risk
29,66000,MORTGAGE,10.0,DEBTCONSOLIDATION,B,7000,9.91,0.11,N,10,0.10606060606060606,5500.0,1.2727272727272727,Adult,6-10 years,0,0,0.19914375,0,Low Risk
23,98000,OWN,6.0,EDUCATION,D,10000,18.07,0.1,Y,3,0.10204081632653061,8166.666666666667,1.2244897959183674,Young,6-10 years,0,0,0.010167086,0,Low Risk
29,37000,MORTGAGE,5.0,HOMEIMPROVEMENT,B,4800,10.36,0.13,N,7,0.12972972972972974,3083.3333333333335,1.5567567567567566,Adult,3-5 years,0,0,0.2518056,0,Low Risk
23,80000,RENT,5.0,VENTURE,B,5000,12.42,0.06,N,4,0.0625,6666.666666666667,0.75,Young,3-5 years,0,0,0.0076594357,0,Low Risk
27,19200,OWN,3.0,PERSONAL,A,8000,8.9,0.42,N,8,0.4166666666666667,1600.0,5.0,Adult,3-5 years,1,1,0.9980262,1,High Risk
27,58000,RENT,2.0,EDUCATION,B,4000,9.67,0.07,N,9,0.06896551724137931,4833.333333333333,0.8275862068965518,Adult,0-2 years,0,0,0.22364132,0,Low Risk
29,48000,OWN,1.0,PERSONAL,E,15000,18.64,0.31,N,9,0.3125,4000.0,3.75,Adult,0-2 years,1,0,0.4524795,0,Medium Risk
26,32000,RENT,3.0,DEBTCONSOLIDATION,A,5000,7.49,0.16,N,2,0.15625,2666.6666666666665,1.875,Adult,3-5 years,0,0,0.22521226,0,Low Risk
29,108996,MORTGAGE,12.0,VENTURE,E,22000,,0.2,Y,5,0.2018422694410804,9083.0,2.422107233292965,Adult,10+ years,0,0,0.4566358,0,Medium Risk
24,105508,MORTGAGE,8.0,MEDICAL,A,3500,7.66,0.03,N,4,0.033172839974219964,8792.333333333334,0.39807407969063957,Young,6-10 years,0,0,0.030149518,0,Low Risk
28,65000,MORTGAGE,12.0,EDUCATION,B,15000,9.99,0.23,N,10,0.23076923076923078,5416.666666666667,2.769230769230769,Adult,10+ years,0,0,0.1541672,0,Low Risk
24,80000,RENT,6.0,EDUCATION,A,25000,6.62,0.31,N,2,0.3125,6666.666666666667,3.75,Young,6-10 years,1,1,0.98215216,1,High Risk
24,73000,MORTGAGE,4.0,EDUCATION,A,6500,5.42,0.09,N,2,0.08904109589041095,6083.333333333333,1.0684931506849316,Young,3-5 years,0,0,0.10003704,0,Low Risk
23,38400,MORTGAGE,7.0,VENTURE,A,2000,,0.05,N,2,0.052083333333333336,3200.0,0.625,Young,6-10 years,0,0,0.014153106,0,Low Risk
23,46000,RENT,3.0,MEDICAL,D,15000,16.0,0.33,N,4,0.32608695652173914,3833.3333333333335,3.9130434782608696,Young,3-5 years,1,1,0.99547833,1,High Risk
23,42000,MORTGAGE,3.0,DEBTCONSOLIDATION,C,1800,12.99,0.04,Y,3,0.04285714285714286,3500.0,0.5142857142857142,Young,3-5 years,0,1,0.39309496,0,Medium Risk
24,62400,MORTGAGE,8.0,PERSONAL,A,4000,8.9,0.06,N,4,0.0641025641025641,5200.0,0.7692307692307693,Young,6-10 years,0,0,0.15214574,0,Low Risk
25,100000,MORTGAGE,9.0,PERSONAL,A,6000,8.9,0.06,N,3,0.06,8333.333333333334,0.72,Young,6-10 years,0,0,0.03663768,0,Low Risk
30,55000,MORTGAGE,3.0,DEBTCONSOLIDATION,B,12000,10.38,0.22,N,8,0.21818181818181817,4583.333333333333,2.618181818181818,Adult,3-5 years,0,0,0.1425645,0,Low Risk
23,29856,RENT,0.0,PERSONAL,A,10300,8.94,0.34,N,2,0.344989281886388,2488.0,4.139871382636656,Young,0-2 years,1,1,0.9963566,1,High Risk
32,73000,RENT,0.0,EDUCATION,B,22400,12.69,0.31,N,5,0.30684931506849317,6083.333333333333,3.682191780821918,Adult,0-2 years,1,1,0.9859012,1,High Risk
29,50000,RENT,0.0,VENTURE,B,6000,8.88,0.12,N,7,0.12,4166.666666666667,1.44,Adult,0-2 years,0,0,0.0044317474,0,Low Risk
25,106226,MORTGAGE,9.0,EDUCATION,B,20000,12.18,0.19,N,4,0.18827782275525765,8852.166666666666,2.259333873063092,Young,6-10 years,0,0,0.11813375,0,Low Risk
30,110000,RENT,5.0,VENTURE,D,20000,14.11,0.18,Y,5,0.18181818181818182,9166.666666666666,2.181818181818182,Adult,3-5 years,0,0,0.2654336,0,Low Risk
27,34000,RENT,10.0,MEDICAL,D,4000,17.19,0.12,Y,9,0.11764705882352941,2833.3333333333335,1.4117647058823528,Adult,6-10 years,0,1,0.9504666,1,High Risk
21,65004,MORTGAGE,5.0,EDUCATION,B,5000,9.99,0.08,N,4,0.07691834348655467,5417.0,0.9230201218386561,Young,3-5 years,0,0,0.17537715,0,Low Risk
22,22800,OWN,1.0,MEDICAL,A,9000,5.99,0.39,N,2,0.39473684210526316,1900.0,4.7368421052631575,Young,0-2 years,1,0,0.008931495,0,Low Risk
23,35000,RENT,3.0,DEBTCONSOLIDATION,B,12000,10.0,0.34,N,4,0.34285714285714286,2916.6666666666665,4.114285714285715,Young,3-5 years,1,1,0.99154836,1,High Risk
22,120000,MORTGAGE,0.0,EDUCATION,D,16800,15.62,0.14,N,4,0.14,10000.0,1.68,Young,0-2 years,0,0,0.23562899,0,Low Risk
24,95000,MORTGAGE,4.0,PERSONAL,B,25000,10.08,0.26,N,4,0.2631578947368421,7916.666666666667,3.1578947368421053,Young,3-5 years,0,0,0.088410094,0,Low Risk
23,55392,RENT,3.0,MEDICAL,D,20000,15.2,0.31,Y,4,0.3610629693818602,4616.0,4.332755632582322,Young,3-5 years,1,1,0.9964988,1,High Risk
27,48000,MORTGAGE,0.0,HOMEIMPROVEMENT,B,8000,10.59,0.17,N,9,0.16666666666666666,4000.0,2.0,Adult,0-2 years,0,0,0.287783,0,Low Risk
25,58000,MORTGAGE,9.0,MEDICAL,A,8500,7.14,0.15,N,3,0.14655172413793102,4833.333333333333,1.7586206896551726,Young,6-10 years,0,0,0.12017631,0,Low Risk
27,190000,RENT,5.0,VENTURE,A,22000,6.91,0.12,N,8,0.11578947368421053,15833.333333333334,1.3894736842105262,Adult,3-5 years,0,0,0.004339196,0,Low Risk
29,30000,MORTGAGE,7.0,DEBTCONSOLIDATION,C,1500,13.16,0.05,N,8,0.05,2500.0,0.6,Adult,6-10 years,0,0,0.6908201,1,High Risk
22,48000,OWN,4.0,PERSONAL,B,2400,11.46,0.05,N,3,0.05,4000.0,0.6,Young,3-5 years,0,0,0.0023962157,0,Low Risk
43,230004,MORTGAGE,19.0,HOMEIMPROVEMENT,D,25000,15.58,0.11,Y,15,0.10869376184762004,19167.0,1.3043251421714406,Middle Age,10+ years,0,0,0.38803947,0,Medium Risk
23,39000,RENT,1.0,DEBTCONSOLIDATION,D,6000,15.99,0.15,Y,3,0.15384615384615385,3250.0,1.8461538461538463,Young,0-2 years,0,1,0.9974254,1,High Risk
25,99996,MORTGAGE,3.0,VENTURE,A,8000,8.0,0.08,N,2,0.08000320012800512,8333.0,0.9600384015360615,Young,3-5 years,0,0,0.004959882,0,Low Risk
27,70000,RENT,11.0,HOMEIMPROVEMENT,D,8000,12.92,0.11,Y,6,0.11428571428571428,5833.333333333333,1.3714285714285714,Adult,10+ years,0,0,0.578692,1,Medium Risk
39,53000,RENT,15.0,EDUCATION,A,6500,7.29,0.12,N,17,0.12264150943396226,4416.666666666667,1.471698113207547,Middle Age,10+ years,0,0,0.07989656,0,Low Risk
27,29120,RENT,6.0,MEDICAL,C,7200,13.11,0.25,N,6,0.24725274725274726,2426.6666666666665,2.967032967032967,Adult,6-10 years,0,0,0.558037,1,Medium Risk
29,94000,MORTGAGE,13.0,PERSONAL,A,30000,6.62,0.32,N,7,0.3191489361702128,7833.333333333333,3.8297872340425534,Adult,10+ years,1,0,0.109117195,0,Low Risk
21,23004,RENT,5.0,VENTURE,B,1350,9.99,0.06,N,2,0.05868544600938967,1917.0,0.704225352112676,Young,3-5 years,0,0,0.05371218,0,Low Risk
22,58000,RENT,5.0,PERSONAL,B,4000,10.0,0.07,N,4,0.06896551724137931,4833.333333333333,0.8275862068965518,Young,3-5 years,0,0,0.23547737,0,Low Risk
35,200000,RENT,7.0,MEDICAL,B,5000,,0.03,N,10,0.025,16666.666666666668,0.3,Adult,6-10 years,0,0,0.047397647,0,Low Risk
24,40000,RENT,6.0,EDUCATION,A,5000,6.17,0.13,N,2,0.125,3333.3333333333335,1.5,Young,6-10 years,0,0,0.05770447,0,Low Risk
22,29184,OWN,,MEDICAL,A,1800,5.42,0.06,N,4,0.061677631578947366,2432.0,0.7401315789473685,Young,,0,0,0.004999791,0,Low Risk
29,35000,RENT,2.0,DEBTCONSOLIDATION,B,2000,9.63,0.06,N,8,0.05714285714285714,2916.6666666666665,0.6857142857142857,Adult,0-2 years,0,0,0.14676125,0,Low Risk
26,40000,RENT,1.0,MEDICAL,C,5000,14.26,0.13,Y,2,0.125,3333.3333333333335,1.5,Adult,0-2 years,0,0,0.19469102,0,Low Risk
25,48000,MORTGAGE,3.0,DEBTCONSOLIDATION,C,1400,14.79,0.03,N,3,0.029166666666666667,4000.0,0.35,Young,3-5 years,0,0,0.34939542,0,Medium Risk
36,51000,MORTGAGE,2.0,VENTURE,B,1000,11.83,0.02,N,12,0.0196078431372549,4250.0,0.23529411764705882,Middle Age,0-2 years,0,0,0.026185034,0,Low Risk
32,85000,RENT,9.0,EDUCATION,B,7200,11.58,0.08,N,10,0.08470588235294117,7083.333333333333,1.0164705882352942,Adult,6-10 years,0,0,0.12158594,0,Low Risk
21,24300,OWN,3.0,MEDICAL,B,4500,11.83,0.19,N,4,0.18518518518518517,2025.0,2.2222222222222223,Young,3-5 years,0,0,0.00514194,0,Low Risk
27,207182,MORTGAGE,11.0,VENTURE,B,22000,10.62,0.11,N,5,0.10618683090229847,17265.166666666668,1.2742419708275814,Adult,10+ years,0,0,0.016493093,0,Low Risk
25,57000,RENT,5.0,PERSONAL,A,6000,8.0,0.11,N,3,0.10526315789473684,4750.0,1.263157894736842,Young,3-5 years,0,0,0.14369144,0,Low Risk
23,62000,RENT,2.0,MEDICAL,A,4200,5.42,0.07,N,3,0.06774193548387097,5166.666666666667,0.8129032258064516,Young,0-2 years,0,0,0.02446316,0,Low Risk
25,22812,RENT,5.0,EDUCATION,D,4125,14.54,0.18,Y,2,0.18082588111520254,1901.0,2.16991057338243,Young,3-5 years,0,0,0.4030852,0,Medium Risk
26,80040,MORTGAGE,6.0,PERSONAL,A,10000,,0.12,N,2,0.12493753123438281,6670.0,1.4992503748125936,Adult,6-10 years,0,1,0.082057066,0,Low Risk
27,18000,RENT,0.0,PERSONAL,B,8000,10.25,0.44,N,10,0.4444444444444444,1500.0,5.333333333333333,Adult,0-2 years,1,1,0.99928397,1,High Risk
27,87000,MORTGAGE,11.0,VENTURE,C,21125,13.92,0.24,N,5,0.24281609195402298,7250.0,2.913793103448276,Adult,10+ years,0,0,0.3105338,0,Medium Risk
22,34977,MORTGAGE,5.0,PERSONAL,D,13000,16.0,0.37,N,2,0.3716728135631987,2914.75,4.460073762758384,Young,3-5 years,1,0,0.38903093,0,Medium Risk
24,42000,RENT,1.0,PERSONAL,A,3500,,0.08,N,3,0.08333333333333333,3500.0,1.0,Young,0-2 years,0,0,0.20649499,0,Low Risk
22,84000,MORTGAGE,6.0,PERSONAL,B,12000,11.99,0.14,N,3,0.14285714285714285,7000.0,1.7142857142857142,Young,6-10 years,0,0,0.087225005,0,Low Risk
29,120000,MORTGAGE,7.0,VENTURE,C,12000,13.48,0.1,N,7,0.1,10000.0,1.2,Adult,6-10 years,0,0,0.105480716,0,Low Risk
29,121000,RENT,3.0,VENTURE,B,3000,10.25,0.02,N,9,0.024793388429752067,10083.333333333334,0.2975206611570248,Adult,3-5 years,0,0,0.0078144325,0,Low Risk
23,92004,RENT,6.0,PERSONAL,C,30000,15.23,0.33,Y,3,0.32607277944437196,7667.0,3.912873353332464,Young,6-10 years,1,1,0.9834557,1,High Risk
28,112200,RENT,11.0,DEBTCONSOLIDATION,C,7000,11.66,0.06,Y,7,0.062388591800356503,9350.0,0.7486631016042781,Adult,10+ years,0,0,0.16460282,0,Low Risk
24,70000,MORTGAGE,6.0,VENTURE,A,6000,7.88,0.09,N,3,0.08571428571428572,5833.333333333333,1.0285714285714287,Young,6-10 years,0,0,0.0030201266,0,Low Risk
25,59000,MORTGAGE,6.0,MEDICAL,A,5100,8.32,0.09,N,3,0.08644067796610169,4916.666666666667,1.0372881355932202,Young,6-10 years,0,0,0.49158332,0,Medium Risk
26,21600,RENT,9.0,VENTURE,B,7200,10.38,0.33,N,3,0.3333333333333333,1800.0,4.0,Adult,6-10 years,1,1,0.994361,1,High Risk
40,86500,MORTGAGE,2.0,DEBTCONSOLIDATION,B,10000,10.25,0.12,N,14,0.11560693641618497,7208.333333333333,1.3872832369942196,Middle Age,0-2 years,0,0,0.12299668,0,Low Risk
36,70000,MORTGAGE,16.0,VENTURE,B,10000,9.88,0.14,N,14,0.14285714285714285,5833.333333333333,1.7142857142857144,Middle Age,10+ years,0,0,0.0040209214,0,Low Risk
23,64000,RENT,2.0,PERSONAL,B,16000,10.74,0.25,N,3,0.25,5333.333333333333,3.0,Young,0-2 years,0,0,0.2552348,0,Low Risk
25,50000,MORTGAGE,5.0,DEBTCONSOLIDATION,A,4000,,0.08,N,4,0.08,4166.666666666667,0.96,Young,3-5 years,0,0,0.069050126,0,Low Risk
35,59000,RENT,11.0,DEBTCONSOLIDATION,C,2000,13.48,0.03,Y,7,0.03389830508474576,4916.666666666667,0.4067796610169491,Adult,10+ years,0,0,0.2774801,0,Low Risk
27,87000,RENT,3.0,HOMEIMPROVEMENT,A,20000,7.49,0.23,N,8,0.22988505747126436,7250.0,2.7586206896551726,Adult,3-5 years,0,0,0.17289671,0,Low Risk
30,81120,OWN,3.0,EDUCATION,B,18000,10.75,0.22,N,10,0.22189349112426035,6760.0,2.662721893491124,Adult,3-5 years,0,0,0.0038711487,0,Low Risk
25,63000,MORTGAGE,2.0,HOMEIMPROVEMENT,B,20000,9.99,0.32,N,2,0.31746031746031744,5250.0,3.8095238095238093,Young,0-2 years,1,0,0.2433971,0,Low Risk
27,35000,RENT,3.0,MEDICAL,B,10000,9.88,0.29,N,8,0.2857142857142857,2916.6666666666665,3.428571428571429,Adult,3-5 years,0,0,0.120760486,0,Low Risk
22,18000,OWN,1.0,HOMEIMPROVEMENT,A,3500,7.49,0.19,N,4,0.19444444444444445,1500.0,2.3333333333333335,Young,0-2 years,0,1,0.99921954,1,High Risk
32,39000,MORTGAGE,7.0,HOMEIMPROVEMENT,D,2800,12.17,0.07,Y,6,0.07179487179487179,3250.0,0.8615384615384616,Adult,6-10 years,0,1,0.80123985,1,High Risk
23,33004,OWN,5.0,EDUCATION,A,5000,8.59,0.15,N,4,0.1514967882680887,2750.3333333333335,1.8179614592170645,Young,3-5 years,0,0,0.0035739953,0,Low Risk
25,168000,MORTGAGE,2.0,PERSONAL,B,35000,10.65,0.21,N,2,0.20833333333333334,14000.0,2.5,Young,0-2 years,0,0,0.09712244,0,Low Risk
28,200000,MORTGAGE,2.0,PERSONAL,A,15000,6.03,0.07,N,6,0.075,16666.666666666668,0.8999999999999999,Adult,0-2 years,0,0,0.0130557045,0,Low Risk
34,37000,OWN,17.0,EDUCATION,A,5000,7.9,0.14,N,10,0.13513513513513514,3083.3333333333335,1.6216216216216215,Adult,10+ years,0,0,0.0047626756,0,Low Risk
25,25000,RENT,4.0,DEBTCONSOLIDATION,B,8500,11.26,0.34,N,2,0.34,2083.3333333333335,4.08,Young,3-5 years,1,1,0.99294925,1,High Risk
28,12000,RENT,0.0,MEDICAL,B,4000,,0.33,N,9,0.3333333333333333,1000.0,4.0,Adult,0-2 years,1,1,0.9989774,1,High Risk
27,20000,RENT,1.0,EDUCATION,C,6000,13.11,0.3,Y,5,0.3,1666.6666666666667,3.5999999999999996,Adult,0-2 years,1,0,0.2211087,0,Low Risk
29,170000,MORTGAGE,7.0,PERSONAL,C,35000,12.99,0.21,Y,5,0.20588235294117646,14166.666666666666,2.4705882352941178,Adult,6-10 years,0,0,0.11461481,0,Low Risk
27,132000,RENT,6.0,DEBTCONSOLIDATION,C,20000,12.73,0.15,N,10,0.15151515151515152,11000.0,1.8181818181818181,Adult,6-10 years,0,0,0.15883899,0,Low Risk
25,102000,MORTGAGE,4.0,MEDICAL,B,25000,10.99,0.21,N,2,0.24509803921568626,8500.0,2.9411764705882355,Young,3-5 years,0,1,0.123130485,0,Low Risk
27,14400,RENT,3.0,EDUCATION,F,2500,18.3,0.17,N,7,0.1736111111111111,1200.0,2.0833333333333335,Adult,3-5 years,0,1,0.97076744,1,High Risk
25,96000,RENT,9.0,HOMEIMPROVEMENT,A,7075,5.99,0.07,N,4,0.07369791666666667,8000.0,0.884375,Young,6-10 years,0,0,0.018302327,0,Low Risk
36,126252,RENT,18.0,MEDICAL,A,8000,7.14,0.06,N,11,0.06336533282641067,10521.0,0.760383993916928,Middle Age,10+ years,0,0,0.013914275,0,Low Risk
33,49548,RENT,6.0,DEBTCONSOLIDATION,C,2800,12.84,0.06,Y,5,0.05651085815774602,4129.0,0.6781302978929523,Adult,6-10 years,0,0,0.28752458,0,Low Risk
47,12000,OWN,,MEDICAL,B,1950,12.69,0.16,N,12,0.1625,1000.0,1.95,Middle Age,,0,1,0.9950956,1,High Risk
25,61959,RENT,9.0,MEDICAL,C,25000,12.73,0.4,N,2,0.4034926322245356,5163.25,4.841911586694427,Young,6-10 years,1,1,0.99361116,1,High Risk
27,186000,MORTGAGE,0.0,HOMEIMPROVEMENT,B,3700,10.99,0.02,N,5,0.01989247311827957,15500.0,0.23870967741935484,Adult,0-2 years,0,0,0.15456969,0,Low Risk
24,92341,RENT,9.0,HOMEIMPROVEMENT,A,12000,7.51,0.13,N,3,0.12995310858665166,7695.083333333333,1.5594373030398199,Young,6-10 years,0,0,0.044660978,0,Low Risk
21,33000,RENT,5.0,EDUCATION,B,9000,12.69,0.27,N,3,0.2727272727272727,2750.0,3.272727272727273,Young,3-5 years,0,0,0.48324692,0,Medium Risk
28,70000,RENT,4.0,HOMEIMPROVEMENT,B,2400,10.65,0.03,N,7,0.03428571428571429,5833.333333333333,0.4114285714285715,Adult,3-5 years,0,0,0.12200581,0,Low Risk
34,106000,MORTGAGE,3.0,MEDICAL,A,9000,7.88,0.08,N,6,0.08490566037735849,8833.333333333334,1.0188679245283019,Adult,3-5 years,0,0,0.02110411,0,Low Risk
22,23800,RENT,2.0,VENTURE,A,8800,9.32,0.37,N,4,0.3697478991596639,1983.3333333333333,4.436974789915967,Young,0-2 years,1,1,0.9947162,1,High Risk
41,30000,RENT,3.0,PERSONAL,A,8875,5.42,0.3,N,16,0.29583333333333334,2500.0,3.55,Middle Age,3-5 years,1,0,0.097748026,0,Low Risk
23,33600,RENT,2.0,PERSONAL,B,1000,10.36,0.03,N,2,0.02976190476190476,2800.0,0.35714285714285715,Young,0-2 years,0,0,0.47209176,0,Medium Risk
33,48000,MORTGAGE,1.0,DEBTCONSOLIDATION,A,6000,,0.13,N,10,0.125,4000.0,1.5,Adult,0-2 years,0,0,0.09786961,0,Low Risk
24,45000,RENT,5.0,VENTURE,A,7000,5.42,0.16,N,4,0.15555555555555556,3750.0,1.8666666666666667,Young,3-5 years,0,0,0.0040314957,0,Low Risk
35,91000,OWN,0.0,MEDICAL,A,10000,8.59,0.11,N,8,0.10989010989010989,7583.333333333333,1.3186813186813187,Adult,0-2 years,0,0,0.0021394447,0,Low Risk
47,30000,RENT,5.0,DEBTCONSOLIDATION,B,8000,12.18,0.27,N,11,0.26666666666666666,2500.0,3.2,Middle Age,3-5 years,0,1,0.43791333,0,Medium Risk
35,28000,OWN,3.0,VENTURE,A,7600,6.62,0.27,N,10,0.2714285714285714,2333.3333333333335,3.257142857142857,Adult,3-5 years,0,0,0.0005846789,0,Low Risk
24,51600,RENT,1.0,HOMEIMPROVEMENT,C,3000,12.68,0.06,Y,4,0.05813953488372093,4300.0,0.6976744186046512,Young,0-2 years,0,0,0.3860902,0,Medium Risk
28,57000,RENT,0.0,HOMEIMPROVEMENT,B,6800,10.65,0.12,N,8,0.11929824561403508,4750.0,1.431578947368421,Adult,0-2 years,0,0,0.33771497,0,Medium Risk
23,49000,MORTGAGE,7.0,DEBTCONSOLIDATION,D,5000,15.21,0.1,Y,3,0.10204081632653061,4083.3333333333335,1.2244897959183674,Young,6-10 years,0,1,0.9902856,1,High Risk
43,36000,RENT,4.0,PERSONAL,A,10400,7.66,0.29,N,14,0.28888888888888886,3000.0,3.466666666666667,Middle Age,3-5 years,0,0,0.061894134,0,Low Risk
27,75600,MORTGAGE,4.0,PERSONAL,C,25000,13.61,0.33,N,6,0.3306878306878307,6300.0,3.9682539682539684,Adult,3-5 years,1,0,0.35990706,0,Medium Risk
25,34800,RENT,0.0,MEDICAL,C,1000,13.98,0.03,Y,3,0.028735632183908046,2900.0,0.3448275862068966,Young,0-2 years,0,0,0.23079754,0,Low Risk
31,140000,MORTGAGE,15.0,DEBTCONSOLIDATION,A,12000,7.88,0.09,N,9,0.08571428571428572,11666.666666666666,1.0285714285714287,Adult,10+ years,0,0,0.024562122,0,Low Risk
28,95000,MORTGAGE,0.0,MEDICAL,C,11000,13.06,0.12,Y,9,0.11578947368421053,7916.666666666667,1.3894736842105262,Adult,0-2 years,0,0,0.12273513,0,Low Risk
28,20400,MORTGAGE,4.0,EDUCATION,A,2075,7.88,0.1,N,8,0.1017156862745098,1700.0,1.2205882352941178,Adult,3-5 years,0,0,0.22708642,0,Low Risk
22,45000,RENT,2.0,EDUCATION,A,3000,,0.07,N,3,0.06666666666666667,3750.0,0.8,Young,0-2 years,0,0,0.08100644,0,Low Risk
23,30000,MORTGAGE,5.0,MEDICAL,A,1000,7.4,0.03,N,2,0.03333333333333333,2500.0,0.4,Young,3-5 years,0,0,0.33611953,0,Medium Risk
22,79000,RENT,3.0,DEBTCONSOLIDATION,A,10000,7.88,0.13,N,2,0.12658227848101267,6583.333333333333,1.518987341772152,Young,3-5 years,0,0,0.06903664,0,Low Risk
21,30000,RENT,0.0,EDUCATION,A,4200,6.92,0.14,N,4,0.14,2500.0,1.68,Young,0-2 years,0,0,0.18218078,0,Low Risk
34,77000,MORTGAGE,18.0,EDUCATION,B,15000,11.14,0.19,N,6,0.19480519480519481,6416.666666666667,2.3376623376623376,Adult,10+ years,0,1,0.22740227,0,Low Risk
23,133000,MORTGAGE,2.0,EDUCATION,A,24000,,0.18,N,4,0.18045112781954886,11083.333333333334,2.1654135338345863,Young,0-2 years,0,0,0.030642692,0,Low Risk
23,60000,MORTGAGE,7.0,MEDICAL,A,7000,7.9,0.12,N,4,0.11666666666666667,5000.0,1.4,Young,6-10 years,0,0,0.10607543,0,Low Risk
39,40000,RENT,1.0,MEDICAL,A,3300,,0.08,N,13,0.0825,3333.3333333333335,0.99,Middle Age,0-2 years,0,0,0.054234672,0,Low Risk
28,64775,RENT,9.0,PERSONAL,C,6400,12.87,0.1,Y,10,0.09880355075260518,5397.916666666667,1.185642609031262,Adult,6-10 years,0,1,0.3483628,0,Medium Risk
31,75000,MORTGAGE,8.0,EDUCATION,D,16500,16.77,0.22,Y,8,0.22,6250.0,2.64,Adult,6-10 years,0,0,0.2847976,0,Low Risk
26,125000,RENT,3.0,MEDICAL,A,12000,6.99,0.1,N,4,0.096,10416.666666666666,1.1520000000000001,Adult,3-5 years,0,0,0.019830517,0,Low Risk
31,65200,MORTGAGE,7.0,PERSONAL,A,7000,8.0,0.11,N,8,0.10736196319018405,5433.333333333333,1.2883435582822087,Adult,6-10 years,0,0,0.11952212,0,Low Risk
36,900000,MORTGAGE,8.0,PERSONAL,B,6000,,0.01,N,12,0.006666666666666667,75000.0,0.08,Middle Age,6-10 years,0,0,0.03274828,0,Low Risk
24,32304,RENT,8.0,MEDICAL,B,1500,9.91,0.05,N,3,0.046433878157503716,2692.0,0.5572065378900446,Young,6-10 years,0,1,0.439418,0,Medium Risk
32,81400,RENT,2.0,VENTURE,D,20000,14.84,0.25,Y,6,0.2457002457002457,6783.333333333333,2.9484029484029484,Adult,0-2 years,0,1,0.948362,1,High Risk
31,24000,OWN,0.0,VENTURE,B,6200,11.14,0.26,N,10,0.25833333333333336,2000.0,3.1,Adult,0-2 years,0,0,0.0008212805,0,Low Risk
38,140000,MORTGAGE,2.0,MEDICAL,B,8000,10.95,0.06,N,14,0.05714285714285714,11666.666666666666,0.6857142857142857,Middle Age,0-2 years,0,0,0.08176481,0,Low Risk
24,120000,RENT,4.0,HOMEIMPROVEMENT,C,10000,13.61,0.08,Y,4,0.08333333333333333,10000.0,1.0,Young,3-5 years,0,0,0.19871509,0,Low Risk
25,56000,RENT,1.0,HOMEIMPROVEMENT,B,6000,10.74,0.11,N,2,0.10714285714285714,4666.666666666667,1.2857142857142856,Young,0-2 years,0,0,0.43562195,0,Medium Risk
22,51000,MORTGAGE,3.0,DEBTCONSOLIDATION,A,10000,8.49,0.2,N,3,0.19607843137254902,4250.0,2.3529411764705883,Young,3-5 years,0,0,0.18432796,0,Low Risk
21,18000,RENT,0.0,DEBTCONSOLIDATION,A,3000,7.9,0.17,N,2,0.16666666666666666,1500.0,2.0,Young,0-2 years,0,1,0.9906275,1,High Risk
31,95000,MORTGAGE,5.0,DEBTCONSOLIDATION,B,15000,11.14,0.16,N,9,0.15789473684210525,7916.666666666667,1.894736842105263,Adult,3-5 years,0,0,0.08798086,0,Low Risk
22,74000,MORTGAGE,6.0,EDUCATION,B,9000,,0.12,N,2,0.12162162162162163,6166.666666666667,1.4594594594594594,Young,6-10 years,0,0,0.2870924,0,Low Risk
25,49000,MORTGAGE,2.0,HOMEIMPROVEMENT,B,18225,10.0,0.37,N,4,0.3719387755102041,4083.3333333333335,4.463265306122449,Young,0-2 years,1,0,0.41108653,0,Medium Risk
24,87000,MORTGAGE,6.0,PERSONAL,B,6000,10.65,0.07,N,4,0.06896551724137931,7250.0,0.8275862068965517,Young,6-10 years,0,0,0.2041381,0,Low Risk
28,72000,MORTGAGE,12.0,MEDICAL,A,4500,6.62,0.06,N,8,0.0625,6000.0,0.75,Adult,10+ years,0,0,0.060893763,0,Low Risk
24,60996,RENT,8.0,HOMEIMPROVEMENT,A,5000,,0.08,N,2,0.08197258836645026,5083.0,0.9836710603974032,Young,6-10 years,0,0,0.1663519,0,Low Risk
28,285000,MORTGAGE,4.0,PERSONAL,E,25000,16.32,0.09,N,6,0.08771929824561403,23750.0,1.0526315789473684,Adult,3-5 years,0,0,0.44750747,0,Medium Risk
29,120000,MORTGAGE,3.0,MEDICAL,C,6250,12.53,0.05,Y,8,0.052083333333333336,10000.0,0.625,Adult,3-5 years,0,0,0.099941224,0,Low Risk
39,40000,OWN,4.0,HOMEIMPROVEMENT,A,15000,5.42,0.38,N,13,0.375,3333.3333333333335,4.5,Middle Age,3-5 years,1,0,0.00079422205,0,Low Risk
23,85596,MORTGAGE,5.0,VENTURE,B,6000,10.0,0.07,N,2,0.07009673349221926,7133.0,0.8411608019066311,Young,3-5 years,0,0,0.010871786,0,Low Risk
25,134000,RENT,7.0,MEDICAL,B,25000,10.62,0.19,N,2,0.1865671641791045,11166.666666666666,2.238805970149254,Young,6-10 years,0,0,0.085687645,0,Low Risk
27,175000,MORTGAGE,11.0,HOMEIMPROVEMENT,A,11500,7.51,0.07,N,7,0.06571428571428571,14583.333333333334,0.7885714285714286,Adult,10+ years,0,0,0.04497868,0,Low Risk
22,41300,RENT,1.0,VENTURE,A,5800,7.43,0.14,N,3,0.14043583535108958,3441.6666666666665,1.685230024213075,Young,0-2 years,0,0,0.011003416,0,Low Risk
24,50000,RENT,1.0,HOMEIMPROVEMENT,D,5000,15.62,0.1,N,4,0.1,4166.666666666667,1.2,Young,0-2 years,0,1,0.8695649,1,High Risk
29,76000,OWN,13.0,MEDICAL,D,28000,16.77,0.37,N,10,0.3684210526315789,6333.333333333333,4.421052631578948,Adult,10+ years,1,0,0.44113505,0,Medium Risk
21,65253,MORTGAGE,5.0,VENTURE,A,16075,,0.25,N,3,0.2463488268738602,5437.75,2.9561859224863225,Young,3-5 years,0,0,0.013643905,0,Low Risk
21,26000,RENT,4.0,EDUCATION,C,7750,13.16,0.3,Y,3,0.2980769230769231,2166.6666666666665,3.576923076923077,Young,3-5 years,1,0,0.34566227,0,Medium Risk
28,69000,MORTGAGE,9.0,MEDICAL,B,4000,9.91,0.06,N,6,0.057971014492753624,5750.0,0.6956521739130435,Adult,6-10 years,0,0,0.1896045,0,Low Risk
42,42000,RENT,6.0,EDUCATION,D,14500,15.57,0.35,N,14,0.34523809523809523,3500.0,4.142857142857143,Middle Age,6-10 years,1,1,0.9898912,1,High Risk
22,70000,RENT,0.0,EDUCATION,B,6000,11.89,0.09,N,2,0.08571428571428572,5833.333333333333,1.0285714285714287,Young,0-2 years,0,0,0.050909825,0,Low Risk
22,43000,MORTGAGE,3.0,EDUCATION,A,2000,,0.05,N,3,0.046511627906976744,3583.3333333333335,0.5581395348837209,Young,3-5 years,0,0,0.16021703,0,Low Risk
44,58000,MORTGAGE,13.0,VENTURE,D,6400,16.29,0.11,N,13,0.1103448275862069,4833.333333333333,1.3241379310344827,Middle Age,10+ years,0,0,0.41969305,0,Medium Risk
23,92004,RENT,2.0,DEBTCONSOLIDATION,B,8000,11.49,0.09,N,4,0.08695274118516587,7667.0,1.0434328942219904,Young,0-2 years,0,0,0.121917404,0,Low Risk
25,65000,RENT,8.0,EDUCATION,C,6000,13.06,0.09,Y,3,0.09230769230769231,5416.666666666667,1.1076923076923075,Young,6-10 years,0,0,0.15321189,0,Low Risk
23,54000,MORTGAGE,7.0,MEDICAL,B,8800,10.99,0.16,N,4,0.16296296296296298,4500.0,1.9555555555555555,Young,6-10 years,0,0,0.56677693,1,Medium Risk
25,60000,RENT,1.0,VENTURE,A,8000,5.42,0.13,N,2,0.13333333333333333,5000.0,1.6,Young,0-2 years,0,0,0.011459146,0,Low Risk
23,88000,RENT,0.0,PERSONAL,D,12000,14.61,0.14,Y,4,0.13636363636363635,7333.333333333333,1.6363636363636365,Young,0-2 years,0,1,0.9168067,1,High Risk
25,58650,RENT,7.0,MEDICAL,D,5600,14.84,0.08,N,4,0.09548167092924126,4887.5,1.145780051150895,Young,6-10 years,0,1,0.98925626,1,High Risk
37,40000,RENT,8.0,VENTURE,B,5000,12.18,0.13,N,12,0.125,3333.3333333333335,1.5,Middle Age,6-10 years,0,0,0.012049345,0,Low Risk
21,68000,RENT,3.0,MEDICAL,C,3000,11.78,0.04,Y,4,0.04411764705882353,5666.666666666667,0.5294117647058824,Young,3-5 years,0,0,0.19441274,0,Low Risk
21,38400,MORTGAGE,0.0,EDUCATION,A,4200,,0.11,N,2,0.109375,3200.0,1.3125,Young,0-2 years,0,0,0.056827024,0,Low Risk
22,42000,MORTGAGE,6.0,EDUCATION,C,6000,12.99,0.14,Y,2,0.14285714285714285,3500.0,1.7142857142857142,Young,6-10 years,0,0,0.37573835,0,Medium Risk
27,92000,MORTGAGE,11.0,EDUCATION,B,18000,11.48,0.2,N,7,0.1956521739130435,7666.666666666667,2.3478260869565215,Adult,10+ years,0,0,0.11265481,0,Low Risk
29,30000,MORTGAGE,2.0,HOMEIMPROVEMENT,C,8000,12.84,0.27,N,8,0.26666666666666666,2500.0,3.2,Adult,0-2 years,0,0,0.75284487,1,High Risk
44,80000,MORTGAGE,28.0,VENTURE,D,25000,15.33,0.31,Y,17,0.3125,6666.666666666667,3.75,Middle Age,10+ years,1,0,0.36261037,0,Medium Risk
26,29000,RENT,1.0,EDUCATION,C,1000,11.28,0.03,N,3,0.034482758620689655,2416.6666666666665,0.4137931034482759,Adult,0-2 years,0,1,0.5013525,1,Medium Risk
27,24000,RENT,0.0,MEDICAL,A,10000,7.68,0.42,N,9,0.4166666666666667,2000.0,5.0,Adult,0-2 years,1,1,0.99306536,1,High Risk
24,79800,RENT,8.0,HOMEIMPROVEMENT,B,2500,9.62,0.03,N,2,0.03132832080200501,6650.0,0.37593984962406013,Young,6-10 years,0,0,0.39545205,0,Medium Risk
22,45000,OWN,4.0,PERSONAL,A,7000,6.62,0.16,N,3,0.15555555555555556,3750.0,1.8666666666666667,Young,3-5 years,0,0,0.002169382,0,Low Risk
25,78000,MORTGAGE,9.0,EDUCATION,B,14200,11.48,0.18,N,3,0.18205128205128204,6500.0,2.1846153846153844,Young,6-10 years,0,0,0.5101041,1,Medium Risk
27,79000,MORTGAGE,6.0,VENTURE,A,13000,,0.16,N,8,0.16455696202531644,6583.333333333333,1.9746835443037976,Adult,6-10 years,0,0,0.017627329,0,Low Risk
22,32484,MORTGAGE,6.0,HOMEIMPROVEMENT,A,6250,7.51,0.19,N,4,0.1924024134958749,2707.0,2.308828961950499,Young,6-10 years,0,1,0.9251861,1,High Risk
27,60000,RENT,0.0,HOMEIMPROVEMENT,A,6000,8.0,0.1,N,5,0.1,5000.0,1.2,Adult,0-2 years,0,0,0.07632733,0,Low Risk
24,51000,RENT,1.0,EDUCATION,B,10000,11.83,0.2,N,2,0.19607843137254902,4250.0,2.3529411764705883,Young,0-2 years,0,0,0.2893592,0,Low Risk
27,60000,RENT,4.0,HOMEIMPROVEMENT,A,7200,8.9,0.12,N,7,0.12,5000.0,1.44,Adult,3-5 years,0,0,0.08466853,0,Low Risk
34,115000,MORTGAGE,11.0,MEDICAL,A,6000,5.79,0.05,N,9,0.05217391304347826,9583.333333333334,0.6260869565217391,Adult,10+ years,0,0,0.013395742,0,Low Risk
25,89000,RENT,4.0,VENTURE,B,1300,10.59,0.01,N,4,0.014606741573033709,7416.666666666667,0.1752808988764045,Young,3-5 years,0,0,0.0068535754,0,Low Risk
28,99996,RENT,7.0,MEDICAL,B,5000,11.49,0.05,N,10,0.0500020000800032,8333.0,0.6000240009600384,Adult,6-10 years,0,0,0.06762802,0,Low Risk
23,76500,RENT,0.0,DEBTCONSOLIDATION,C,8000,14.26,0.1,N,4,0.10457516339869281,6375.0,1.2549019607843137,Young,0-2 years,0,1,0.4135879,0,Medium Risk
25,69996,RENT,9.0,EDUCATION,D,25000,15.21,0.36,N,4,0.35716326647236984,5833.0,4.285959197668438,Young,6-10 years,1,1,0.9854211,1,High Risk
29,97000,RENT,4.0,VENTURE,B,25000,10.37,0.26,N,10,0.25773195876288657,8083.333333333333,3.0927835051546393,Adult,3-5 years,0,0,0.0075833895,0,Low Risk
25,40000,MORTGAGE,9.0,MEDICAL,C,3500,13.49,0.09,Y,3,0.0875,3333.3333333333335,1.05,Young,6-10 years,0,0,0.15552136,0,Low Risk
38,151000,MORTGAGE,8.0,DEBTCONSOLIDATION,A,35000,8.9,0.23,N,12,0.23178807947019867,12583.333333333334,2.781456953642384,Middle Age,6-10 years,0,0,0.031547785,0,Low Risk
26,138000,MORTGAGE,4.0,EDUCATION,F,18000,16.4,0.13,N,3,0.13043478260869565,11500.0,1.565217391304348,Adult,3-5 years,0,1,0.5624621,1,Medium Risk
22,37000,RENT,,DEBTCONSOLIDATION,B,10000,,0.27,N,2,0.2702702702702703,3083.3333333333335,3.243243243243243,Young,,0,0,0.324204,0,Medium Risk
22,45000,RENT,0.0,VENTURE,B,9000,11.48,0.2,N,4,0.2,3750.0,2.4,Young,0-2 years,0,0,0.022274634,0,Low Risk
25,52000,RENT,9.0,VENTURE,C,16000,13.98,0.31,N,4,0.3076923076923077,4333.333333333333,3.6923076923076925,Young,6-10 years,1,1,0.9826901,1,High Risk
25,24996,RENT,1.0,PERSONAL,C,4200,14.26,0.17,Y,2,0.16802688430148824,2083.0,2.0163226116178588,Young,0-2 years,0,0,0.46820614,0,Medium Risk
33,50000,MORTGAGE,7.0,HOMEIMPROVEMENT,B,10000,9.99,0.2,N,7,0.2,4166.666666666667,2.4,Adult,6-10 years,0,0,0.10620948,0,Low Risk
24,110000,RENT,0.0,PERSONAL,B,6000,,0.05,N,4,0.05454545454545454,9166.666666666666,0.6545454545454545,Young,0-2 years,0,0,0.050072383,0,Low Risk
30,36000,OWN,6.0,MEDICAL,B,10000,12.69,0.28,N,10,0.2777777777777778,3000.0,3.3333333333333335,Adult,6-10 years,0,0,0.0045424406,0,Low Risk
25,84000,RENT,4.0,EDUCATION,B,6500,11.89,0.08,N,4,0.07738095238095238,7000.0,0.9285714285714286,Young,3-5 years,0,0,0.11483531,0,Low Risk
22,72060,MORTGAGE,7.0,EDUCATION,B,5500,11.71,0.08,N,3,0.07632528448515126,6005.0,0.9159034138218152,Young,6-10 years,0,0,0.1334904,0,Low Risk
25,102211,MORTGAGE,3.0,DEBTCONSOLIDATION,B,15000,11.58,0.15,N,2,0.1467552416080461,8517.583333333334,1.7610628992965531,Young,3-5 years,0,0,0.058977682,0,Low Risk
21,60000,RENT,0.0,PERSONAL,A,12000,7.51,0.2,N,3,0.2,5000.0,2.4,Young,0-2 years,0,0,0.042327218,0,Low Risk
21,35000,RENT,5.0,MEDICAL,C,11300,13.49,0.32,N,3,0.32285714285714284,2916.6666666666665,3.8742857142857146,Young,3-5 years,1,1,0.98735505,1,High Risk
33,35050,MORTGAGE,15.0,MEDICAL,A,8000,8.32,0.23,N,6,0.2282453637660485,2920.8333333333335,2.738944365192582,Adult,10+ years,0,1,0.118094295,0,Low Risk
28,42000,MORTGAGE,4.0,PERSONAL,B,10000,10.75,0.24,N,9,0.23809523809523808,3500.0,2.857142857142857,Adult,3-5 years,0,0,0.1872031,0,Low Risk
27,45000,RENT,1.0,DEBTCONSOLIDATION,B,17475,11.99,0.39,N,8,0.3883333333333333,3750.0,4.66,Adult,0-2 years,1,1,0.98926955,1,High Risk
32,44500,MORTGAGE,16.0,VENTURE,A,6000,8.9,0.13,N,9,0.1348314606741573,3708.3333333333335,1.6179775280898876,Adult,10+ years,0,0,0.0065217707,0,Low Risk
28,63000,RENT,1.0,EDUCATION,C,11200,12.99,0.18,Y,7,0.17777777777777778,5250.0,2.1333333333333333,Adult,0-2 years,0,0,0.22228526,0,Low Risk
26,71000,RENT,0.0,MEDICAL,B,11600,10.99,0.16,N,2,0.16338028169014085,5916.666666666667,1.96056338028169,Adult,0-2 years,0,0,0.110623226,0,Low Risk
25,49000,RENT,10.0,EDUCATION,A,9600,7.51,0.2,N,2,0.19591836734693877,4083.3333333333335,2.351020408163265,Young,6-10 years,0,1,0.41449976,0,Medium Risk
34,37500,MORTGAGE,14.0,MEDICAL,B,12000,,0.32,N,7,0.32,3125.0,3.84,Adult,10+ years,1,0,0.43227226,0,Medium Risk
24,39000,RENT,0.0,EDUCATION,A,15000,9.63,0.38,N,4,0.38461538461538464,3250.0,4.615384615384615,Young,0-2 years,1,1,0.99625385,1,High Risk
22,88512,MORTGAGE,6.0,EDUCATION,A,3000,5.79,0.03,N,2,0.03389370932754881,7376.0,0.4067245119305857,Young,6-10 years,0,0,0.007010258,0,Low Risk
31,50000,RENT,15.0,PERSONAL,A,2000,5.42,0.04,N,8,0.04,4166.666666666667,0.48,Adult,10+ years,0,1,0.038349696,0,Low Risk
22,29865,RENT,6.0,EDUCATION,B,5000,11.12,0.17,N,3,0.16742005692281936,2488.75,2.0090406830738323,Young,6-10 years,0,1,0.4517798,0,Medium Risk
23,30000,RENT,1.0,DEBTCONSOLIDATION,A,1500,7.51,0.05,N,3,0.05,2500.0,0.6,Young,0-2 years,0,0,0.48779348,0,Medium Risk
26,36000,MORTGAGE,10.0,VENTURE,A,9000,5.42,0.25,N,4,0.25,3000.0,3.0,Adult,6-10 years,0,0,0.013596576,0,Low Risk
23,29376,RENT,3.0,VENTURE,A,5950,7.66,0.2,N,2,0.2025462962962963,2448.0,2.4305555555555554,Young,3-5 years,0,0,0.04243351,0,Low Risk
28,104000,MORTGAGE,12.0,PERSONAL,D,20000,,0.19,N,9,0.19230769230769232,8666.666666666666,2.307692307692308,Adult,10+ years,0,0,0.28546163,0,Low Risk
29,100000,MORTGAGE,8.0,HOMEIMPROVEMENT,B,7000,9.88,0.07,N,10,0.07,8333.333333333334,0.84,Adult,6-10 years,0,0,0.074356444,0,Low Risk
23,135000,OWN,7.0,VENTURE,A,16000,6.91,0.12,N,3,0.11851851851851852,11250.0,1.4222222222222223,Young,6-10 years,0,0,0.00027549022,0,Low Risk
25,85000,RENT,9.0,EDUCATION,A,5750,7.29,0.07,N,4,0.06764705882352941,7083.333333333333,0.8117647058823529,Young,6-10 years,0,0,0.04014779,0,Low Risk
25,48000,MORTGAGE,3.0,DEBTCONSOLIDATION,B,4800,10.74,0.1,N,4,0.1,4000.0,1.2,Young,3-5 years,0,0,0.13875715,0,Low Risk
23,33000,RENT,8.0,DEBTCONSOLIDATION,A,12000,8.49,0.36,N,3,0.36363636363636365,2750.0,4.363636363636363,Young,6-10 years,1,1,0.9933971,1,High Risk
29,34000,MORTGAGE,0.0,MEDICAL,D,10200,17.27,0.3,Y,5,0.3,2833.3333333333335,3.5999999999999996,Adult,0-2 years,1,1,0.9776419,1,High Risk
24,96000,MORTGAGE,8.0,HOMEIMPROVEMENT,A,11000,5.99,0.11,N,2,0.11458333333333333,8000.0,1.375,Young,6-10 years,0,0,0.019239558,0,Low Risk
30,172000,MORTGAGE,13.0,VENTURE,B,20000,,0.12,N,8,0.11627906976744186,14333.333333333334,1.3953488372093024,Adult,10+ years,0,0,0.014071531,0,Low Risk
30,16000,MORTGAGE,2.0,MEDICAL,A,7275,5.42,0.45,N,10,0.4546875,1333.3333333333333,5.456250000000001,Adult,0-2 years,1,1,0.9904274,1,High Risk
22,33000,OWN,6.0,PERSONAL,B,12000,9.91,0.36,N,2,0.36363636363636365,2750.0,4.363636363636363,Young,6-10 years,1,0,0.006926551,0,Low Risk
29,37920,RENT,2.0,PERSONAL,C,12000,13.48,0.32,Y,10,0.31645569620253167,3160.0,3.7974683544303796,Adult,0-2 years,1,1,0.9801989,1,High Risk
24,64000,MORTGAGE,2.0,DEBTCONSOLIDATION,E,12000,17.56,0.19,Y,4,0.1875,5333.333333333333,2.25,Young,0-2 years,0,1,0.9830741,1,High Risk
33,172000,MORTGAGE,4.0,EDUCATION,B,16000,9.63,0.09,N,8,0.09302325581395349,14333.333333333334,1.1162790697674418,Adult,3-5 years,0,0,0.107456334,0,Low Risk
25,24000,OWN,0.0,MEDICAL,A,7000,9.63,0.29,N,3,0.2916666666666667,2000.0,3.5,Young,0-2 years,0,0,0.003918157,0,Low Risk
29,55000,RENT,0.0,HOMEIMPROVEMENT,B,14000,11.58,0.25,N,6,0.2545454545454545,4583.333333333333,3.0545454545454547,Adult,0-2 years,0,0,0.30992037,0,Medium Risk
25,43738,RENT,0.0,DEBTCONSOLIDATION,A,4500,5.99,0.1,N,3,0.10288536284237962,3644.8333333333335,1.2346243541085555,Young,0-2 years,0,0,0.17009948,0,Low Risk
27,258000,RENT,11.0,EDUCATION,E,35000,18.64,0.14,N,10,0.13565891472868216,21500.0,1.627906976744186,Adult,10+ years,0,1,0.6464615,1,High Risk
23,75000,MORTGAGE,3.0,VENTURE,C,10200,12.68,0.14,Y,2,0.136,6250.0,1.632,Young,3-5 years,0,0,0.16566786,0,Low Risk
26,62100,MORTGAGE,8.0,PERSONAL,C,1600,12.61,0.03,N,4,0.02576489533011272,5175.0,0.30917874396135264,Adult,6-10 years,0,0,0.12310613,0,Low Risk
23,57850,MORTGAGE,8.0,EDUCATION,B,4000,10.99,0.07,N,2,0.06914433880726016,4820.833333333333,0.8297320656871219,Young,6-10 years,0,0,0.32010502,0,Medium Risk
26,37500,RENT,1.0,DEBTCONSOLIDATION,A,10000,8.94,0.27,N,3,0.26666666666666666,3125.0,3.2,Adult,0-2 years,0,0,0.16960281,0,Low Risk
23,40000,RENT,4.0,PERSONAL,C,3500,13.23,0.09,Y,2,0.0875,3333.3333333333335,1.05,Young,3-5 years,0,0,0.17252876,0,Low Risk
25,50000,MORTGAGE,4.0,DEBTCONSOLIDATION,A,9000,6.03,0.18,N,2,0.18,4166.666666666667,2.1599999999999997,Young,3-5 years,0,0,0.02678576,0,Low Risk
26,34515,MORTGAGE,11.0,DEBTCONSOLIDATION,A,5400,7.68,0.16,N,4,0.15645371577574968,2876.25,1.8774445893089962,Adult,10+ years,0,0,0.14433649,0,Low Risk
27,35000,RENT,3.0,EDUCATION,B,10000,9.88,0.29,N,9,0.2857142857142857,2916.6666666666665,3.428571428571429,Adult,3-5 years,0,0,0.14562722,0,Low Risk
45,45000,MORTGAGE,20.0,PERSONAL,A,15625,8.9,0.35,N,13,0.3472222222222222,3750.0,4.166666666666667,Middle Age,10+ years,1,0,0.11169075,0,Low Risk
24,15000,RENT,8.0,DEBTCONSOLIDATION,C,4200,13.11,0.28,Y,2,0.28,1250.0,3.36,Young,6-10 years,0,1,0.9929222,1,High Risk
38,55000,RENT,9.0,HOMEIMPROVEMENT,D,3325,16.89,0.06,N,14,0.060454545454545455,4583.333333333333,0.7254545454545455,Middle Age,6-10 years,0,0,0.3933083,0,Medium Risk
26,102000,MORTGAGE,5.0,PERSONAL,A,13000,5.42,0.13,N,3,0.12745098039215685,8500.0,1.5294117647058822,Adult,3-5 years,0,0,0.008285554,0,Low Risk
33,78000,MORTGAGE,17.0,VENTURE,D,10000,,0.13,N,10,0.1282051282051282,6500.0,1.5384615384615385,Adult,10+ years,0,0,0.4163624,0,Medium Risk
33,24000,RENT,1.0,VENTURE,B,8000,11.12,0.33,N,9,0.3333333333333333,2000.0,4.0,Adult,0-2 years,1,1,0.9941533,1,High Risk
25,100000,RENT,9.0,HOMEIMPROVEMENT,C,20000,13.06,0.2,Y,2,0.2,8333.333333333334,2.4,Young,6-10 years,0,0,0.25783035,0,Low Risk
49,84240,MORTGAGE,4.0,MEDICAL,B,14000,11.89,0.17,N,17,0.16619183285849953,7020.0,1.9943019943019944,Middle Age,3-5 years,0,0,0.11667448,0,Low Risk
23,140000,MORTGAGE,7.0,PERSONAL,A,12000,8.49,0.09,N,3,0.08571428571428572,11666.666666666666,1.0285714285714287,Young,6-10 years,0,0,0.03703669,0,Low Risk
29,92250,RENT,2.0,MEDICAL,B,13000,10.99,0.14,N,9,0.14092140921409213,7687.5,1.6910569105691058,Adult,0-2 years,0,0,0.055934735,0,Low Risk
46,87000,MORTGAGE,1.0,PERSONAL,C,20000,12.41,0.23,N,17,0.22988505747126436,7250.0,2.7586206896551726,Middle Age,0-2 years,0,0,0.26999176,0,Low Risk
38,85000,RENT,1.0,VENTURE,B,14400,11.99,0.17,N,14,0.16941176470588235,7083.333333333333,2.0329411764705885,Middle Age,0-2 years,0,0,0.012303533,0,Low Risk
22,48000,MORTGAGE,6.0,PERSONAL,C,10000,13.49,0.21,N,2,0.20833333333333334,4000.0,2.5,Young,6-10 years,0,0,0.25907773,0,Low Risk
23,73500,RENT,3.0,PERSONAL,B,15000,11.89,0.2,N,3,0.20408163265306123,6125.0,2.4489795918367347,Young,3-5 years,0,0,0.38961634,0,Medium Risk
26,120000,RENT,3.0,HOMEIMPROVEMENT,A,5000,7.68,0.04,N,2,0.041666666666666664,10000.0,0.5,Adult,3-5 years,0,0,0.056471102,0,Low Risk
23,33195,RENT,5.0,MEDICAL,B,1800,11.99,0.05,N,3,0.05422503389064618,2766.25,0.6507004066877542,Young,3-5 years,0,0,0.41387856,0,Medium Risk
23,35000,MORTGAGE,7.0,EDUCATION,A,2100,5.42,0.06,N,3,0.06,2916.6666666666665,0.7200000000000001,Young,6-10 years,0,0,0.03510991,0,Low Risk
24,43275,RENT,4.0,MEDICAL,C,17000,13.47,0.39,N,3,0.3928365106874639,3606.25,4.714038128249567,Young,3-5 years,1,1,0.9919769,1,High Risk
23,116000,RENT,7.0,EDUCATION,A,11000,8.94,0.09,N,2,0.09482758620689655,9666.666666666666,1.1379310344827587,Young,6-10 years,0,0,0.0402479,0,Low Risk
27,54000,RENT,2.0,MEDICAL,B,20000,10.99,0.37,N,8,0.37037037037037035,4500.0,4.444444444444445,Adult,0-2 years,1,1,0.9964042,1,High Risk
25,72700,RENT,4.0,HOMEIMPROVEMENT,D,7000,14.84,0.1,Y,2,0.09628610729023383,6058.333333333333,1.1554332874828062,Young,3-5 years,0,0,0.4446379,0,Medium Risk
30,163000,MORTGAGE,15.0,PERSONAL,B,3500,10.65,0.02,N,8,0.02147239263803681,13583.333333333334,0.25766871165644173,Adult,10+ years,0,1,0.047571566,0,Low Risk
35,110000,MORTGAGE,7.0,EDUCATION,A,10200,5.42,0.09,N,6,0.09272727272727273,9166.666666666666,1.1127272727272728,Adult,6-10 years,0,0,0.009359051,0,Low Risk
25,150000,MORTGAGE,8.0,DEBTCONSOLIDATION,C,5000,12.99,0.03,Y,4,0.03333333333333333,12500.0,0.4,Young,6-10 years,0,0,0.22932695,0,Low Risk
22,35000,RENT,0.0,EDUCATION,A,3250,6.54,0.09,N,3,0.09285714285714286,2916.6666666666665,1.1142857142857143,Young,0-2 years,0,0,0.07645083,0,Low Risk
21,46002,MORTGAGE,4.0,VENTURE,D,4000,,0.09,Y,3,0.08695274118516587,3833.5,1.0434328942219904,Young,3-5 years,0,0,0.51289403,1,Medium Risk
36,103000,RENT,6.0,VENTURE,C,25000,12.53,0.24,Y,15,0.24271844660194175,8583.333333333334,2.9126213592233006,Middle Age,6-10 years,0,1,0.27014962,0,Low Risk
23,37000,RENT,4.0,PERSONAL,C,10000,13.23,0.27,N,3,0.2702702702702703,3083.3333333333335,3.243243243243243,Young,3-5 years,0,0,0.2810678,0,Low Risk
27,90000,MORTGAGE,5.0,HOMEIMPROVEMENT,A,15000,7.49,0.17,N,5,0.16666666666666666,7500.0,2.0,Adult,3-5 years,0,0,0.05572031,0,Low Risk
23,38000,RENT,7.0,VENTURE,A,10000,7.51,0.26,N,4,0.2631578947368421,3166.6666666666665,3.1578947368421053,Young,6-10 years,0,0,0.0131269535,0,Low Risk
29,35000,MORTGAGE,11.0,VENTURE,B,5000,10.65,0.14,N,9,0.14285714285714285,2916.6666666666665,1.7142857142857144,Adult,10+ years,0,0,0.008660263,0,Low Risk
47,65000,RENT,1.0,MEDICAL,C,3100,13.49,0.05,N,16,0.047692307692307694,5416.666666666667,0.5723076923076923,Middle Age,0-2 years,0,0,0.06932412,0,Low Risk
37,90000,RENT,21.0,VENTURE,A,10000,8.94,0.11,N,12,0.1111111111111111,7500.0,1.3333333333333333,Middle Age,10+ years,0,0,0.0048826616,0,Low Risk
26,30720,RENT,4.0,DEBTCONSOLIDATION,B,10000,11.49,0.33,N,3,0.3255208333333333,2560.0,3.90625,Adult,3-5 years,1,1,0.99487853,1,High Risk
22,50000,RENT,4.0,MEDICAL,A,12500,7.29,0.25,N,2,0.25,4166.666666666667,3.0,Young,3-5 years,0,0,0.0426883,0,Low Risk
25,40000,RENT,0.0,EDUCATION,A,6000,7.66,0.15,N,3,0.15,3333.3333333333335,1.7999999999999998,Young,0-2 years,0,0,0.04688142,0,Low Risk
23,40000,RENT,3.0,VENTURE,B,1000,10.62,0.03,N,4,0.025,3333.3333333333335,0.3,Young,3-5 years,0,0,0.0061792005,0,Low Risk
23,22000,MORTGAGE,5.0,DEBTCONSOLIDATION,A,1550,7.49,0.07,N,2,0.07045454545454545,1833.3333333333333,0.8454545454545455,Young,3-5 years,0,1,0.2362586,0,Low Risk
29,21864,RENT,1.0,PERSONAL,B,4000,12.42,0.18,N,7,0.18294914013904134,1822.0,2.1953896816684964,Adult,0-2 years,0,0,0.3926989,0,Medium Risk
32,50000,RENT,0.0,VENTURE,B,4675,10.0,0.09,N,7,0.0935,4166.666666666667,1.1219999999999999,Adult,0-2 years,0,0,0.004888543,0,Low Risk
26,60000,MORTGAGE,10.0,MEDICAL,A,5000,6.92,0.08,N,4,0.08333333333333333,5000.0,1.0,Adult,6-10 years,0,0,0.1660823,0,Low Risk
24,56004,RENT,2.0,MEDICAL,C,14000,12.61,0.25,N,2,0.24998214413256195,4667.0,2.9997857295907435,Young,0-2 years,0,0,0.3277262,0,Medium Risk
23,39500,RENT,7.0,MEDICAL,A,11000,,0.28,N,2,0.27848101265822783,3291.6666666666665,3.3417721518987342,Young,6-10 years,0,0,0.25757322,0,Low Risk
27,39000,RENT,0.0,MEDICAL,D,11000,16.07,0.28,Y,9,0.28205128205128205,3250.0,3.3846153846153846,Adult,0-2 years,0,1,0.9853356,1,High Risk
22,70000,MORTGAGE,6.0,PERSONAL,D,25000,15.31,0.36,Y,4,0.35714285714285715,5833.333333333333,4.285714285714286,Young,6-10 years,1,0,0.3774338,0,Medium Risk
22,65856,MORTGAGE,6.0,MEDICAL,C,16800,13.92,0.26,N,2,0.25510204081632654,5488.0,3.061224489795918,Young,6-10 years,0,0,0.33606416,0,Medium Risk
23,60000,RENT,2.0,DEBTCONSOLIDATION,B,8000,,0.13,N,3,0.13333333333333333,5000.0,1.6,Young,0-2 years,0,0,0.0822009,0,Low Risk
24,42000,MORTGAGE,2.0,DEBTCONSOLIDATION,A,3500,8.94,0.08,N,3,0.08333333333333333,3500.0,1.0,Young,0-2 years,0,1,0.25216982,0,Low Risk
28,43344,MORTGAGE,4.0,PERSONAL,B,10000,11.12,0.23,N,9,0.2307124400147656,3612.0,2.768549280177187,Adult,3-5 years,0,0,0.19666469,0,Low Risk
28,53500,RENT,4.0,VENTURE,B,5000,12.18,0.09,N,5,0.09345794392523364,4458.333333333333,1.1214953271028039,Adult,3-5 years,0,0,0.035697684,0,Low Risk
23,65000,MORTGAGE,7.0,VENTURE,B,13750,9.62,0.21,N,3,0.21153846153846154,5416.666666666667,2.5384615384615383,Young,6-10 years,0,0,0.0069825365,0,Low Risk
25,45000,RENT,2.0,DEBTCONSOLIDATION,A,11250,9.38,0.25,N,2,0.25,3750.0,3.0,Young,0-2 years,0,0,0.082143396,0,Low Risk
22,74000,RENT,7.0,DEBTCONSOLIDATION,D,24250,15.65,0.33,Y,2,0.3277027027027027,6166.666666666667,3.9324324324324325,Young,6-10 years,1,1,0.9987457,1,High Risk
29,105000,MORTGAGE,3.0,VENTURE,A,20000,6.91,0.19,N,8,0.19047619047619047,8750.0,2.2857142857142856,Adult,3-5 years,0,0,0.0018806503,0,Low Risk
25,35364,RENT,0.0,EDUCATION,A,10000,9.32,0.28,N,3,0.28277344191833503,2947.0,3.39328130302002,Young,0-2 years,0,0,0.16260348,0,Low Risk
35,90000,RENT,3.0,PERSONAL,B,11000,11.99,0.12,N,10,0.12222222222222222,7500.0,1.4666666666666666,Adult,3-5 years,0,0,0.050007306,0,Low Risk
28,79995,OWN,3.0,PERSONAL,C,15000,,0.19,N,10,0.18751171948246764,6666.25,2.250140633789612,Adult,3-5 years,0,0,0.004438849,0,Low Risk
21,50500,RENT,0.0,MEDICAL,B,5000,10.37,0.1,N,3,0.09900990099009901,4208.333333333333,1.1881188118811883,Young,0-2 years,0,0,0.09515511,0,Low Risk
33,30000,MORTGAGE,1.0,DEBTCONSOLIDATION,C,4000,,0.13,Y,7,0.13333333333333333,2500.0,1.6,Adult,0-2 years,0,0,0.35235372,0,Medium Risk
23,69000,OWN,7.0,MEDICAL,A,9000,5.99,0.13,N,3,0.13043478260869565,5750.0,1.565217391304348,Young,6-10 years,0,0,0.003888715,0,Low Risk
31,116004,MORTGAGE,13.0,MEDICAL,A,6775,8.59,0.06,N,10,0.05840315851177546,9667.0,0.7008379021413055,Adult,10+ years,0,0,0.03988439,0,Low Risk
24,31776,RENT,6.0,VENTURE,A,4700,8.94,0.15,N,3,0.14791037260825782,2648.0,1.7749244712990937,Young,6-10 years,0,0,0.029546222,0,Low Risk
27,58500,RENT,11.0,VENTURE,B,6400,12.53,0.11,N,5,0.1094017094017094,4875.0,1.3128205128205128,Adult,10+ years,0,0,0.031021744,0,Low Risk
23,72250,MORTGAGE,7.0,MEDICAL,D,35000,15.99,0.41,N,2,0.4844290657439446,6020.833333333333,5.813148788927336,Young,6-10 years,1,1,0.9547218,1,High Risk
28,25000,RENT,1.0,EDUCATION,A,5000,7.51,0.2,N,7,0.2,2083.3333333333335,2.4,Adult,0-2 years,0,0,0.22701204,0,Low Risk
25,70000,MORTGAGE,9.0,PERSONAL,B,1000,12.69,0.01,N,2,0.014285714285714285,5833.333333333333,0.17142857142857143,Young,6-10 years,0,0,0.043413006,0,Low Risk
36,62000,RENT,3.0,HOMEIMPROVEMENT,B,8000,11.12,0.13,N,12,0.12903225806451613,5166.666666666667,1.5483870967741935,Middle Age,3-5 years,0,0,0.15095216,0,Low Risk
37,25000,RENT,0.0,HOMEIMPROVEMENT,D,2775,15.65,0.11,N,12,0.111,2083.3333333333335,1.3319999999999999,Middle Age,0-2 years,0,1,0.99233866,1,High Risk
23,49152,RENT,2.0,PERSONAL,A,6000,7.9,0.12,N,3,0.1220703125,4096.0,1.46484375,Young,0-2 years,0,0,0.32541335,0,Medium Risk
24,62900,RENT,1.0,MEDICAL,D,16800,15.65,0.23,N,4,0.2670906200317965,5241.666666666667,3.2050874403815577,Young,0-2 years,0,1,0.99012285,1,High Risk
52,48000,RENT,3.0,MEDICAL,C,11000,12.73,0.23,N,22,0.22916666666666666,4000.0,2.75,Senior,3-5 years,0,0,0.15091754,0,Low Risk
22,17280,RENT,0.0,EDUCATION,D,3500,,0.2,Y,4,0.2025462962962963,1440.0,2.4305555555555554,Young,0-2 years,0,1,0.9959758,1,High Risk
24,33660,RENT,3.0,PERSONAL,A,1800,7.51,0.05,N,4,0.053475935828877004,2805.0,0.6417112299465241,Young,3-5 years,0,0,0.35401395,0,Medium Risk
28,30000,RENT,2.0,DEBTCONSOLIDATION,B,6000,11.49,0.2,N,9,0.2,2500.0,2.4,Adult,0-2 years,0,1,0.50228626,1,Medium Risk
25,62903,MORTGAGE,9.0,MEDICAL,B,3000,10.65,0.04,N,2,0.04769247889607809,5241.916666666667,0.572309746752937,Young,6-10 years,0,1,0.4452833,0,Medium Risk
33,104000,MORTGAGE,15.0,MEDICAL,B,3500,10.74,0.03,N,6,0.03365384615384615,8666.666666666666,0.40384615384615385,Adult,10+ years,0,0,0.05639328,0,Low Risk
27,64000,RENT,0.0,MEDICAL,C,12000,13.49,0.19,Y,5,0.1875,5333.333333333333,2.25,Adult,0-2 years,0,0,0.25198343,0,Low Risk
31,76500,RENT,1.0,EDUCATION,B,14000,11.49,0.18,N,10,0.1830065359477124,6375.0,2.196078431372549,Adult,0-2 years,0,0,0.21586974,0,Low Risk
80,64000,RENT,7.0,MEDICAL,B,6800,11.71,0.11,N,25,0.10625,5333.333333333333,1.2750000000000001,Senior,6-10 years,0,0,0.11030988,0,Low Risk
22,41000,MORTGAGE,0.0,DEBTCONSOLIDATION,B,7750,9.88,0.19,N,3,0.18902439024390244,3416.6666666666665,2.2682926829268295,Young,0-2 years,0,0,0.2630471,0,Low Risk
29,61848,OWN,13.0,VENTURE,B,5000,10.38,0.08,N,10,0.08084335790971414,5154.0,0.9701202949165697,Adult,10+ years,0,0,0.0009672555,0,Low Risk
22,54000,RENT,2.0,MEDICAL,D,7000,14.96,0.13,Y,2,0.12962962962962962,4500.0,1.5555555555555556,Young,0-2 years,0,1,0.9910108,1,High Risk
28,27600,OWN,2.0,HOMEIMPROVEMENT,A,6000,8.9,0.22,N,8,0.21739130434782608,2300.0,2.608695652173913,Adult,0-2 years,0,0,0.0073306407,0,Low Risk
24,30000,RENT,8.0,VENTURE,B,4800,11.49,0.16,N,2,0.16,2500.0,1.92,Young,6-10 years,0,0,0.093384035,0,Low Risk
25,46000,RENT,9.0,PERSONAL,A,12000,5.42,0.26,N,3,0.2608695652173913,3833.3333333333335,3.1304347826086953,Young,6-10 years,0,0,0.19235367,0,Low Risk
32,54000,RENT,2.0,HOMEIMPROVEMENT,E,6000,15.95,0.11,N,7,0.1111111111111111,4500.0,1.3333333333333333,Adult,0-2 years,0,1,0.9778526,1,High Risk
23,70000,RENT,8.0,DEBTCONSOLIDATION,A,6725,6.62,0.1,N,2,0.09607142857142857,5833.333333333333,1.152857142857143,Young,6-10 years,0,0,0.043944977,0,Low Risk
22,30000,RENT,7.0,MEDICAL,A,7200,8.9,0.24,N,2,0.24,2500.0,2.88,Young,6-10 years,0,1,0.4296309,0,Medium Risk
24,82000,RENT,7.0,PERSONAL,B,17400,11.99,0.21,N,4,0.2121951219512195,6833.333333333333,2.546341463414634,Young,6-10 years,0,0,0.20649938,0,Low Risk
24,40000,RENT,0.0,VENTURE,B,8000,10.25,0.2,N,4,0.2,3333.3333333333335,2.4,Young,0-2 years,0,0,0.007800813,0,Low Risk
30,79000,MORTGAGE,11.0,DEBTCONSOLIDATION,C,20000,13.72,0.25,N,10,0.25316455696202533,6583.333333333333,3.037974683544304,Adult,10+ years,0,0,0.48169872,0,Medium Risk
22,50000,OWN,3.0,VENTURE,A,6000,8.94,0.12,N,4,0.12,4166.666666666667,1.44,Young,3-5 years,0,0,0.00021273518,0,Low Risk
30,130000,MORTGAGE,1.0,HOMEIMPROVEMENT,C,8500,12.84,0.07,Y,5,0.06538461538461539,10833.333333333334,0.7846153846153846,Adult,0-2 years,0,0,0.17182899,0,Low Risk
25,17352,RENT,0.0,PERSONAL,B,2500,12.53,0.14,N,4,0.14407561088059012,1446.0,1.7289073305670817,Young,0-2 years,0,0,0.26942623,0,Low Risk
23,64500,MORTGAGE,4.0,EDUCATION,A,5000,,0.08,N,2,0.07751937984496124,5375.0,0.9302325581395349,Young,3-5 years,0,0,0.26984134,0,Low Risk
22,29361,RENT,4.0,HOMEIMPROVEMENT,B,6450,,0.22,N,3,0.21967916624093184,2446.75,2.6361499948911824,Young,3-5 years,0,1,0.9855532,1,High Risk
26,18700,RENT,2.0,EDUCATION,A,1500,5.42,0.08,N,4,0.08021390374331551,1558.3333333333333,0.9625668449197862,Adult,0-2 years,0,0,0.30326033,0,Medium Risk
22,35004,OWN,3.0,VENTURE,A,3000,7.9,0.09,N,4,0.08570449091532396,2917.0,1.0284538909838876,Young,3-5 years,0,0,0.0004836042,0,Low Risk
22,105000,MORTGAGE,6.0,MEDICAL,B,12800,11.83,0.12,N,2,0.1219047619047619,8750.0,1.4628571428571429,Young,6-10 years,0,0,0.063703656,0,Low Risk
22,20000,OWN,7.0,PERSONAL,B,3200,12.21,0.16,N,4,0.16,1666.6666666666667,1.92,Young,6-10 years,0,0,0.011698737,0,Low Risk
24,72000,MORTGAGE,1.0,VENTURE,A,12000,5.42,0.17,N,4,0.16666666666666666,6000.0,2.0,Young,0-2 years,0,0,0.0023615686,0,Low Risk
22,105000,MORTGAGE,3.0,PERSONAL,C,16000,12.73,0.15,Y,4,0.1523809523809524,8750.0,1.8285714285714285,Young,3-5 years,0,0,0.06012215,0,Low Risk
36,74000,RENT,10.0,EDUCATION,D,3600,15.62,0.05,Y,12,0.04864864864864865,6166.666666666667,0.5837837837837837,Middle Age,6-10 years,0,1,0.51960164,1,Medium Risk
25,126000,MORTGAGE,9.0,EDUCATION,A,15000,7.9,0.12,N,3,0.11904761904761904,10500.0,1.4285714285714286,Young,6-10 years,0,0,0.04572638,0,Low Risk
37,36000,RENT,2.0,PERSONAL,B,4800,10.75,0.13,N,14,0.13333333333333333,3000.0,1.6,Middle Age,0-2 years,0,0,0.16899271,0,Low Risk
26,70000,MORTGAGE,10.0,DEBTCONSOLIDATION,B,2500,10.99,0.04,N,3,0.03571428571428571,5833.333333333333,0.4285714285714286,Adult,6-10 years,0,0,0.11451171,0,Low Risk
22,78000,MORTGAGE,6.0,MEDICAL,A,7750,7.51,0.1,N,4,0.09935897435897435,6500.0,1.1923076923076923,Young,6-10 years,0,0,0.122517034,0,Low Risk
23,60000,MORTGAGE,3.0,PERSONAL,C,12000,15.27,0.2,Y,4,0.2,5000.0,2.4,Young,3-5 years,0,0,0.12851262,0,Low Risk
39,29894,OWN,23.0,HOMEIMPROVEMENT,B,8000,9.63,0.27,N,17,0.2676122298789055,2491.1666666666665,3.2113467585468656,Middle Age,10+ years,0,0,0.0076824003,0,Low Risk
23,28872,OWN,7.0,VENTURE,B,2000,10.37,0.07,N,3,0.06927126627874758,2406.0,0.8312551953449709,Young,6-10 years,0,0,0.0009750582,0,Low Risk
24,115800,MORTGAGE,5.0,PERSONAL,B,12000,10.99,0.1,N,3,0.10362694300518134,9650.0,1.2435233160621761,Young,3-5 years,0,0,0.105984084,0,Low Risk
22,130000,MORTGAGE,6.0,MEDICAL,B,25000,11.83,0.19,N,3,0.19230769230769232,10833.333333333334,2.3076923076923075,Young,6-10 years,0,0,0.08045686,0,Low Risk
24,30000,RENT,1.0,DEBTCONSOLIDATION,C,3000,13.98,0.1,Y,2,0.1,2500.0,1.2,Young,0-2 years,0,1,0.4002847,0,Medium Risk
27,65000,MORTGAGE,5.0,VENTURE,B,13225,12.69,0.2,N,6,0.20346153846153847,5416.666666666667,2.441538461538461,Adult,3-5 years,0,0,0.01643472,0,Low Risk
26,45000,RENT,1.0,MEDICAL,B,4000,12.21,0.09,N,2,0.08888888888888889,3750.0,1.0666666666666667,Adult,0-2 years,0,0,0.19384488,0,Low Risk
21,102000,MORTGAGE,0.0,EDUCATION,D,18000,14.96,0.18,N,3,0.17647058823529413,8500.0,2.1176470588235294,Young,0-2 years,0,0,0.18184276,0,Low Risk
24,40000,RENT,2.0,PERSONAL,A,8000,6.17,0.2,N,2,0.2,3333.3333333333335,2.4,Young,0-2 years,0,0,0.04486392,0,Low Risk
25,58000,MORTGAGE,7.0,DEBTCONSOLIDATION,B,7200,11.71,0.12,N,3,0.12413793103448276,4833.333333333333,1.4896551724137932,Young,6-10 years,0,0,0.37884134,0,Medium Risk
34,53995,RENT,10.0,PERSONAL,B,5000,9.63,0.09,N,6,0.09260116677470136,4499.583333333333,1.1112140012964165,Adult,6-10 years,0,0,0.25778082,0,Low Risk
22,11220,RENT,,MEDICAL,C,1000,12.99,0.09,N,4,0.08912655971479501,935.0,1.0695187165775402,Young,,0,0,0.5855887,1,Medium Risk
22,54996,RENT,0.0,EDUCATION,C,5000,12.54,0.09,Y,3,0.09091570296021528,4583.0,1.0909884355225834,Young,0-2 years,0,0,0.14820646,0,Low Risk
26,83004,RENT,7.0,EDUCATION,A,5450,7.9,0.07,N,4,0.06565948628981735,6917.0,0.7879138354778082,Adult,6-10 years,0,0,0.05544809,0,Low Risk
36,63177,MORTGAGE,3.0,MEDICAL,A,6250,7.49,0.1,N,12,0.0989284074900676,5264.75,1.1871408898808111,Middle Age,3-5 years,0,0,0.070202015,0,Low Risk
36,65000,MORTGAGE,3.0,EDUCATION,A,6500,5.79,0.1,N,12,0.1,5416.666666666667,1.2,Middle Age,3-5 years,0,0,0.011261236,0,Low Risk
22,97000,MORTGAGE,0.0,EDUCATION,C,7500,11.34,0.08,Y,4,0.07731958762886598,8083.333333333333,0.9278350515463918,Young,0-2 years,0,0,0.13959454,0,Low Risk
38,90000,MORTGAGE,9.0,EDUCATION,B,9300,11.83,0.1,N,17,0.10333333333333333,7500.0,1.24,Middle Age,6-10 years,0,0,0.099468976,0,Low Risk
22,70000,MORTGAGE,3.0,VENTURE,B,14400,11.71,0.21,N,4,0.2057142857142857,5833.333333333333,2.468571428571429,Young,3-5 years,0,0,0.011823344,0,Low Risk
30,74000,MORTGAGE,0.0,PERSONAL,A,7625,,0.1,N,5,0.10304054054054054,6166.666666666667,1.2364864864864864,Adult,0-2 years,0,0,0.13761301,0,Low Risk
23,12996,OWN,0.0,DEBTCONSOLIDATION,C,2400,13.49,0.18,Y,2,0.18467220683287167,1083.0,2.21606648199446,Young,0-2 years,0,1,0.9970118,1,High Risk
23,49000,RENT,6.0,DEBTCONSOLIDATION,A,6000,7.9,0.12,N,3,0.12244897959183673,4083.3333333333335,1.4693877551020407,Young,6-10 years,0,0,0.34173864,0,Medium Risk
31,53000,MORTGAGE,15.0,HOMEIMPROVEMENT,A,15875,7.9,0.3,N,5,0.29952830188679247,4416.666666666667,3.594339622641509,Adult,10+ years,1,0,0.29719585,0,Low Risk
52,54833,RENT,14.0,HOMEIMPROVEMENT,A,20000,7.49,0.36,N,25,0.3647438586252804,4569.416666666667,4.376926303503365,Senior,10+ years,1,1,0.99218667,1,High Risk
22,57000,RENT,0.0,DEBTCONSOLIDATION,C,1800,14.27,0.03,N,3,0.031578947368421054,4750.0,0.37894736842105264,Young,0-2 years,0,0,0.241217,0,Low Risk
38,40320,MORTGAGE,4.0,EDUCATION,D,15000,16.07,0.37,N,14,0.37202380952380953,3360.0,4.464285714285714,Middle Age,3-5 years,1,0,0.18484333,0,Low Risk
29,54000,MORTGAGE,1.0,PERSONAL,G,25000,20.16,0.46,Y,8,0.46296296296296297,4500.0,5.555555555555555,Adult,0-2 years,1,1,0.97545594,1,High Risk
28,96000,RENT,5.0,VENTURE,B,5000,11.12,0.05,N,7,0.052083333333333336,8000.0,0.625,Adult,3-5 years,0,0,0.0072994116,0,Low Risk
21,46500,MORTGAGE,5.0,EDUCATION,D,1300,14.96,0.03,N,2,0.02795698924731183,3875.0,0.33548387096774196,Young,3-5 years,0,0,0.4025059,0,Medium Risk
39,200000,MORTGAGE,19.0,EDUCATION,B,18000,10.99,0.09,N,13,0.09,16666.666666666668,1.0799999999999998,Middle Age,10+ years,0,0,0.085002474,0,Low Risk
37,85000,OWN,3.0,EDUCATION,F,10000,18.43,0.12,Y,16,0.11764705882352941,7083.333333333333,1.411764705882353,Middle Age,3-5 years,0,0,0.15517958,0,Low Risk
23,56016,RENT,4.0,EDUCATION,E,5000,15.13,0.09,N,3,0.08926021136818052,4668.0,1.0711225364181662,Young,3-5 years,0,0,0.5811342,1,Medium Risk
29,30000,RENT,1.0,DEBTCONSOLIDATION,E,15000,16.4,0.5,N,10,0.5,2500.0,6.0,Adult,0-2 years,1,1,0.9990615,1,High Risk
21,20000,RENT,4.0,MEDICAL,B,8000,12.21,0.4,N,4,0.4,1666.6666666666667,4.8,Young,3-5 years,1,1,0.99458003,1,High Risk
38,18000,RENT,4.0,EDUCATION,C,3000,13.23,0.17,Y,14,0.16666666666666666,1500.0,2.0,Middle Age,3-5 years,0,1,0.9910102,1,High Risk
37,42500,RENT,1.0,MEDICAL,A,3600,7.88,0.08,N,12,0.08470588235294117,3541.6666666666665,1.0164705882352942,Middle Age,0-2 years,0,0,0.06444838,0,Low Risk
23,52000,MORTGAGE,5.0,EDUCATION,B,12800,10.65,0.25,N,2,0.24615384615384617,4333.333333333333,2.953846153846154,Young,3-5 years,0,0,0.18646412,0,Low Risk
27,132000,RENT,2.0,HOMEIMPROVEMENT,B,15000,11.12,0.11,N,5,0.11363636363636363,11000.0,1.3636363636363635,Adult,0-2 years,0,0,0.14656171,0,Low Risk
32,45000,MORTGAGE,12.0,EDUCATION,A,4800,7.49,0.11,N,7,0.10666666666666667,3750.0,1.28,Adult,10+ years,0,0,0.17053789,0,Low Risk
25,35000,RENT,3.0,VENTURE,B,2400,12.53,0.07,N,3,0.06857142857142857,2916.6666666666665,0.822857142857143,Young,3-5 years,0,0,0.020552535,0,Low Risk
31,68400,MORTGAGE,3.0,EDUCATION,B,15000,11.71,0.22,N,5,0.21929824561403508,5700.0,2.6315789473684212,Adult,3-5 years,0,0,0.31041047,0,Medium Risk
24,65453,RENT,9.0,MEDICAL,D,24250,15.7,0.31,N,2,0.37049485890639083,5454.416666666667,4.44593830687669,Young,6-10 years,1,1,0.9963814,1,High Risk
26,48000,MORTGAGE,10.0,DEBTCONSOLIDATION,C,11000,13.49,0.23,N,3,0.22916666666666666,4000.0,2.75,Adult,6-10 years,0,0,0.2561943,0,Low Risk
25,42000,MORTGAGE,9.0,HOMEIMPROVEMENT,B,12000,9.91,0.29,N,2,0.2857142857142857,3500.0,3.4285714285714284,Young,6-10 years,0,0,0.27309453,0,Low Risk
27,33000,MORTGAGE,6.0,VENTURE,A,12000,7.51,0.36,N,7,0.36363636363636365,2750.0,4.363636363636363,Adult,6-10 years,1,0,0.0530704,0,Low Risk
26,96640,OTHER,8.0,EDUCATION,B,25000,11.58,0.26,N,2,0.2586920529801324,8053.333333333333,3.1043046357615895,Adult,6-10 years,0,0,0.17692292,0,Low Risk
26,66000,MORTGAGE,5.0,MEDICAL,B,15000,9.88,0.23,N,4,0.22727272727272727,5500.0,2.727272727272727,Adult,3-5 years,0,0,0.2270854,0,Low Risk
30,57120,RENT,3.0,DEBTCONSOLIDATION,B,2750,10.37,0.05,N,5,0.048144257703081235,4760.0,0.5777310924369747,Adult,3-5 years,0,0,0.17639616,0,Low Risk
27,22800,RENT,5.0,PERSONAL,C,3500,13.99,0.15,Y,10,0.15350877192982457,1900.0,1.8421052631578947,Adult,3-5 years,0,1,0.48266235,0,Medium Risk
25,450000,MORTGAGE,9.0,DEBTCONSOLIDATION,B,35000,11.11,0.08,N,4,0.07777777777777778,37500.0,0.9333333333333333,Young,6-10 years,0,0,0.085198,0,Low Risk
24,130000,MORTGAGE,8.0,PERSONAL,C,13000,13.61,0.1,N,4,0.1,10833.333333333334,1.2,Young,6-10 years,0,0,0.08845832,0,Low Risk
29,26004,RENT,0.0,EDUCATION,C,6500,11.91,0.25,N,10,0.24996154437778803,2167.0,2.9995385325334563,Adult,0-2 years,0,0,0.31568342,0,Medium Risk
30,31000,MORTGAGE,3.0,EDUCATION,A,13000,7.88,0.42,N,8,0.41935483870967744,2583.3333333333335,5.032258064516129,Adult,3-5 years,1,1,0.27779505,0,Low Risk
30,76500,RENT,11.0,MEDICAL,D,12000,17.27,0.13,N,10,0.1568627450980392,6375.0,1.8823529411764706,Adult,10+ years,0,1,0.96736544,1,High Risk
46,48956,RENT,0.0,MEDICAL,B,2800,10.59,0.06,N,14,0.05719421521366125,4079.6666666666665,0.686330582563935,Middle Age,0-2 years,0,0,0.19530992,0,Low Risk
23,145000,MORTGAGE,3.0,MEDICAL,B,12000,10.37,0.08,N,2,0.08275862068965517,12083.333333333334,0.993103448275862,Young,3-5 years,0,0,0.069024354,0,Low Risk
28,48000,MORTGAGE,1.0,EDUCATION,A,10000,6.92,0.21,N,8,0.20833333333333334,4000.0,2.5,Adult,0-2 years,0,0,0.13336304,0,Low Risk
23,96000,MORTGAGE,2.0,PERSONAL,A,7000,5.79,0.07,N,3,0.07291666666666667,8000.0,0.875,Young,0-2 years,0,0,0.010011198,0,Low Risk
24,120000,RENT,8.0,VENTURE,B,16000,12.18,0.13,N,4,0.13333333333333333,10000.0,1.6,Young,6-10 years,0,0,0.0119070755,0,Low Risk
23,48996,MORTGAGE,7.0,EDUCATION,C,10525,13.61,0.21,N,2,0.21481345415952321,4083.0,2.577761449914279,Young,6-10 years,0,0,0.3339553,0,Medium Risk
22,45020,RENT,6.0,EDUCATION,B,8300,10.99,0.18,N,4,0.18436250555308753,3751.6666666666665,2.2123500666370504,Young,6-10 years,0,0,0.18946104,0,Low Risk
22,75000,RENT,0.0,PERSONAL,A,8000,5.99,0.11,N,2,0.10666666666666667,6250.0,1.28,Young,0-2 years,0,0,0.048445024,0,Low Risk
28,75000,RENT,7.0,DEBTCONSOLIDATION,A,3000,7.68,0.04,N,7,0.04,6250.0,0.48,Adult,6-10 years,0,0,0.10646371,0,Low Risk
24,58000,MORTGAGE,8.0,DEBTCONSOLIDATION,A,15700,7.9,0.27,N,3,0.2706896551724138,4833.333333333333,3.2482758620689656,Young,6-10 years,0,0,0.15877445,0,Low Risk
29,63440,OWN,7.0,EDUCATION,A,20000,8.9,0.32,N,10,0.31525851197982346,5286.666666666667,3.783102143757881,Adult,6-10 years,1,0,0.0058807703,0,Low Risk
23,72000,RENT,3.0,MEDICAL,A,10800,7.88,0.15,N,2,0.15,6000.0,1.8,Young,3-5 years,0,0,0.03150565,0,Low Risk
26,45000,RENT,10.0,PERSONAL,D,11000,14.61,0.24,N,2,0.24444444444444444,3750.0,2.933333333333333,Adult,6-10 years,0,0,0.49609447,0,Medium Risk
28,30000,RENT,7.0,VENTURE,B,10000,10.38,0.33,N,5,0.3333333333333333,2500.0,4.0,Adult,6-10 years,1,1,0.99526644,1,High Risk
32,30000,RENT,4.0,MEDICAL,D,9325,13.62,0.31,N,7,0.31083333333333335,2500.0,3.73,Adult,3-5 years,1,1,0.9928027,1,High Risk
29,92004,MORTGAGE,12.0,MEDICAL,B,10000,9.63,0.11,N,9,0.10869092648145733,7667.0,1.3042911177774879,Adult,10+ years,0,0,0.094512686,0,Low Risk
25,90000,MORTGAGE,0.0,EDUCATION,B,9000,12.69,0.1,N,3,0.1,7500.0,1.2,Young,0-2 years,0,0,0.07377254,0,Low Risk
38,60000,RENT,2.0,PERSONAL,C,24000,13.85,0.4,N,16,0.4,5000.0,4.8,Middle Age,0-2 years,1,1,0.98726,1,High Risk
22,60000,MORTGAGE,6.0,VENTURE,A,11200,5.79,0.19,N,4,0.18666666666666668,5000.0,2.24,Young,6-10 years,0,0,0.004623313,0,Low Risk
22,40000,MORTGAGE,6.0,MEDICAL,A,9875,7.9,0.25,N,4,0.246875,3333.3333333333335,2.9625,Young,6-10 years,0,0,0.08078641,0,Low Risk
27,80000,MORTGAGE,0.0,DEBTCONSOLIDATION,C,10000,12.68,0.13,N,5,0.125,6666.666666666667,1.5,Adult,0-2 years,0,0,0.08906984,0,Low Risk
23,26004,RENT,8.0,DEBTCONSOLIDATION,B,2200,9.91,0.08,N,2,0.08460236886632826,2167.0,1.015228426395939,Young,6-10 years,0,1,0.41805586,0,Medium Risk
30,52416,RENT,13.0,MEDICAL,B,2200,10.99,0.04,N,8,0.04197191697191697,4368.0,0.5036630036630036,Adult,10+ years,0,0,0.26061815,0,Low Risk
29,135000,MORTGAGE,14.0,MEDICAL,A,24000,5.99,0.18,N,10,0.17777777777777778,11250.0,2.1333333333333333,Adult,10+ years,0,0,0.018737959,0,Low Risk
23,70000,MORTGAGE,7.0,EDUCATION,B,4000,,0.06,N,4,0.05714285714285714,5833.333333333333,0.6857142857142857,Young,6-10 years,0,0,0.1068398,0,Low Risk
29,75000,MORTGAGE,8.0,PERSONAL,C,12000,13.16,0.16,Y,7,0.16,6250.0,1.92,Adult,6-10 years,0,1,0.14426675,0,Low Risk
21,165000,MORTGAGE,5.0,EDUCATION,A,20000,6.91,0.12,N,4,0.12121212121212122,13750.0,1.4545454545454546,Young,3-5 years,0,0,0.014311689,0,Low Risk
24,37200,RENT,3.0,VENTURE,D,2000,,0.05,N,2,0.053763440860215055,3100.0,0.6451612903225806,Young,3-5 years,0,1,0.27172437,0,Low Risk
26,33996,RENT,2.0,PERSONAL,B,10800,11.12,0.32,N,3,0.3176844334627603,2833.0,3.812213201553124,Adult,0-2 years,1,1,0.9916545,1,High Risk
31,120000,RENT,7.0,HOMEIMPROVEMENT,E,21600,19.03,0.18,Y,5,0.18,10000.0,2.16,Adult,6-10 years,0,0,0.43184456,0,Medium Risk
32,250000,MORTGAGE,7.0,EDUCATION,B,20000,11.48,0.08,N,10,0.08,20833.333333333332,0.9600000000000001,Adult,6-10 years,0,0,0.12519777,0,Low Risk
27,44000,MORTGAGE,3.0,EDUCATION,C,6400,13.85,0.15,Y,7,0.14545454545454545,3666.6666666666665,1.7454545454545456,Adult,3-5 years,0,0,0.52254015,1,Medium Risk
33,62500,RENT,3.0,DEBTCONSOLIDATION,B,18400,9.91,0.29,N,7,0.2944,5208.333333333333,3.5328000000000004,Adult,3-5 years,0,0,0.29780585,0,Low Risk
22,24000,MORTGAGE,4.0,VENTURE,A,1300,5.42,0.05,N,3,0.05416666666666667,2000.0,0.65,Young,3-5 years,0,0,0.007690456,0,Low Risk
24,62400,RENT,8.0,HOMEIMPROVEMENT,B,20000,11.12,0.32,N,2,0.32051282051282054,5200.0,3.8461538461538463,Young,6-10 years,1,1,0.9859308,1,High Risk
28,80000,RENT,9.0,PERSONAL,B,18000,11.49,0.23,N,6,0.225,6666.666666666667,2.6999999999999997,Adult,6-10 years,0,0,0.115191095,0,Low Risk
28,42000,RENT,3.0,DEBTCONSOLIDATION,B,2000,11.49,0.05,N,5,0.047619047619047616,3500.0,0.5714285714285714,Adult,3-5 years,0,0,0.28497174,0,Low Risk
31,12252,RENT,15.0,PERSONAL,C,2400,,0.2,Y,10,0.1958863858961802,1021.0,2.3506366307541624,Adult,10+ years,0,1,0.99452555,1,High Risk
29,44991,MORTGAGE,13.0,MEDICAL,C,5000,14.72,0.11,Y,5,0.11113333777866684,3749.25,1.3336000533440022,Adult,10+ years,0,0,0.42618552,0,Medium Risk
22,60000,MORTGAGE,6.0,PERSONAL,A,2000,6.54,0.03,N,3,0.03333333333333333,5000.0,0.4,Young,6-10 years,0,0,0.03356177,0,Low Risk
25,32000,RENT,1.0,MEDICAL,E,2500,16.45,0.08,Y,2,0.078125,2666.6666666666665,0.9375,Young,0-2 years,0,1,0.9811662,1,High Risk
31,155000,RENT,3.0,HOMEIMPROVEMENT,B,20000,10.74,0.13,N,6,0.12903225806451613,12916.666666666666,1.5483870967741937,Adult,3-5 years,0,0,0.17206825,0,Low Risk
22,90000,RENT,6.0,MEDICAL,B,10200,11.71,0.11,N,3,0.11333333333333333,7500.0,1.36,Young,6-10 years,0,0,0.07979649,0,Low Risk
36,54000,RENT,14.0,PERSONAL,C,3800,,0.07,N,15,0.07037037037037037,4500.0,0.8444444444444444,Middle Age,10+ years,0,1,0.3309675,0,Medium Risk
26,95000,RENT,0.0,MEDICAL,B,6000,10.99,0.06,N,2,0.06315789473684211,7916.666666666667,0.7578947368421053,Adult,0-2 years,0,0,0.06456892,0,Low Risk
26,57600,RENT,10.0,DEBTCONSOLIDATION,D,2150,15.62,0.04,Y,3,0.03732638888888889,4800.0,0.4479166666666667,Adult,6-10 years,0,1,0.96994376,1,High Risk
24,40500,MORTGAGE,8.0,DEBTCONSOLIDATION,B,8500,10.99,0.21,N,3,0.20987654320987653,3375.0,2.5185185185185186,Young,6-10 years,0,1,0.17575935,0,Low Risk
28,38500,RENT,2.0,PERSONAL,B,12000,10.75,0.31,N,5,0.3116883116883117,3208.3333333333335,3.74025974025974,Adult,0-2 years,1,1,0.9697945,1,High Risk
27,96000,RENT,1.0,VENTURE,D,25000,16.89,0.26,Y,10,0.2604166666666667,8000.0,3.125,Adult,0-2 years,0,1,0.9590467,1,High Risk
26,53000,MORTGAGE,3.0,HOMEIMPROVEMENT,A,2800,6.03,0.05,N,4,0.052830188679245285,4416.666666666667,0.6339622641509434,Adult,3-5 years,0,0,0.09891043,0,Low Risk
26,34000,MORTGAGE,8.0,PERSONAL,A,6000,6.92,0.18,N,4,0.17647058823529413,2833.3333333333335,2.1176470588235294,Adult,6-10 years,0,0,0.3832525,0,Medium Risk
27,100000,OWN,5.0,VENTURE,A,6000,7.66,0.06,N,5,0.06,8333.333333333334,0.72,Adult,3-5 years,0,0,0.0003309658,0,Low Risk
25,154000,MORTGAGE,2.0,HOMEIMPROVEMENT,C,9200,12.61,0.06,Y,4,0.05974025974025974,12833.333333333334,0.7168831168831169,Young,0-2 years,0,0,0.10831434,0,Low Risk
31,83000,MORTGAGE,3.0,EDUCATION,A,7500,7.66,0.09,N,10,0.09036144578313253,6916.666666666667,1.0843373493975903,Adult,3-5 years,0,0,0.061129853,0,Low Risk
28,78000,OWN,12.0,MEDICAL,A,5250,5.79,0.07,N,10,0.0673076923076923,6500.0,0.8076923076923077,Adult,10+ years,0,0,0.0029658899,0,Low Risk
54,20000,RENT,2.0,MEDICAL,C,5000,,0.25,N,28,0.25,1666.6666666666667,3.0,Senior,0-2 years,0,0,0.17500123,0,Low Risk
27,20000,RENT,0.0,EDUCATION,B,5500,12.69,0.28,N,5,0.275,1666.6666666666667,3.3,Adult,0-2 years,0,0,0.26002836,0,Low Risk
34,60000,RENT,1.0,EDUCATION,B,10000,9.62,0.17,N,9,0.16666666666666666,5000.0,2.0,Adult,0-2 years,0,0,0.070214175,0,Low Risk
26,34000,MORTGAGE,4.0,PERSONAL,A,12250,6.91,0.36,N,4,0.3602941176470588,2833.3333333333335,4.323529411764706,Adult,3-5 years,1,1,0.4354094,0,Medium Risk
23,29472,RENT,3.0,DEBTCONSOLIDATION,C,11000,13.49,0.37,N,4,0.3732356134636265,2456.0,4.478827361563518,Young,3-5 years,1,1,0.9958359,1,High Risk
28,65000,MORTGAGE,4.0,HOMEIMPROVEMENT,A,2000,7.49,0.03,N,6,0.03076923076923077,5416.666666666667,0.3692307692307692,Adult,3-5 years,0,0,0.08028089,0,Low Risk
28,38000,MORTGAGE,5.0,VENTURE,A,8400,7.51,0.22,N,7,0.22105263157894736,3166.6666666666665,2.6526315789473687,Adult,3-5 years,0,0,0.013264822,0,Low Risk
24,39000,MORTGAGE,8.0,HOMEIMPROVEMENT,C,5000,,0.13,N,3,0.1282051282051282,3250.0,1.5384615384615385,Young,6-10 years,0,1,0.69392025,1,High Risk
54,22880,RENT,6.0,MEDICAL,B,7500,11.89,0.33,N,22,0.3277972027972028,1906.6666666666667,3.9335664335664333,Senior,6-10 years,1,1,0.9906944,1,High Risk
31,23766,RENT,1.0,MEDICAL,C,1800,13.06,0.08,N,7,0.07573844988639232,1980.5,0.9088613986367079,Adult,0-2 years,0,0,0.24998748,0,Low Risk
31,80000,RENT,5.0,EDUCATION,E,13750,16.7,0.17,N,6,0.171875,6666.666666666667,2.0625,Adult,3-5 years,0,0,0.2408923,0,Low Risk
28,34320,MORTGAGE,5.0,DEBTCONSOLIDATION,B,16000,12.69,0.47,N,7,0.4662004662004662,2860.0,5.594405594405594,Adult,3-5 years,1,0,0.39762715,0,Medium Risk
25,55000,RENT,3.0,HOMEIMPROVEMENT,B,6000,,0.11,N,3,0.10909090909090909,4583.333333333333,1.309090909090909,Young,3-5 years,0,0,0.2598531,0,Low Risk
21,45000,RENT,3.0,PERSONAL,A,3200,6.54,0.07,N,4,0.07111111111111111,3750.0,0.8533333333333334,Young,3-5 years,0,0,0.059612595,0,Low Risk
27,36000,RENT,5.0,EDUCATION,B,5000,9.63,0.14,N,8,0.1388888888888889,3000.0,1.6666666666666667,Adult,3-5 years,0,0,0.23332486,0,Low Risk
39,125000,MORTGAGE,13.0,DEBTCONSOLIDATION,A,4500,6.62,0.04,N,11,0.036,10416.666666666666,0.43200000000000005,Middle Age,10+ years,0,0,0.01325479,0,Low Risk
48,50016,OTHER,1.0,MEDICAL,B,10400,11.58,0.21,N,11,0.20793346129238643,4168.0,2.495201535508637,Middle Age,0-2 years,0,0,0.09364742,0,Low Risk
25,47000,RENT,0.0,MEDICAL,B,5000,12.42,0.11,N,4,0.10638297872340426,3916.6666666666665,1.2765957446808511,Young,0-2 years,0,0,0.27217862,0,Low Risk
27,47232,OWN,10.0,MEDICAL,A,8000,5.42,0.17,N,9,0.16937669376693767,3936.0,2.032520325203252,Adult,6-10 years,0,0,0.0064654863,0,Low Risk
32,45000,RENT,1.0,PERSONAL,A,5000,7.88,0.11,N,10,0.1111111111111111,3750.0,1.3333333333333333,Adult,0-2 years,0,0,0.05494993,0,Low Risk
31,34000,RENT,9.0,VENTURE,B,15000,9.88,0.44,N,6,0.4411764705882353,2833.3333333333335,5.294117647058823,Adult,6-10 years,1,1,0.99767727,1,High Risk
31,29736,RENT,4.0,EDUCATION,A,7000,6.92,0.24,N,8,0.23540489642184556,2478.0,2.824858757062147,Adult,3-5 years,0,0,0.33099973,0,Medium Risk
45,64000,MORTGAGE,8.0,PERSONAL,A,4800,8.9,0.07,N,17,0.075,5333.333333333333,0.9,Middle Age,6-10 years,0,1,0.130255,0,Low Risk
26,40000,RENT,0.0,MEDICAL,C,1800,13.23,0.04,Y,2,0.045,3333.3333333333335,0.5399999999999999,Adult,0-2 years,0,0,0.13102238,0,Low Risk
34,30000,RENT,3.0,PERSONAL,A,9050,5.99,0.3,N,9,0.3016666666666667,2500.0,3.62,Adult,3-5 years,1,0,0.20402761,0,Low Risk
33,18720,OWN,0.0,DEBTCONSOLIDATION,C,3500,13.16,0.19,Y,6,0.18696581196581197,1560.0,2.2435897435897436,Adult,0-2 years,0,1,0.997477,1,High Risk
31,46992,RENT,1.0,MEDICAL,B,11000,11.14,0.23,N,9,0.2340823970037453,3916.0,2.808988764044944,Adult,0-2 years,0,0,0.16503146,0,Low Risk
22,53500,RENT,2.0,EDUCATION,B,10000,9.99,0.19,N,3,0.18691588785046728,4458.333333333333,2.2429906542056077,Young,0-2 years,0,0,0.15782493,0,Low Risk
29,65000,MORTGAGE,5.0,MEDICAL,B,6000,10.36,0.09,N,7,0.09230769230769231,5416.666666666667,1.1076923076923075,Adult,3-5 years,0,0,0.08551043,0,Low Risk
22,70000,RENT,6.0,PERSONAL,B,13600,12.21,0.19,N,4,0.19428571428571428,5833.333333333333,2.3314285714285714,Young,6-10 years,0,0,0.10145207,0,Low Risk
41,47000,OWN,2.0,PERSONAL,A,14000,7.88,0.3,N,12,0.2978723404255319,3916.6666666666665,3.5744680851063833,Middle Age,0-2 years,1,0,0.002167166,0,Low Risk
27,125000,MORTGAGE,2.0,DEBTCONSOLIDATION,A,8000,6.76,0.06,N,6,0.064,10416.666666666666,0.768,Adult,0-2 years,0,0,0.012635058,0,Low Risk
21,23040,RENT,0.0,HOMEIMPROVEMENT,A,6000,7.9,0.26,N,2,0.2604166666666667,1920.0,3.125,Young,0-2 years,0,1,0.9643499,1,High Risk
40,70032,MORTGAGE,14.0,EDUCATION,B,14000,9.99,0.2,N,14,0.19990861320539183,5836.0,2.3989033584647017,Middle Age,10+ years,0,0,0.085412584,0,Low Risk
27,121000,MORTGAGE,3.0,HOMEIMPROVEMENT,A,16800,6.91,0.14,N,8,0.13884297520661157,10083.333333333334,1.6661157024793387,Adult,3-5 years,0,0,0.034527298,0,Low Risk
28,75000,RENT,0.0,EDUCATION,A,12000,6.03,0.16,N,6,0.16,6250.0,1.92,Adult,0-2 years,0,0,0.02972224,0,Low Risk
28,76000,RENT,2.0,MEDICAL,B,8500,,0.11,N,5,0.1118421052631579,6333.333333333333,1.3421052631578947,Adult,0-2 years,0,0,0.14900906,0,Low Risk
25,78000,MORTGAGE,9.0,EDUCATION,A,8000,5.79,0.1,N,2,0.10256410256410256,6500.0,1.2307692307692308,Young,6-10 years,0,0,0.21165673,0,Low Risk
26,114000,MORTGAGE,4.0,HOMEIMPROVEMENT,B,6000,10.0,0.05,N,2,0.05263157894736842,9500.0,0.631578947368421,Adult,3-5 years,0,1,0.076415844,0,Low Risk
22,53000,MORTGAGE,6.0,DEBTCONSOLIDATION,C,1000,15.27,0.02,Y,4,0.018867924528301886,4416.666666666667,0.22641509433962262,Young,6-10 years,0,0,0.34386358,0,Medium Risk
28,35000,RENT,5.0,MEDICAL,D,10000,14.61,0.29,N,7,0.2857142857142857,2916.6666666666665,3.428571428571429,Adult,3-5 years,0,0,0.7846609,1,High Risk
24,35000,RENT,4.0,EDUCATION,B,2000,10.59,0.06,N,3,0.05714285714285714,2916.6666666666665,0.6857142857142857,Young,3-5 years,0,0,0.15752761,0,Low Risk
26,50000,MORTGAGE,7.0,VENTURE,A,7200,6.62,0.14,N,2,0.144,4166.666666666667,1.728,Adult,6-10 years,0,0,0.002695548,0,Low Risk
23,75000,RENT,1.0,PERSONAL,A,6000,6.03,0.08,N,4,0.08,6250.0,0.96,Young,0-2 years,0,0,0.030290127,0,Low Risk
30,38000,OWN,0.0,HOMEIMPROVEMENT,B,6000,11.58,0.16,N,8,0.15789473684210525,3166.6666666666665,1.8947368421052633,Adult,0-2 years,0,0,0.0059749805,0,Low Risk
25,160000,MORTGAGE,3.0,VENTURE,C,20000,13.47,0.13,Y,2,0.125,13333.333333333334,1.5,Young,3-5 years,0,0,0.10917736,0,Low Risk
22,54000,RENT,0.0,DEBTCONSOLIDATION,C,7000,13.61,0.13,N,4,0.12962962962962962,4500.0,1.5555555555555556,Young,0-2 years,0,0,0.41298714,0,Medium Risk
27,52000,MORTGAGE,4.0,DEBTCONSOLIDATION,A,8000,8.9,0.15,N,10,0.15384615384615385,4333.333333333333,1.8461538461538463,Adult,3-5 years,0,0,0.08200789,0,Low Risk
37,60000,MORTGAGE,4.0,DEBTCONSOLIDATION,C,12000,12.73,0.2,N,15,0.2,5000.0,2.4,Middle Age,3-5 years,0,0,0.10524809,0,Low Risk
29,93000,MORTGAGE,9.0,PERSONAL,E,20000,16.82,0.22,N,8,0.21505376344086022,7750.0,2.5806451612903225,Adult,6-10 years,0,0,0.27740484,0,Low Risk
37,50000,MORTGAGE,15.0,VENTURE,A,8400,6.03,0.17,N,11,0.168,4166.666666666667,2.016,Middle Age,10+ years,0,0,0.0013872888,0,Low Risk
26,70000,MORTGAGE,3.0,PERSONAL,C,5400,12.53,0.08,N,4,0.07714285714285714,5833.333333333333,0.9257142857142857,Adult,3-5 years,0,0,0.08856529,0,Low Risk
32,38300,RENT,4.0,MEDICAL,B,5000,10.25,0.13,N,9,0.13054830287206268,3191.6666666666665,1.566579634464752,Adult,3-5 years,0,0,0.1911848,0,Low Risk
46,50004,MORTGAGE,5.0,PERSONAL,A,3000,8.59,0.06,N,13,0.059995200383969285,4167.0,0.7199424046076314,Middle Age,3-5 years,0,0,0.03395656,0,Low Risk
23,87000,RENT,1.0,DEBTCONSOLIDATION,B,7500,10.33,0.09,N,2,0.08620689655172414,7250.0,1.0344827586206897,Young,0-2 years,0,0,0.11601638,0,Low Risk
29,39996,RENT,0.0,PERSONAL,C,4000,,0.1,N,9,0.1000100010001,3333.0,1.2001200120012,Adult,0-2 years,0,0,0.16333917,0,Low Risk
24,21000,RENT,0.0,EDUCATION,C,4000,13.43,0.19,N,2,0.19047619047619047,1750.0,2.2857142857142856,Young,0-2 years,0,0,0.24393445,0,Low Risk
21,15000,OWN,0.0,HOMEIMPROVEMENT,C,3175,11.54,0.21,Y,3,0.21166666666666667,1250.0,2.54,Young,0-2 years,0,1,0.99967945,1,High Risk
30,91000,MORTGAGE,7.0,EDUCATION,A,33950,7.9,0.37,N,7,0.3730769230769231,7583.333333333333,4.476923076923077,Adult,6-10 years,1,0,0.11177963,0,Low Risk
26,63000,MORTGAGE,10.0,HOMEIMPROVEMENT,A,3500,7.68,0.06,N,4,0.05555555555555555,5250.0,0.6666666666666666,Adult,6-10 years,0,0,0.16894606,0,Low Risk
21,35000,OWN,2.0,VENTURE,C,7200,15.23,0.21,N,4,0.2057142857142857,2916.6666666666665,2.468571428571429,Young,0-2 years,0,0,0.003910867,0,Low Risk
45,51000,MORTGAGE,2.0,MEDICAL,A,7000,7.88,0.14,N,12,0.13725490196078433,4250.0,1.6470588235294117,Middle Age,0-2 years,0,0,0.07488188,0,Low Risk
47,65000,RENT,9.0,EDUCATION,A,12000,5.42,0.18,N,17,0.18461538461538463,5416.666666666667,2.215384615384615,Middle Age,6-10 years,0,0,0.013793095,0,Low Risk
23,36000,RENT,3.0,VENTURE,C,15000,13.49,0.42,Y,3,0.4166666666666667,3000.0,5.0,Young,3-5 years,1,1,0.9919437,1,High Risk
28,20400,RENT,12.0,EDUCATION,A,6000,6.03,0.29,N,8,0.29411764705882354,1700.0,3.5294117647058822,Adult,10+ years,0,0,0.3907266,0,Medium Risk
32,75000,RENT,6.0,HOMEIMPROVEMENT,B,15000,8.88,0.2,N,9,0.2,6250.0,2.4,Adult,6-10 years,0,1,0.14653221,0,Low Risk
35,45000,RENT,3.0,DEBTCONSOLIDATION,C,15000,,0.33,N,8,0.3333333333333333,3750.0,4.0,Adult,3-5 years,1,1,0.9861541,1,High Risk
21,38400,RENT,5.0,VENTURE,B,2000,,0.05,N,2,0.052083333333333336,3200.0,0.625,Young,3-5 years,0,0,0.01454481,0,Low Risk
27,36400,RENT,5.0,MEDICAL,A,9000,7.49,0.25,N,8,0.24725274725274726,3033.3333333333335,2.9670329670329667,Adult,3-5 years,0,0,0.124161586,0,Low Risk
36,37008,RENT,8.0,VENTURE,C,6000,14.79,0.16,Y,14,0.1621271076523995,3084.0,1.9455252918287937,Middle Age,6-10 years,0,0,0.22338474,0,Low Risk
36,145000,RENT,0.0,MEDICAL,B,25000,,0.17,N,15,0.1724137931034483,12083.333333333334,2.068965517241379,Middle Age,0-2 years,0,0,0.1874252,0,Low Risk
50,54996,RENT,0.0,DEBTCONSOLIDATION,C,5000,13.47,0.09,N,14,0.09091570296021528,4583.0,1.0909884355225834,Middle Age,0-2 years,0,0,0.2678753,0,Low Risk
27,47000,RENT,3.0,EDUCATION,C,9000,12.98,0.19,N,7,0.19148936170212766,3916.6666666666665,2.297872340425532,Adult,3-5 years,0,0,0.23464355,0,Low Risk
24,56000,RENT,6.0,PERSONAL,A,9000,7.29,0.16,N,2,0.16071428571428573,4666.666666666667,1.9285714285714284,Young,6-10 years,0,0,0.1350734,0,Low Risk
22,33000,RENT,6.0,EDUCATION,B,9000,11.99,0.27,N,4,0.2727272727272727,2750.0,3.272727272727273,Young,6-10 years,0,0,0.5867333,1,Medium Risk
22,30000,RENT,0.0,EDUCATION,B,5000,10.33,0.17,N,3,0.16666666666666666,2500.0,2.0,Young,0-2 years,0,0,0.31274593,0,Medium Risk
24,56000,RENT,8.0,VENTURE,B,12000,11.49,0.21,N,2,0.21428571428571427,4666.666666666667,2.571428571428571,Young,6-10 years,0,0,0.03460532,0,Low Risk
26,7904,MORTGAGE,0.0,HOMEIMPROVEMENT,B,500,10.71,0.06,N,3,0.06325910931174089,658.6666666666666,0.7591093117408907,Adult,0-2 years,0,0,0.30961883,0,Medium Risk
30,52000,MORTGAGE,7.0,PERSONAL,D,5500,14.96,0.11,Y,10,0.10576923076923077,4333.333333333333,1.2692307692307694,Adult,6-10 years,0,0,0.5304787,1,Medium Risk
27,82500,MORTGAGE,3.0,PERSONAL,A,11100,8.94,0.13,N,5,0.13454545454545455,6875.0,1.6145454545454545,Adult,3-5 years,0,0,0.06413536,0,Low Risk
22,45000,RENT,7.0,EDUCATION,C,6200,13.79,0.14,N,3,0.13777777777777778,3750.0,1.6533333333333333,Young,6-10 years,0,0,0.21478039,0,Low Risk
21,24000,RENT,,MEDICAL,C,10000,13.48,0.42,N,2,0.4166666666666667,2000.0,5.0,Young,,1,1,0.99497,1,High Risk
24,54000,MORTGAGE,6.0,HOMEIMPROVEMENT,C,6300,14.65,0.12,Y,2,0.11666666666666667,4500.0,1.4,Young,6-10 years,0,1,0.6342062,1,High Risk
28,40000,RENT,2.0,MEDICAL,C,7500,,0.19,N,7,0.1875,3333.3333333333335,2.25,Adult,0-2 years,0,0,0.11366251,0,Low Risk
22,169000,RENT,1.0,PERSONAL,B,14000,11.14,0.08,N,3,0.08284023668639054,14083.333333333334,0.9940828402366864,Young,0-2 years,0,0,0.05876122,0,Low Risk
32,117000,RENT,0.0,PERSONAL,E,12000,17.93,0.1,Y,10,0.10256410256410256,9750.0,1.2307692307692308,Adult,0-2 years,0,1,0.9249001,1,High Risk
26,45000,RENT,3.0,PERSONAL,D,8000,15.33,0.18,Y,4,0.17777777777777778,3750.0,2.1333333333333333,Adult,3-5 years,0,0,0.4375211,0,Medium Risk
30,30000,RENT,1.0,PERSONAL,B,14500,,0.48,N,8,0.48333333333333334,2500.0,5.8,Adult,0-2 years,1,1,0.9952939,1,High Risk
22,31200,RENT,3.0,PERSONAL,B,7500,9.91,0.24,N,4,0.2403846153846154,2600.0,2.8846153846153846,Young,3-5 years,0,0,0.47705242,0,Medium Risk
35,60000,OWN,1.0,PERSONAL,D,5000,15.7,0.08,N,9,0.08333333333333333,5000.0,1.0,Adult,0-2 years,0,0,0.0053603663,0,Low Risk
25,63900,RENT,1.0,VENTURE,A,8000,6.03,0.13,N,2,0.12519561815336464,5325.0,1.5023474178403755,Young,0-2 years,0,0,0.0055407817,0,Low Risk
53,85000,RENT,2.0,MEDICAL,A,8000,7.74,0.09,N,28,0.09411764705882353,7083.333333333333,1.1294117647058823,Senior,0-2 years,0,0,0.03085499,0,Low Risk
22,36000,RENT,4.0,MEDICAL,B,4200,9.91,0.12,N,2,0.11666666666666667,3000.0,1.4,Young,3-5 years,0,1,0.23235303,0,Low Risk
26,30000,MORTGAGE,0.0,VENTURE,A,3500,8.0,0.12,N,4,0.11666666666666667,2500.0,1.4,Adult,0-2 years,0,0,0.02196668,0,Low Risk
25,93000,RENT,3.0,HOMEIMPROVEMENT,B,12000,,0.13,N,3,0.12903225806451613,7750.0,1.5483870967741935,Young,3-5 years,0,0,0.08952182,0,Low Risk
24,33600,RENT,0.0,PERSONAL,C,7000,13.61,0.21,Y,4,0.20833333333333334,2800.0,2.5,Young,0-2 years,0,0,0.50160724,1,Medium Risk
25,54000,RENT,7.0,HOMEIMPROVEMENT,C,10700,,0.2,Y,2,0.19814814814814816,4500.0,2.3777777777777778,Young,6-10 years,0,1,0.5805699,1,Medium Risk
31,80000,MORTGAGE,5.0,VENTURE,A,6000,7.4,0.07,N,9,0.075,6666.666666666667,0.8999999999999999,Adult,3-5 years,0,0,0.00307072,0,Low Risk
30,77000,MORTGAGE,2.0,PERSONAL,B,25000,12.18,0.32,N,10,0.3246753246753247,6416.666666666667,3.896103896103896,Adult,0-2 years,1,0,0.37834755,0,Medium Risk
24,38112,RENT,2.0,PERSONAL,A,6800,7.68,0.18,N,3,0.17842149454240133,3176.0,2.141057934508816,Young,0-2 years,0,0,0.09881538,0,Low Risk
21,26500,MORTGAGE,3.0,MEDICAL,D,6000,14.46,0.23,Y,4,0.22641509433962265,2208.3333333333335,2.7169811320754715,Young,3-5 years,0,1,0.95228404,1,High Risk
22,83000,OWN,6.0,DEBTCONSOLIDATION,D,25000,15.95,0.3,Y,4,0.30120481927710846,6916.666666666667,3.614457831325301,Young,6-10 years,1,0,0.08735063,0,Low Risk
23,42000,RENT,3.0,DEBTCONSOLIDATION,B,1500,10.71,0.04,N,2,0.03571428571428571,3500.0,0.42857142857142855,Young,3-5 years,0,0,0.29820314,0,Low Risk
22,45000,RENT,0.0,PERSONAL,A,10500,6.99,0.23,N,2,0.23333333333333334,3750.0,2.8,Young,0-2 years,0,0,0.08279392,0,Low Risk
28,97296,MORTGAGE,12.0,HOMEIMPROVEMENT,B,6500,12.42,0.07,N,8,0.06680644630817299,8108.0,0.801677355698076,Adult,10+ years,0,0,0.09917181,0,Low Risk
31,24000,RENT,0.0,MEDICAL,A,3500,6.17,0.15,N,6,0.14583333333333334,2000.0,1.75,Adult,0-2 years,0,0,0.07700763,0,Low Risk
23,51600,MORTGAGE,1.0,PERSONAL,B,4800,10.99,0.09,N,3,0.09302325581395349,4300.0,1.1162790697674418,Young,0-2 years,0,1,0.28094965,0,Low Risk
24,55000,RENT,5.0,VENTURE,A,9500,9.63,0.17,N,4,0.17272727272727273,4583.333333333333,2.0727272727272728,Young,3-5 years,0,0,0.00731976,0,Low Risk
36,17640,OWN,4.0,HOMEIMPROVEMENT,A,5875,7.9,0.33,N,12,0.3330498866213152,1470.0,3.996598639455782,Middle Age,3-5 years,1,1,0.99703085,1,High Risk
21,19000,OWN,5.0,MEDICAL,A,6000,8.49,0.32,N,3,0.3157894736842105,1583.3333333333333,3.7894736842105265,Young,3-5 years,1,1,0.9981115,1,High Risk
30,82500,RENT,5.0,VENTURE,A,2400,8.9,0.03,N,5,0.02909090909090909,6875.0,0.3490909090909091,Adult,3-5 years,0,0,0.007453532,0,Low Risk
24,89000,OWN,7.0,HOMEIMPROVEMENT,D,15000,17.58,0.17,N,4,0.16853932584269662,7416.666666666667,2.0224719101123596,Young,6-10 years,0,0,0.006133419,0,Low Risk
28,85000,MORTGAGE,3.0,DEBTCONSOLIDATION,B,20000,9.62,0.24,N,5,0.23529411764705882,7083.333333333333,2.823529411764706,Adult,3-5 years,0,0,0.14578038,0,Low Risk
39,70000,OWN,0.0,VENTURE,A,8000,,0.11,N,12,0.11428571428571428,5833.333333333333,1.3714285714285714,Middle Age,0-2 years,0,0,0.0004323431,0,Low Risk
23,45000,RENT,0.0,VENTURE,B,4500,9.25,0.1,N,4,0.1,3750.0,1.2,Young,0-2 years,0,0,0.0077620596,0,Low Risk
28,51000,MORTGAGE,1.0,PERSONAL,A,4775,7.49,0.09,N,6,0.09362745098039216,4250.0,1.1235294117647059,Adult,0-2 years,0,1,0.19015223,0,Low Risk
22,60000,MORTGAGE,6.0,MEDICAL,A,6125,6.17,0.1,N,2,0.10208333333333333,5000.0,1.225,Young,6-10 years,0,0,0.04718289,0,Low Risk
22,97000,MORTGAGE,4.0,DEBTCONSOLIDATION,B,14000,11.48,0.14,N,2,0.14432989690721648,8083.333333333333,1.731958762886598,Young,3-5 years,0,1,0.070350595,0,Low Risk
24,42000,RENT,4.0,EDUCATION,A,10200,7.49,0.24,N,4,0.24285714285714285,3500.0,2.914285714285714,Young,3-5 years,0,0,0.097022526,0,Low Risk
26,60000,MORTGAGE,10.0,DEBTCONSOLIDATION,A,6000,8.94,0.1,N,4,0.1,5000.0,1.2,Adult,6-10 years,0,0,0.09203715,0,Low Risk
40,132000,RENT,18.0,EDUCATION,C,11200,12.68,0.08,Y,11,0.08484848484848485,11000.0,1.018181818181818,Middle Age,10+ years,0,0,0.12203915,0,Low Risk
29,40000,OWN,0.0,MEDICAL,A,5000,5.42,0.13,N,5,0.125,3333.3333333333335,1.5,Adult,0-2 years,0,0,0.002138078,0,Low Risk
30,45000,MORTGAGE,11.0,VENTURE,C,10000,13.57,0.22,Y,6,0.2222222222222222,3750.0,2.6666666666666665,Adult,10+ years,0,0,0.3218484,0,Medium Risk
27,73000,MORTGAGE,0.0,HOMEIMPROVEMENT,B,10500,11.83,0.14,N,6,0.14383561643835616,6083.333333333333,1.726027397260274,Adult,0-2 years,0,1,0.36358297,0,Medium Risk
23,77000,RENT,2.0,DEBTCONSOLIDATION,B,16000,11.14,0.21,N,3,0.2077922077922078,6416.666666666667,2.4935064935064934,Young,0-2 years,0,0,0.26766372,0,Low Risk
27,55000,RENT,1.0,EDUCATION,A,17000,7.88,0.31,N,5,0.3090909090909091,4583.333333333333,3.7090909090909094,Adult,0-2 years,1,1,0.9805212,1,High Risk
26,75000,MORTGAGE,10.0,EDUCATION,A,9600,5.42,0.13,N,3,0.128,6250.0,1.536,Adult,6-10 years,0,0,0.099389516,0,Low Risk
26,44000,RENT,4.0,HOMEIMPROVEMENT,G,12500,22.11,0.28,Y,2,0.2840909090909091,3666.6666666666665,3.409090909090909,Adult,3-5 years,0,1,0.99342763,1,High Risk
29,32108,RENT,4.0,VENTURE,E,2500,15.68,0.08,Y,5,0.07786221502429301,2675.6666666666665,0.9343465802915162,Adult,3-5 years,0,1,0.7334394,1,High Risk
31,80000,OWN,13.0,MEDICAL,A,12000,5.79,0.15,N,10,0.15,6666.666666666667,1.7999999999999998,Adult,10+ years,0,0,0.0008168708,0,Low Risk
22,69500,RENT,6.0,DEBTCONSOLIDATION,B,6000,10.65,0.09,N,4,0.08633093525179857,5791.666666666667,1.0359712230215827,Young,6-10 years,0,0,0.11864001,0,Low Risk
37,800000,MORTGAGE,10.0,DEBTCONSOLIDATION,B,15000,11.36,0.02,N,17,0.01875,66666.66666666667,0.22499999999999998,Middle Age,6-10 years,0,0,0.058976766,0,Low Risk
23,26000,MORTGAGE,7.0,MEDICAL,A,5000,7.91,0.19,N,2,0.19230769230769232,2166.6666666666665,2.307692307692308,Young,6-10 years,0,0,0.37420577,0,Medium Risk
22,47000,RENT,0.0,VENTURE,B,6550,10.65,0.14,N,2,0.13936170212765958,3916.6666666666665,1.672340425531915,Young,0-2 years,0,0,0.013564708,0,Low Risk
22,35000,MORTGAGE,6.0,PERSONAL,C,7500,11.34,0.21,Y,2,0.21428571428571427,2916.6666666666665,2.5714285714285716,Young,6-10 years,0,0,0.25942805,0,Low Risk
33,117300,MORTGAGE,3.0,MEDICAL,D,16000,15.99,0.12,N,5,0.13640238704177324,9775.0,1.6368286445012787,Adult,3-5 years,0,1,0.95518917,1,High Risk
24,28596,RENT,5.0,EDUCATION,B,1500,11.46,0.05,N,4,0.05245488879563575,2383.0,0.6294586655476291,Young,3-5 years,0,0,0.3640231,0,Medium Risk
37,59000,MORTGAGE,10.0,MEDICAL,D,12000,15.62,0.2,Y,12,0.2033898305084746,4916.666666666667,2.4406779661016946,Middle Age,6-10 years,0,1,0.9725522,1,High Risk
24,90000,RENT,3.0,HOMEIMPROVEMENT,B,15000,11.86,0.17,N,2,0.16666666666666666,7500.0,2.0,Young,3-5 years,0,0,0.10317805,0,Low Risk
39,403750,MORTGAGE,10.0,MEDICAL,B,35000,,0.07,N,11,0.08668730650154799,33645.833333333336,1.0402476780185759,Middle Age,6-10 years,0,1,0.18305145,0,Low Risk
26,64800,MORTGAGE,5.0,EDUCATION,B,2000,11.99,0.03,N,3,0.030864197530864196,5400.0,0.37037037037037035,Adult,3-5 years,0,0,0.073242284,0,Low Risk
22,35350,RENT,3.0,DEBTCONSOLIDATION,B,7000,9.99,0.2,N,3,0.19801980198019803,2945.8333333333335,2.376237623762376,Young,3-5 years,0,0,0.2411411,0,Low Risk
27,95004,MORTGAGE,1.0,PERSONAL,A,15000,7.51,0.16,N,9,0.15788808892257167,7917.0,1.8946570670708602,Adult,0-2 years,0,0,0.025244555,0,Low Risk
35,48000,RENT,6.0,MEDICAL,A,17000,7.88,0.35,N,6,0.3541666666666667,4000.0,4.25,Adult,6-10 years,1,1,0.9865023,1,High Risk
48,110000,MORTGAGE,6.0,EDUCATION,A,6000,8.94,0.05,N,14,0.05454545454545454,9166.666666666666,0.6545454545454545,Middle Age,6-10 years,0,0,0.024644548,0,Low Risk
28,40000,RENT,0.0,EDUCATION,B,10000,12.42,0.25,N,5,0.25,3333.3333333333335,3.0,Adult,0-2 years,0,0,0.14168522,0,Low Risk
30,75689,MORTGAGE,13.0,HOMEIMPROVEMENT,C,10000,13.48,0.13,N,8,0.1321195946570836,6307.416666666667,1.585435135885003,Adult,10+ years,0,0,0.21894372,0,Low Risk
25,48000,RENT,9.0,PERSONAL,B,15000,,0.31,N,2,0.3125,4000.0,3.75,Young,6-10 years,1,1,0.9854693,1,High Risk
24,128000,MORTGAGE,4.0,EDUCATION,A,12000,6.03,0.09,N,2,0.09375,10666.666666666666,1.125,Young,3-5 years,0,0,0.01757266,0,Low Risk
22,57564,MORTGAGE,6.0,MEDICAL,B,21000,11.48,0.36,N,3,0.36481134042109653,4797.0,4.377736085053158,Young,6-10 years,1,0,0.4509676,0,Medium Risk
36,120000,MORTGAGE,12.0,DEBTCONSOLIDATION,A,14500,5.42,0.12,N,15,0.12083333333333333,10000.0,1.45,Middle Age,10+ years,0,0,0.068229295,0,Low Risk
37,114000,RENT,10.0,VENTURE,F,25000,,0.22,N,13,0.21929824561403508,9500.0,2.6315789473684212,Middle Age,6-10 years,0,0,0.22442476,0,Low Risk
24,110000,RENT,7.0,VENTURE,D,24000,15.62,0.22,N,4,0.21818181818181817,9166.666666666666,2.618181818181818,Young,6-10 years,0,0,0.24778621,0,Low Risk
24,110000,RENT,4.0,DEBTCONSOLIDATION,B,18000,12.18,0.16,N,4,0.16363636363636364,9166.666666666666,1.9636363636363638,Young,3-5 years,0,0,0.099906676,0,Low Risk
22,49000,RENT,1.0,EDUCATION,D,5000,15.62,0.1,Y,4,0.10204081632653061,4083.3333333333335,1.2244897959183674,Young,0-2 years,0,1,0.9808857,1,High Risk
23,45000,MORTGAGE,2.0,PERSONAL,A,3000,7.05,0.07,N,3,0.06666666666666667,3750.0,0.8,Young,0-2 years,0,0,0.057930615,0,Low Risk
35,17640,OWN,,PERSONAL,D,4000,16.29,0.23,N,8,0.22675736961451248,1470.0,2.7210884353741496,Adult,,0,1,0.9947044,1,High Risk
25,65000,MORTGAGE,3.0,EDUCATION,C,10000,12.99,0.15,N,2,0.15384615384615385,5416.666666666667,1.846153846153846,Young,3-5 years,0,0,0.118218474,0,Low Risk
31,45504,MORTGAGE,3.0,EDUCATION,B,7000,9.88,0.15,N,8,0.15383263009845288,3792.0,1.8459915611814346,Adult,3-5 years,0,0,0.16172738,0,Low Risk
36,65004,RENT,3.0,EDUCATION,D,20000,15.33,0.31,N,15,0.3076733739462187,5417.0,3.6920804873546245,Middle Age,3-5 years,1,1,0.98674923,1,High Risk
28,25200,RENT,5.0,PERSONAL,D,11500,14.46,0.46,Y,6,0.45634920634920634,2100.0,5.476190476190476,Adult,3-5 years,1,1,0.9952512,1,High Risk
31,77000,RENT,2.0,PERSONAL,A,15000,8.38,0.19,N,8,0.19480519480519481,6416.666666666667,2.3376623376623376,Adult,0-2 years,0,0,0.10804016,0,Low Risk
22,91000,RENT,2.0,PERSONAL,B,8000,11.86,0.09,N,3,0.08791208791208792,7583.333333333333,1.054945054945055,Young,0-2 years,0,0,0.08645533,0,Low Risk
23,95327,OWN,4.0,VENTURE,A,4325,7.74,0.05,N,2,0.04537014696780555,7943.916666666667,0.5444417636136666,Young,3-5 years,0,0,0.00028760332,0,Low Risk
29,86400,MORTGAGE,12.0,PERSONAL,C,8000,12.99,0.09,N,8,0.09259259259259259,7200.0,1.1111111111111112,Adult,10+ years,0,0,0.24002026,0,Low Risk
24,40000,RENT,1.0,PERSONAL,B,3000,10.74,0.07,N,3,0.075,3333.3333333333335,0.8999999999999999,Young,0-2 years,0,0,0.1405975,0,Low Risk
26,65000,MORTGAGE,3.0,VENTURE,A,10000,7.29,0.15,N,3,0.15384615384615385,5416.666666666667,1.846153846153846,Adult,3-5 years,0,0,0.003201567,0,Low Risk
25,76800,MORTGAGE,8.0,EDUCATION,A,6500,5.79,0.08,N,4,0.08463541666666667,6400.0,1.015625,Young,6-10 years,0,0,0.067940705,0,Low Risk
27,120000,MORTGAGE,11.0,PERSONAL,A,7000,6.76,0.06,N,5,0.058333333333333334,10000.0,0.7,Adult,10+ years,0,0,0.013540331,0,Low Risk
47,44000,OWN,3.0,HOMEIMPROVEMENT,B,4000,11.14,0.09,N,16,0.09090909090909091,3666.6666666666665,1.090909090909091,Middle Age,3-5 years,0,0,0.010313648,0,Low Risk
24,79768,OWN,2.0,EDUCATION,C,12000,13.49,0.15,Y,4,0.15043626516899006,6647.333333333333,1.805235182027881,Young,0-2 years,0,0,0.0037986669,0,Low Risk
24,18500,MORTGAGE,8.0,PERSONAL,A,5000,9.32,0.27,N,3,0.2702702702702703,1541.6666666666667,3.243243243243243,Young,6-10 years,0,1,0.99613,1,High Risk
22,42000,RENT,3.0,MEDICAL,B,8550,11.99,0.2,N,2,0.20357142857142857,3500.0,2.442857142857143,Young,3-5 years,0,0,0.30584654,0,Medium Risk
21,30000,RENT,1.0,VENTURE,D,14500,14.59,0.48,Y,2,0.48333333333333334,2500.0,5.8,Young,0-2 years,1,1,0.9982041,1,High Risk
25,73000,MORTGAGE,8.0,DEBTCONSOLIDATION,C,3500,13.23,0.05,N,2,0.04794520547945205,6083.333333333333,0.5753424657534247,Young,6-10 years,0,0,0.2644565,0,Low Risk
26,76000,MORTGAGE,10.0,HOMEIMPROVEMENT,A,5425,8.49,0.07,N,3,0.07138157894736842,6333.333333333333,0.8565789473684211,Adult,6-10 years,0,0,0.22838536,0,Low Risk
45,140000,MORTGAGE,18.0,HOMEIMPROVEMENT,A,7000,7.29,0.05,N,17,0.05,11666.666666666666,0.6,Middle Age,10+ years,0,0,0.022359252,0,Low Risk
23,75000,RENT,5.0,DEBTCONSOLIDATION,B,8000,10.74,0.11,N,3,0.10666666666666667,6250.0,1.28,Young,3-5 years,0,0,0.20454895,0,Low Risk
27,72000,MORTGAGE,11.0,MEDICAL,C,9500,13.99,0.13,N,6,0.13194444444444445,6000.0,1.5833333333333333,Adult,10+ years,0,0,0.33264893,0,Medium Risk
24,70550,RENT,8.0,MEDICAL,D,9000,15.05,0.11,Y,2,0.12756909992912827,5879.166666666667,1.5308291991495393,Young,6-10 years,0,1,0.958251,1,High Risk
23,50000,MORTGAGE,3.0,PERSONAL,A,6000,6.92,0.12,N,2,0.12,4166.666666666667,1.44,Young,3-5 years,0,0,0.032510154,0,Low Risk
41,34800,RENT,4.0,DEBTCONSOLIDATION,B,5000,11.99,0.14,N,14,0.14367816091954022,2900.0,1.7241379310344827,Middle Age,3-5 years,0,0,0.42977372,0,Medium Risk
24,78000,MORTGAGE,3.0,DEBTCONSOLIDATION,B,20000,10.37,0.26,N,2,0.2564102564102564,6500.0,3.076923076923077,Young,3-5 years,0,0,0.31962305,0,Medium Risk
24,36396,RENT,8.0,DEBTCONSOLIDATION,A,5000,6.03,0.14,N,3,0.13737773381690296,3033.0,1.6485328058028355,Young,6-10 years,0,0,0.14555575,0,Low Risk
29,40000,MORTGAGE,8.0,EDUCATION,A,8000,8.59,0.2,N,10,0.2,3333.3333333333335,2.4,Adult,6-10 years,0,0,0.07165797,0,Low Risk
40,32400,RENT,1.0,DEBTCONSOLIDATION,B,10000,10.0,0.31,N,14,0.30864197530864196,2700.0,3.7037037037037037,Middle Age,0-2 years,1,1,0.9855011,1,High Risk
24,72444,MORTGAGE,7.0,EDUCATION,B,25000,10.74,0.35,N,3,0.3450941416818508,6037.0,4.141129700182209,Young,6-10 years,1,0,0.28772154,0,Low Risk
33,86000,RENT,0.0,DEBTCONSOLIDATION,A,4700,9.63,0.05,N,7,0.05465116279069768,7166.666666666667,0.655813953488372,Adult,0-2 years,0,0,0.0685719,0,Low Risk
23,78000,RENT,7.0,DEBTCONSOLIDATION,F,30000,18.62,0.38,Y,3,0.38461538461538464,6500.0,4.615384615384615,Young,6-10 years,1,1,0.9978834,1,High Risk
26,33280,RENT,11.0,DEBTCONSOLIDATION,D,5000,14.11,0.15,N,4,0.1502403846153846,2773.3333333333335,1.8028846153846152,Adult,10+ years,0,1,0.9778767,1,High Risk
31,100000,MORTGAGE,8.0,VENTURE,B,7000,10.08,0.07,N,10,0.07,8333.333333333334,0.84,Adult,6-10 years,0,0,0.0049675335,0,Low Risk
22,60000,MORTGAGE,6.0,MEDICAL,A,17500,7.88,0.29,N,4,0.2916666666666667,5000.0,3.5,Young,6-10 years,0,0,0.08733577,0,Low Risk
29,40000,MORTGAGE,9.0,VENTURE,A,5000,6.99,0.13,N,9,0.125,3333.3333333333335,1.5,Adult,6-10 years,0,0,0.0051412988,0,Low Risk
24,156000,MORTGAGE,8.0,EDUCATION,B,15000,10.25,0.1,N,3,0.09615384615384616,13000.0,1.1538461538461537,Young,6-10 years,0,0,0.058163635,0,Low Risk
27,32000,RENT,1.0,DEBTCONSOLIDATION,A,5800,7.49,0.18,N,5,0.18125,2666.6666666666665,2.1750000000000003,Adult,0-2 years,0,0,0.26733294,0,Low Risk
23,65000,RENT,2.0,DEBTCONSOLIDATION,C,8000,14.72,0.12,Y,2,0.12307692307692308,5416.666666666667,1.4769230769230768,Young,0-2 years,0,0,0.24712905,0,Low Risk
28,216000,MORTGAGE,12.0,VENTURE,D,15000,16.02,0.07,Y,8,0.06944444444444445,18000.0,0.8333333333333334,Adult,10+ years,0,0,0.24226537,0,Low Risk
24,29232,MORTGAGE,1.0,PERSONAL,B,11000,11.71,0.38,N,4,0.3762999452654625,2436.0,4.51559934318555,Young,0-2 years,1,1,0.7437443,1,High Risk
21,20400,RENT,2.0,PERSONAL,B,4500,10.99,0.22,N,2,0.22058823529411764,1700.0,2.6470588235294117,Young,0-2 years,0,0,0.2822494,0,Low Risk
49,77000,MORTGAGE,4.0,DEBTCONSOLIDATION,D,16000,14.09,0.21,Y,12,0.2077922077922078,6416.666666666667,2.4935064935064934,Middle Age,3-5 years,0,1,0.98563796,1,High Risk
23,75000,MORTGAGE,7.0,MEDICAL,B,6000,10.99,0.08,N,3,0.08,6250.0,0.96,Young,6-10 years,0,0,0.21993464,0,Low Risk
28,60000,RENT,0.0,HOMEIMPROVEMENT,C,3500,,0.06,Y,10,0.058333333333333334,5000.0,0.7,Adult,0-2 years,0,0,0.13223648,0,Low Risk
43,142500,MORTGAGE,7.0,MEDICAL,B,20000,11.49,0.14,N,15,0.14035087719298245,11875.0,1.6842105263157894,Middle Age,6-10 years,0,0,0.21571246,0,Low Risk
25,29004,RENT,0.0,PERSONAL,C,5600,13.79,0.19,N,4,0.1930768169907599,2417.0,2.3169218038891186,Young,0-2 years,0,1,0.5078836,1,Medium Risk
26,84191,MORTGAGE,5.0,PERSONAL,A,9000,6.62,0.11,N,3,0.10689978738820063,7015.916666666667,1.2827974486584075,Adult,3-5 years,0,0,0.025446901,0,Low Risk
30,75000,MORTGAGE,4.0,VENTURE,B,15000,11.48,0.2,N,7,0.2,6250.0,2.4,Adult,3-5 years,0,0,0.012314146,0,Low Risk
38,65004,RENT,1.0,DEBTCONSOLIDATION,B,8000,11.83,0.12,N,11,0.12306934957848747,5417.0,1.4768321949418497,Middle Age,0-2 years,0,0,0.21542628,0,Low Risk
38,49000,RENT,4.0,DEBTCONSOLIDATION,A,3000,7.51,0.06,N,13,0.061224489795918366,4083.3333333333335,0.7346938775510203,Middle Age,3-5 years,0,0,0.17443067,0,Low Risk
27,54000,RENT,5.0,MEDICAL,B,3200,12.69,0.06,N,10,0.05925925925925926,4500.0,0.7111111111111111,Adult,3-5 years,0,0,0.41688395,0,Medium Risk
24,25000,MORTGAGE,1.0,MEDICAL,A,6500,,0.26,N,4,0.26,2083.3333333333335,3.1199999999999997,Young,0-2 years,0,0,0.14445606,0,Low Risk
29,117500,OWN,1.0,VENTURE,A,20000,6.17,0.17,N,9,0.1702127659574468,9791.666666666666,2.042553191489362,Adult,0-2 years,0,0,0.00077263097,0,Low Risk
24,98000,MORTGAGE,8.0,PERSONAL,B,6500,11.11,0.07,N,3,0.0663265306122449,8166.666666666667,0.7959183673469388,Young,6-10 years,0,0,0.07727791,0,Low Risk
21,36000,RENT,3.0,DEBTCONSOLIDATION,C,5000,12.99,0.14,N,4,0.1388888888888889,3000.0,1.6666666666666667,Young,3-5 years,0,0,0.36988527,0,Medium Risk
31,24996,RENT,0.0,EDUCATION,C,10750,12.53,0.43,N,8,0.4300688110097616,2083.0,5.1608257321171385,Adult,0-2 years,1,1,0.99483854,1,High Risk
22,36000,MORTGAGE,3.0,DEBTCONSOLIDATION,A,5250,,0.15,N,2,0.14583333333333334,3000.0,1.75,Young,3-5 years,0,0,0.11242738,0,Low Risk
25,99600,MORTGAGE,1.0,HOMEIMPROVEMENT,B,12800,12.42,0.13,N,4,0.1285140562248996,8300.0,1.5421686746987953,Young,0-2 years,0,0,0.09212165,0,Low Risk
24,79000,RENT,2.0,HOMEIMPROVEMENT,A,13800,8.49,0.17,N,2,0.17468354430379746,6583.333333333333,2.0962025316455697,Young,0-2 years,0,0,0.21014373,0,Low Risk
25,37200,RENT,6.0,VENTURE,A,7000,7.14,0.19,N,4,0.1881720430107527,3100.0,2.2580645161290325,Young,6-10 years,0,0,0.01310461,0,Low Risk
23,70000,RENT,4.0,EDUCATION,A,6000,7.49,0.09,N,3,0.08571428571428572,5833.333333333333,1.0285714285714287,Young,3-5 years,0,0,0.038924057,0,Low Risk
41,100000,MORTGAGE,10.0,EDUCATION,A,6000,8.49,0.06,N,15,0.06,8333.333333333334,0.72,Middle Age,6-10 years,0,0,0.023287894,0,Low Risk
23,92000,MORTGAGE,7.0,VENTURE,E,10000,16.7,0.11,Y,2,0.10869565217391304,7666.666666666667,1.3043478260869565,Young,6-10 years,0,0,0.23560551,0,Low Risk
43,98600,MORTGAGE,0.0,MEDICAL,D,7750,15.31,0.07,Y,14,0.07860040567951318,8216.666666666666,0.9432048681541583,Middle Age,0-2 years,0,1,0.9427969,1,High Risk
25,49000,MORTGAGE,1.0,EDUCATION,C,7000,,0.14,N,4,0.14285714285714285,4083.3333333333335,1.7142857142857142,Young,0-2 years,0,1,0.4562891,0,Medium Risk
30,66000,MORTGAGE,14.0,EDUCATION,C,11200,13.49,0.17,N,9,0.1696969696969697,5500.0,2.036363636363636,Adult,10+ years,0,1,0.253213,0,Low Risk
28,75000,RENT,13.0,HOMEIMPROVEMENT,C,20000,13.16,0.27,N,9,0.26666666666666666,6250.0,3.2,Adult,10+ years,0,0,0.36579186,0,Medium Risk
24,37500,RENT,2.0,DEBTCONSOLIDATION,C,1600,11.03,0.04,Y,3,0.042666666666666665,3125.0,0.512,Young,0-2 years,0,0,0.3141243,0,Medium Risk
25,42000,RENT,2.0,MEDICAL,C,6500,13.49,0.15,Y,3,0.15476190476190477,3500.0,1.8571428571428572,Young,0-2 years,0,0,0.20733504,0,Low Risk
29,140000,RENT,5.0,DEBTCONSOLIDATION,C,20000,13.49,0.14,Y,8,0.14285714285714285,11666.666666666666,1.7142857142857144,Adult,3-5 years,0,0,0.22488478,0,Low Risk
34,99996,MORTGAGE,18.0,PERSONAL,A,9800,7.14,0.1,N,8,0.09800392015680627,8333.0,1.1760470418816753,Adult,10+ years,0,0,0.019944852,0,Low Risk
24,50160,MORTGAGE,2.0,EDUCATION,D,6000,15.62,0.12,N,2,0.11961722488038277,4180.0,1.4354066985645932,Young,0-2 years,0,1,0.29602274,0,Low Risk
22,26796,MORTGAGE,6.0,VENTURE,A,3000,8.32,0.11,N,3,0.11195700850873265,2233.0,1.3434841021047919,Young,6-10 years,0,0,0.04091525,0,Low Risk
27,75000,RENT,1.0,HOMEIMPROVEMENT,B,20000,,0.27,N,6,0.26666666666666666,6250.0,3.2,Adult,0-2 years,0,0,0.1977323,0,Low Risk
26,80004,RENT,8.0,EDUCATION,B,15000,11.89,0.19,N,4,0.18749062546872655,6667.0,2.2498875056247187,Adult,6-10 years,0,0,0.16263314,0,Low Risk
23,90000,RENT,5.0,MEDICAL,A,8000,6.92,0.09,N,3,0.08888888888888889,7500.0,1.0666666666666667,Young,3-5 years,0,0,0.02265663,0,Low Risk
25,180000,MORTGAGE,9.0,HOMEIMPROVEMENT,B,14400,,0.08,N,2,0.08,15000.0,0.96,Young,6-10 years,0,0,0.13019493,0,Low Risk
31,124992,MORTGAGE,15.0,VENTURE,A,24000,8.49,0.19,N,7,0.19201228878648233,10416.0,2.304147465437788,Adult,10+ years,0,0,0.0062894374,0,Low Risk
31,57200,MORTGAGE,3.0,DEBTCONSOLIDATION,C,7500,13.11,0.13,Y,5,0.13111888111888112,4766.666666666667,1.5734265734265733,Adult,3-5 years,0,0,0.2685794,0,Low Risk
42,85000,RENT,3.0,VENTURE,C,5750,12.99,0.07,Y,15,0.06764705882352941,7083.333333333333,0.8117647058823529,Middle Age,3-5 years,0,0,0.07238731,0,Low Risk
28,70000,RENT,1.0,HOMEIMPROVEMENT,C,12000,14.27,0.17,Y,6,0.17142857142857143,5833.333333333333,2.0571428571428574,Adult,0-2 years,0,0,0.24196531,0,Low Risk
27,57600,RENT,3.0,EDUCATION,A,14000,7.29,0.24,N,8,0.24305555555555555,4800.0,2.9166666666666665,Adult,3-5 years,0,0,0.13114397,0,Low Risk
36,30996,RENT,2.0,PERSONAL,C,5500,12.53,0.18,Y,15,0.17744225061298233,2583.0,2.129307007355788,Middle Age,0-2 years,0,0,0.3725484,0,Medium Risk
30,110000,MORTGAGE,5.0,VENTURE,B,25000,11.12,0.23,N,9,0.22727272727272727,9166.666666666666,2.7272727272727275,Adult,3-5 years,0,0,0.012925308,0,Low Risk
21,12000,RENT,3.0,EDUCATION,B,1600,10.59,0.13,N,2,0.13333333333333333,1000.0,1.6,Young,3-5 years,0,1,0.1603343,0,Low Risk
26,30000,RENT,5.0,PERSONAL,C,8000,12.99,0.27,N,2,0.26666666666666666,2500.0,3.2,Adult,3-5 years,0,0,0.50652677,1,Medium Risk
27,40000,RENT,0.0,VENTURE,B,8000,10.25,0.2,N,10,0.2,3333.3333333333335,2.4,Adult,0-2 years,0,0,0.008543781,0,Low Risk
25,75000,MORTGAGE,4.0,VENTURE,C,12000,13.49,0.16,N,2,0.16,6250.0,1.92,Young,3-5 years,0,0,0.13632853,0,Low Risk
29,36000,MORTGAGE,2.0,PERSONAL,D,20000,,0.56,N,6,0.5555555555555556,3000.0,6.666666666666667,Adult,0-2 years,1,0,0.6134901,1,High Risk
23,83000,MORTGAGE,7.0,DEBTCONSOLIDATION,A,10000,7.66,0.12,N,4,0.12048192771084337,6916.666666666667,1.4457831325301205,Young,6-10 years,0,0,0.122185506,0,Low Risk
26,69846,RENT,2.0,EDUCATION,F,22500,18.99,0.32,N,4,0.32213727343011767,5820.5,3.8656472811614124,Adult,0-2 years,1,1,0.9946571,1,High Risk
23,72000,RENT,3.0,DEBTCONSOLIDATION,B,14400,11.14,0.2,N,3,0.2,6000.0,2.4,Young,3-5 years,0,0,0.18770583,0,Low Risk
51,18408,RENT,,PERSONAL,C,1000,14.65,0.05,Y,20,0.054324206866579745,1534.0,0.651890482398957,Senior,,0,1,0.76828575,1,High Risk
32,120000,MORTGAGE,13.0,EDUCATION,B,2000,,0.02,N,10,0.016666666666666666,10000.0,0.2,Adult,10+ years,0,0,0.06336102,0,Low Risk
30,105000,MORTGAGE,14.0,HOMEIMPROVEMENT,B,13000,10.25,0.12,N,9,0.12380952380952381,8750.0,1.4857142857142858,Adult,10+ years,0,0,0.09233453,0,Low Risk
24,23000,RENT,1.0,PERSONAL,C,5000,,0.22,Y,2,0.21739130434782608,1916.6666666666667,2.608695652173913,Young,0-2 years,0,0,0.39330506,0,Medium Risk
22,39696,MORTGAGE,,EDUCATION,B,14125,12.42,0.36,N,4,0.355829302700524,3308.0,4.269951632406288,Young,,1,1,0.49455404,0,Medium Risk
22,60000,RENT,6.0,PERSONAL,A,14000,6.03,0.23,N,2,0.23333333333333334,5000.0,2.8,Young,6-10 years,0,0,0.09394613,0,Low Risk
24,120000,MORTGAGE,1.0,MEDICAL,A,3000,6.39,0.03,N,3,0.025,10000.0,0.3,Young,0-2 years,0,0,0.031201204,0,Low Risk
23,30000,MORTGAGE,6.0,PERSONAL,C,2400,,0.08,N,4,0.08,2500.0,0.96,Young,6-10 years,0,0,0.5130559,1,Medium Risk
26,67000,MORTGAGE,10.0,HOMEIMPROVEMENT,B,10000,12.21,0.15,N,3,0.14925373134328357,5583.333333333333,1.791044776119403,Adult,6-10 years,0,0,0.23892424,0,Low Risk
39,75000,MORTGAGE,13.0,MEDICAL,B,6000,,0.08,N,15,0.08,6250.0,0.96,Middle Age,10+ years,0,0,0.120634176,0,Low Risk
25,54000,RENT,1.0,PERSONAL,A,3600,,0.07,N,3,0.06666666666666667,4500.0,0.8,Young,0-2 years,0,1,0.16464902,0,Low Risk
29,16000,OWN,3.0,VENTURE,A,3000,7.9,0.19,N,8,0.1875,1333.3333333333333,2.25,Adult,3-5 years,0,1,0.9967288,1,High Risk
24,80000,RENT,5.0,VENTURE,B,12000,9.91,0.15,N,2,0.15,6666.666666666667,1.7999999999999998,Young,3-5 years,0,0,0.0042308522,0,Low Risk
31,50000,OWN,1.0,HOMEIMPROVEMENT,C,16000,13.85,0.32,N,6,0.32,4166.666666666667,3.84,Adult,0-2 years,1,0,0.005237731,0,Low Risk
34,98000,OWN,19.0,EDUCATION,B,16000,10.99,0.16,N,5,0.16326530612244897,8166.666666666667,1.9591836734693877,Adult,10+ years,0,0,0.0031179567,0,Low Risk
31,60000,RENT,3.0,DEBTCONSOLIDATION,A,7500,5.79,0.13,N,9,0.125,5000.0,1.5,Adult,3-5 years,0,0,0.040353563,0,Low Risk
25,47000,RENT,1.0,EDUCATION,A,8500,8.9,0.18,N,4,0.18085106382978725,3916.6666666666665,2.170212765957447,Young,0-2 years,0,0,0.15187804,0,Low Risk
25,47412,MORTGAGE,0.0,EDUCATION,A,6500,8.59,0.14,N,3,0.1370960938159116,3951.0,1.645153125790939,Young,0-2 years,0,0,0.12046685,0,Low Risk
26,12000,OWN,6.0,EDUCATION,B,2500,9.99,0.21,N,3,0.20833333333333334,1000.0,2.5,Adult,6-10 years,0,1,0.9983328,1,High Risk
26,45000,MORTGAGE,3.0,EDUCATION,C,4000,14.35,0.09,Y,2,0.08888888888888889,3750.0,1.0666666666666667,Adult,3-5 years,0,0,0.28479466,0,Low Risk
29,53000,RENT,0.0,HOMEIMPROVEMENT,A,5000,5.42,0.09,N,6,0.09433962264150944,4416.666666666667,1.1320754716981132,Adult,0-2 years,0,0,0.25164118,0,Low Risk
28,44894,OWN,8.0,EDUCATION,A,3600,7.88,0.08,N,6,0.08018888938388204,3741.1666666666665,0.9622666726065844,Adult,6-10 years,0,0,0.0059746862,0,Low Risk
23,44000,RENT,0.0,HOMEIMPROVEMENT,F,13000,17.26,0.3,Y,3,0.29545454545454547,3666.6666666666665,3.5454545454545454,Young,0-2 years,1,1,0.9981407,1,High Risk
26,61200,RENT,9.0,PERSONAL,B,3200,9.91,0.05,N,2,0.05228758169934641,5100.0,0.6274509803921569,Adult,6-10 years,0,0,0.16610456,0,Low Risk
27,110000,MORTGAGE,5.0,DEBTCONSOLIDATION,A,15000,,0.14,N,10,0.13636363636363635,9166.666666666666,1.6363636363636365,Adult,3-5 years,0,0,0.032818433,0,Low Risk
24,45000,RENT,1.0,DEBTCONSOLIDATION,B,3000,9.99,0.07,N,4,0.06666666666666667,3750.0,0.8,Young,0-2 years,0,0,0.11556487,0,Low Risk
38,67200,MORTGAGE,11.0,EDUCATION,A,8000,7.9,0.12,N,11,0.11904761904761904,5600.0,1.4285714285714286,Middle Age,10+ years,0,0,0.07390764,0,Low Risk
26,99085,MORTGAGE,10.0,VENTURE,D,8000,14.91,0.08,Y,4,0.08073875965080486,8257.083333333334,0.9688651158096583,Adult,6-10 years,0,0,0.2998389,0,Low Risk
32,42000,RENT,0.0,EDUCATION,D,2000,15.62,0.05,N,6,0.047619047619047616,3500.0,0.5714285714285714,Adult,0-2 years,0,1,0.9397646,1,High Risk
39,120000,MORTGAGE,9.0,MEDICAL,A,12000,5.79,0.1,N,11,0.1,10000.0,1.2,Middle Age,6-10 years,0,0,0.014437942,0,Low Risk
35,200000,MORTGAGE,0.0,HOMEIMPROVEMENT,B,18000,10.99,0.09,N,10,0.09,16666.666666666668,1.0799999999999998,Adult,0-2 years,0,0,0.066281326,0,Low Risk
27,75000,MORTGAGE,6.0,PERSONAL,A,3500,6.03,0.05,N,10,0.04666666666666667,6250.0,0.56,Adult,6-10 years,0,0,0.022483315,0,Low Risk
50,69996,OWN,19.0,VENTURE,A,8000,9.32,0.11,N,17,0.11429224527115835,5833.0,1.3715069432539002,Middle Age,10+ years,0,0,0.00021071121,0,Low Risk
26,29000,RENT,10.0,DEBTCONSOLIDATION,A,9200,7.49,0.32,N,3,0.31724137931034485,2416.6666666666665,3.806896551724138,Adult,6-10 years,1,1,0.9923711,1,High Risk
36,155000,MORTGAGE,9.0,DEBTCONSOLIDATION,A,30000,7.9,0.19,N,17,0.1935483870967742,12916.666666666666,2.3225806451612905,Middle Age,6-10 years,0,0,0.024180008,0,Low Risk
34,39600,MORTGAGE,14.0,VENTURE,A,6000,5.99,0.15,N,5,0.15151515151515152,3300.0,1.8181818181818181,Adult,10+ years,0,0,0.0098659275,0,Low Risk
29,115000,MORTGAGE,13.0,DEBTCONSOLIDATION,A,5000,6.03,0.04,N,9,0.043478260869565216,9583.333333333334,0.5217391304347826,Adult,10+ years,0,0,0.022302197,0,Low Risk
24,130000,RENT,7.0,DEBTCONSOLIDATION,B,24000,11.49,0.18,N,3,0.18461538461538463,10833.333333333334,2.215384615384615,Young,6-10 years,0,0,0.15465273,0,Low Risk
32,50000,RENT,3.0,HOMEIMPROVEMENT,B,11100,10.59,0.22,N,10,0.222,4166.666666666667,2.6639999999999997,Adult,3-5 years,0,0,0.08791308,0,Low Risk
22,26000,RENT,1.0,DEBTCONSOLIDATION,B,10000,10.65,0.38,N,3,0.38461538461538464,2166.6666666666665,4.615384615384616,Young,0-2 years,1,1,0.994068,1,High Risk
29,92000,MORTGAGE,8.0,HOMEIMPROVEMENT,A,12000,6.62,0.13,N,8,0.13043478260869565,7666.666666666667,1.5652173913043477,Adult,6-10 years,0,0,0.02551073,0,Low Risk
23,52000,RENT,4.0,DEBTCONSOLIDATION,C,6000,14.22,0.12,N,4,0.11538461538461539,4333.333333333333,1.3846153846153848,Young,3-5 years,0,0,0.3228705,0,Medium Risk
50,106000,MORTGAGE,2.0,MEDICAL,A,10200,9.32,0.1,N,15,0.09622641509433963,8833.333333333334,1.1547169811320754,Middle Age,0-2 years,0,0,0.041677456,0,Low Risk
24,42000,OWN,8.0,HOMEIMPROVEMENT,A,8000,6.62,0.19,N,2,0.19047619047619047,3500.0,2.2857142857142856,Young,6-10 years,0,0,0.0062975273,0,Low Risk
22,30000,RENT,2.0,EDUCATION,A,2500,8.49,0.08,N,2,0.08333333333333333,2500.0,1.0,Young,0-2 years,0,1,0.41592807,0,Medium Risk
30,60000,RENT,4.0,PERSONAL,B,12000,10.99,0.2,N,10,0.2,5000.0,2.4,Adult,3-5 years,0,0,0.06403492,0,Low Risk
24,205000,MORTGAGE,8.0,EDUCATION,C,35000,13.99,0.17,N,2,0.17073170731707318,17083.333333333332,2.048780487804878,Young,6-10 years,0,0,0.050564315,0,Low Risk
29,18000,RENT,2.0,VENTURE,B,3000,12.69,0.17,N,5,0.16666666666666666,1500.0,2.0,Adult,0-2 years,0,1,0.98621005,1,High Risk
24,90000,RENT,1.0,HOMEIMPROVEMENT,B,19500,9.76,0.22,N,2,0.21666666666666667,7500.0,2.6,Young,0-2 years,0,0,0.10837998,0,Low Risk
29,45000,RENT,0.0,DEBTCONSOLIDATION,B,9000,12.69,0.2,N,7,0.2,3750.0,2.4,Adult,0-2 years,0,0,0.20774233,0,Low Risk
27,54400,MORTGAGE,11.0,MEDICAL,D,11000,15.33,0.17,Y,10,0.20220588235294118,4533.333333333333,2.4264705882352944,Adult,10+ years,0,1,0.9799499,1,High Risk
22,107000,MORTGAGE,6.0,DEBTCONSOLIDATION,D,35000,16.49,0.33,Y,3,0.32710280373831774,8916.666666666666,3.9252336448598135,Young,6-10 years,1,1,0.9392668,1,High Risk
23,27864,RENT,0.0,MEDICAL,A,4600,6.03,0.17,N,3,0.1650875681883434,2322.0,1.9810508182601205,Young,0-2 years,0,0,0.08133534,0,Low Risk
45,19200,RENT,1.0,VENTURE,B,4000,10.0,0.21,N,15,0.20833333333333334,1600.0,2.5,Middle Age,0-2 years,0,1,0.9846752,1,High Risk
24,47160,RENT,5.0,VENTURE,B,11000,11.14,0.23,N,4,0.23324851569126379,3930.0,2.7989821882951653,Young,3-5 years,0,0,0.017455941,0,Low Risk
24,24000,RENT,3.0,DEBTCONSOLIDATION,B,10000,10.38,0.42,N,4,0.4166666666666667,2000.0,5.0,Young,3-5 years,1,1,0.9928703,1,High Risk
24,39996,RENT,8.0,DEBTCONSOLIDATION,B,12000,12.69,0.3,N,3,0.3000300030003,3333.0,3.6003600360036003,Young,6-10 years,1,0,0.17117141,0,Low Risk
23,115000,MORTGAGE,7.0,EDUCATION,C,10000,14.27,0.09,N,2,0.08695652173913043,9583.333333333334,1.0434782608695652,Young,6-10 years,0,0,0.097308315,0,Low Risk
25,130000,RENT,0.0,PERSONAL,C,20000,15.27,0.15,N,2,0.15384615384615385,10833.333333333334,1.846153846153846,Young,0-2 years,0,0,0.18038543,0,Low Risk
25,55000,MORTGAGE,4.0,MEDICAL,D,9000,16.77,0.16,Y,2,0.16363636363636364,4583.333333333333,1.9636363636363638,Young,3-5 years,0,1,0.9080928,1,High Risk
31,47000,MORTGAGE,10.0,VENTURE,D,23000,14.84,0.49,N,9,0.48936170212765956,3916.6666666666665,5.872340425531915,Adult,6-10 years,1,1,0.47180086,0,Medium Risk
54,129000,MORTGAGE,6.0,EDUCATION,B,9000,11.49,0.07,N,18,0.06976744186046512,10750.0,0.8372093023255814,Senior,6-10 years,0,1,0.5624117,1,Medium Risk
26,38000,RENT,6.0,PERSONAL,A,10000,7.66,0.26,N,3,0.2631578947368421,3166.6666666666665,3.1578947368421053,Adult,6-10 years,0,0,0.18108115,0,Low Risk
31,76000,MORTGAGE,9.0,EDUCATION,C,12000,15.96,0.16,N,5,0.15789473684210525,6333.333333333333,1.8947368421052633,Adult,6-10 years,0,1,0.44171816,0,Medium Risk
24,50000,RENT,8.0,MEDICAL,E,15850,16.35,0.32,Y,3,0.317,4166.666666666667,3.804,Young,6-10 years,1,1,0.989122,1,High Risk
37,45000,RENT,1.0,PERSONAL,B,9000,11.71,0.2,N,12,0.2,3750.0,2.4,Middle Age,0-2 years,0,1,0.17899753,0,Low Risk
24,27000,MORTGAGE,1.0,DEBTCONSOLIDATION,B,7500,10.39,0.28,N,2,0.2777777777777778,2250.0,3.3333333333333335,Young,0-2 years,0,0,0.22231606,0,Low Risk
28,34800,OWN,1.0,VENTURE,C,10000,12.99,0.29,N,9,0.28735632183908044,2900.0,3.4482758620689653,Adult,0-2 years,0,0,0.00632748,0,Low Risk
23,60000,RENT,3.0,MEDICAL,A,13000,7.66,0.22,N,4,0.21666666666666667,5000.0,2.6,Young,3-5 years,0,1,0.053341344,0,Low Risk
31,72000,MORTGAGE,15.0,VENTURE,D,12300,14.96,0.17,Y,5,0.17083333333333334,6000.0,2.05,Adult,10+ years,0,0,0.30076793,0,Medium Risk
33,120000,MORTGAGE,17.0,PERSONAL,A,15000,5.79,0.13,N,9,0.125,10000.0,1.5,Adult,10+ years,0,0,0.030337764,0,Low Risk
21,55272,RENT,5.0,VENTURE,A,5000,5.42,0.09,N,3,0.09046171660153424,4606.0,1.0855405992184108,Young,3-5 years,0,0,0.008923196,0,Low Risk
34,68000,MORTGAGE,1.0,EDUCATION,C,15000,11.78,0.22,Y,7,0.22058823529411764,5666.666666666667,2.6470588235294117,Adult,0-2 years,0,0,0.2690036,0,Low Risk
22,27000,RENT,3.0,MEDICAL,A,2800,7.51,0.1,N,3,0.1037037037037037,2250.0,1.2444444444444445,Young,3-5 years,0,1,0.3380096,0,Medium Risk
21,48000,RENT,5.0,PERSONAL,A,2800,8.9,0.06,N,2,0.058333333333333334,4000.0,0.7,Young,3-5 years,0,1,0.14712654,0,Low Risk
25,19200,RENT,3.0,MEDICAL,B,5000,10.99,0.26,N,2,0.2604166666666667,1600.0,3.125,Young,3-5 years,0,1,0.9909937,1,High Risk
27,50000,OWN,8.0,EDUCATION,D,4500,14.61,0.09,N,6,0.09,4166.666666666667,1.0799999999999998,Adult,6-10 years,0,0,0.0012882819,0,Low Risk
23,88000,MORTGAGE,2.0,MEDICAL,C,6625,11.22,0.08,Y,3,0.07528409090909091,7333.333333333333,0.9034090909090909,Young,0-2 years,0,0,0.38364646,0,Medium Risk
23,48000,RENT,7.0,PERSONAL,C,7200,14.27,0.15,Y,3,0.15,4000.0,1.8,Young,6-10 years,0,0,0.3130989,0,Medium Risk
38,75000,MORTGAGE,8.0,HOMEIMPROVEMENT,B,25000,10.59,0.33,N,16,0.3333333333333333,6250.0,4.0,Middle Age,6-10 years,1,0,0.13792683,0,Low Risk
23,54000,MORTGAGE,7.0,MEDICAL,A,6000,6.03,0.11,N,4,0.1111111111111111,4500.0,1.3333333333333333,Young,6-10 years,0,0,0.2868414,0,Low Risk
23,114000,OWN,7.0,VENTURE,A,6000,8.49,0.05,N,4,0.05263157894736842,9500.0,0.631578947368421,Young,6-10 years,0,0,0.00037681943,0,Low Risk
23,75000,MORTGAGE,7.0,PERSONAL,A,10200,6.03,0.14,N,2,0.136,6250.0,1.632,Young,6-10 years,0,0,0.029760865,0,Low Risk
34,41300,RENT,18.0,EDUCATION,C,10000,13.48,0.24,Y,6,0.24213075060532688,3441.6666666666665,2.9055690072639226,Adult,10+ years,0,0,0.24252559,0,Low Risk
24,38000,RENT,1.0,MEDICAL,B,2000,11.83,0.05,N,2,0.05263157894736842,3166.6666666666665,0.6315789473684211,Young,0-2 years,0,0,0.157244,0,Low Risk
24,45000,MORTGAGE,0.0,EDUCATION,C,10625,14.27,0.24,N,4,0.2361111111111111,3750.0,2.8333333333333335,Young,0-2 years,0,1,0.24636407,0,Low Risk
47,38400,RENT,3.0,MEDICAL,F,22000,18.78,0.57,Y,17,0.5729166666666666,3200.0,6.875,Middle Age,3-5 years,1,1,0.9973724,1,High Risk
22,36996,RENT,5.0,EDUCATION,A,10000,7.51,0.27,N,4,0.27029949183695534,3083.0,3.243593902043464,Young,3-5 years,0,0,0.16232601,0,Low Risk
33,63000,OWN,2.0,EDUCATION,A,12800,7.88,0.2,N,10,0.20317460317460317,5250.0,2.4380952380952383,Adult,0-2 years,0,0,0.0025871892,0,Low Risk
25,66420,MORTGAGE,1.0,EDUCATION,B,4000,12.18,0.06,N,2,0.06022282445046673,5535.0,0.7226738934056007,Young,0-2 years,0,0,0.176028,0,Low Risk
24,55605,MORTGAGE,8.0,MEDICAL,B,6500,10.99,0.12,N,2,0.11689596259329196,4633.75,1.4027515511195037,Young,6-10 years,0,0,0.3153466,0,Medium Risk
29,244800,RENT,8.0,MEDICAL,D,8000,14.09,0.03,N,5,0.032679738562091505,20400.0,0.39215686274509803,Adult,6-10 years,0,1,0.8472388,1,High Risk
24,72000,RENT,8.0,MEDICAL,A,12000,7.88,0.17,N,4,0.16666666666666666,6000.0,2.0,Young,6-10 years,0,0,0.035231628,0,Low Risk
31,39420,RENT,0.0,MEDICAL,C,2500,15.27,0.06,Y,8,0.06341958396752917,3285.0,0.76103500761035,Adult,0-2 years,0,0,0.3759508,0,Medium Risk
28,50000,OWN,12.0,VENTURE,A,6000,6.03,0.12,N,9,0.12,4166.666666666667,1.44,Adult,10+ years,0,0,0.00037052837,0,Low Risk
30,170000,RENT,14.0,EDUCATION,D,25000,15.2,0.15,N,8,0.14705882352941177,14166.666666666666,1.7647058823529413,Adult,10+ years,0,0,0.29470238,0,Low Risk
24,35004,MORTGAGE,5.0,EDUCATION,A,7000,5.42,0.2,N,3,0.19997714546908923,2917.0,2.399725745629071,Young,3-5 years,0,0,0.035770085,0,Low Risk
23,175000,MORTGAGE,3.0,EDUCATION,A,7200,8.38,0.04,N,3,0.04114285714285714,14583.333333333334,0.4937142857142857,Young,3-5 years,0,0,0.034595244,0,Low Risk
23,160000,MORTGAGE,1.0,VENTURE,C,35000,15.23,0.22,Y,2,0.21875,13333.333333333334,2.625,Young,0-2 years,0,0,0.06322221,0,Low Risk
52,75400,RENT,0.0,DEBTCONSOLIDATION,A,6125,7.74,0.08,N,18,0.08123342175066313,6283.333333333333,0.9748010610079576,Senior,0-2 years,0,0,0.0379431,0,Low Risk
28,43000,RENT,5.0,MEDICAL,B,6000,10.39,0.14,N,5,0.13953488372093023,3583.3333333333335,1.6744186046511627,Adult,3-5 years,0,0,0.18334642,0,Low Risk
23,16800,RENT,7.0,EDUCATION,A,6625,6.03,0.39,N,3,0.3943452380952381,1400.0,4.732142857142857,Young,6-10 years,1,1,0.99916315,1,High Risk
25,110000,RENT,2.0,VENTURE,B,5000,9.99,0.05,N,4,0.045454545454545456,9166.666666666666,0.5454545454545455,Young,0-2 years,0,0,0.0038976895,0,Low Risk
29,38000,MORTGAGE,8.0,EDUCATION,A,3600,7.14,0.09,N,9,0.09473684210526316,3166.6666666666665,1.1368421052631579,Adult,6-10 years,0,0,0.17953837,0,Low Risk
29,74360,OWN,7.0,MEDICAL,A,8725,5.99,0.12,N,7,0.11733458848843464,6196.666666666667,1.4080150618612157,Adult,6-10 years,0,0,0.00373144,0,Low Risk
33,48000,MORTGAGE,2.0,HOMEIMPROVEMENT,A,7500,8.0,0.16,N,10,0.15625,4000.0,1.875,Adult,0-2 years,0,0,0.14747378,0,Low Risk
29,150000,MORTGAGE,14.0,VENTURE,A,12000,5.42,0.08,N,9,0.08,12500.0,0.96,Adult,10+ years,0,0,0.0011947585,0,Low Risk
29,77248,MORTGAGE,13.0,HOMEIMPROVEMENT,C,21600,13.85,0.28,Y,7,0.2796188898094449,6437.333333333333,3.355426677713339,Adult,10+ years,0,0,0.5979876,1,Medium Risk
25,37560,RENT,2.0,DEBTCONSOLIDATION,F,12500,18.62,0.33,N,3,0.33280085197018106,3130.0,3.9936102236421727,Young,0-2 years,1,1,0.9979372,1,High Risk
28,32400,RENT,3.0,MEDICAL,D,4900,14.12,0.15,N,7,0.15123456790123457,2700.0,1.8148148148148149,Adult,3-5 years,0,1,0.88629365,1,High Risk
24,36708,RENT,2.0,HOMEIMPROVEMENT,D,3000,15.33,0.08,Y,3,0.08172605426610004,3059.0,0.9807126511932004,Young,0-2 years,0,1,0.9942979,1,High Risk
28,42996,RENT,4.0,EDUCATION,A,3000,7.68,0.07,N,6,0.06977393245883338,3583.0,0.8372871895060006,Adult,3-5 years,0,0,0.18167341,0,Low Risk
25,77800,MORTGAGE,9.0,PERSONAL,B,30000,,0.39,N,4,0.3856041131105398,6483.333333333333,4.627249357326479,Young,6-10 years,1,0,0.31142965,0,Medium Risk
29,74360,OWN,7.0,EDUCATION,A,8725,5.99,0.12,N,5,0.11733458848843464,6196.666666666667,1.4080150618612157,Adult,6-10 years,0,0,0.005662751,0,Low Risk
42,50426,RENT,0.0,PERSONAL,A,4200,7.49,0.08,N,11,0.08329036608098997,4202.166666666667,0.9994843929718795,Middle Age,0-2 years,0,0,0.021895338,0,Low Risk
24,100000,MORTGAGE,8.0,EDUCATION,A,16800,7.88,0.17,N,4,0.168,8333.333333333334,2.016,Young,6-10 years,0,0,0.012386176,0,Low Risk
24,140000,MORTGAGE,8.0,HOMEIMPROVEMENT,B,25000,10.36,0.18,N,2,0.17857142857142858,11666.666666666666,2.142857142857143,Young,6-10 years,0,0,0.122299746,0,Low Risk
22,93000,RENT,1.0,EDUCATION,B,21000,9.91,0.23,N,3,0.22580645161290322,7750.0,2.7096774193548385,Young,0-2 years,0,0,0.06857402,0,Low Risk
22,33600,RENT,3.0,EDUCATION,B,10000,10.25,0.3,N,3,0.2976190476190476,2800.0,3.5714285714285716,Young,3-5 years,1,0,0.4193524,0,Medium Risk
34,43920,RENT,2.0,DEBTCONSOLIDATION,C,16400,11.03,0.37,Y,10,0.37340619307832423,3660.0,4.48087431693989,Adult,0-2 years,1,1,0.9923781,1,High Risk
35,63600,MORTGAGE,5.0,DEBTCONSOLIDATION,B,4800,12.42,0.08,N,6,0.07547169811320754,5300.0,0.9056603773584906,Adult,3-5 years,0,1,0.23664021,0,Low Risk
31,40800,RENT,6.0,PERSONAL,A,9000,,0.22,N,6,0.22058823529411764,3400.0,2.6470588235294117,Adult,6-10 years,0,0,0.14737178,0,Low Risk
28,84000,MORTGAGE,1.0,PERSONAL,A,8400,7.51,0.1,N,10,0.1,7000.0,1.2,Adult,0-2 years,0,0,0.0640595,0,Low Risk
29,92000,MORTGAGE,3.0,HOMEIMPROVEMENT,A,11200,,0.12,N,5,0.12173913043478261,7666.666666666667,1.4608695652173913,Adult,3-5 years,0,0,0.041277874,0,Low Risk
23,102000,MORTGAGE,7.0,EDUCATION,B,10000,11.49,0.1,N,2,0.09803921568627451,8500.0,1.1764705882352942,Young,6-10 years,0,0,0.051047556,0,Low Risk
25,145000,MORTGAGE,3.0,PERSONAL,B,7500,10.08,0.05,N,2,0.05172413793103448,12083.333333333334,0.6206896551724138,Young,3-5 years,0,0,0.055045776,0,Low Risk
26,122000,MORTGAGE,10.0,PERSONAL,A,6000,7.51,0.05,N,2,0.04918032786885246,10166.666666666666,0.5901639344262295,Adult,6-10 years,0,0,0.032748487,0,Low Risk
39,63000,MORTGAGE,0.0,PERSONAL,A,15000,,0.24,N,15,0.23809523809523808,5250.0,2.857142857142857,Middle Age,0-2 years,0,0,0.09731344,0,Low Risk
28,53000,RENT,0.0,PERSONAL,B,7000,9.88,0.13,N,6,0.1320754716981132,4416.666666666667,1.5849056603773584,Adult,0-2 years,0,0,0.15656362,0,Low Risk
25,50000,MORTGAGE,8.0,DEBTCONSOLIDATION,B,12500,10.65,0.25,N,4,0.25,4166.666666666667,3.0,Young,6-10 years,0,0,0.09310491,0,Low Risk
23,40000,RENT,7.0,VENTURE,B,7500,12.69,0.19,N,2,0.1875,3333.3333333333335,2.25,Young,6-10 years,0,0,0.020101232,0,Low Risk
31,65000,MORTGAGE,3.0,DEBTCONSOLIDATION,C,10000,13.61,0.15,N,6,0.15384615384615385,5416.666666666667,1.846153846153846,Adult,3-5 years,0,0,0.09858293,0,Low Risk
22,71004,RENT,6.0,PERSONAL,B,1800,11.12,0.03,N,4,0.02535068446848065,5917.0,0.3042082136217678,Young,6-10 years,0,0,0.08644639,0,Low Risk
22,59000,RENT,2.0,DEBTCONSOLIDATION,B,11000,10.74,0.19,N,3,0.1864406779661017,4916.666666666667,2.23728813559322,Young,0-2 years,0,0,0.36451492,0,Medium Risk
28,99518,MORTGAGE,10.0,DEBTCONSOLIDATION,A,6500,5.99,0.07,N,6,0.06531481741996423,8293.166666666666,0.7837778090395708,Adult,6-10 years,0,0,0.0075967545,0,Low Risk
27,67000,RENT,5.0,PERSONAL,C,12000,13.23,0.18,Y,7,0.1791044776119403,5583.333333333333,2.1492537313432836,Adult,3-5 years,0,0,0.2218996,0,Low Risk
22,33996,RENT,1.0,EDUCATION,D,14900,15.37,0.44,Y,2,0.43828685727732675,2833.0,5.2594422873279205,Young,0-2 years,1,1,0.99846244,1,High Risk
44,83000,OTHER,2.0,EDUCATION,D,12000,16.0,0.14,Y,15,0.14457831325301204,6916.666666666667,1.7349397590361446,Middle Age,0-2 years,0,1,0.8028812,1,High Risk
25,30000,MORTGAGE,3.0,HOMEIMPROVEMENT,A,12000,5.99,0.4,N,4,0.4,2500.0,4.8,Young,3-5 years,1,1,0.38907117,0,Medium Risk
23,68500,MORTGAGE,7.0,EDUCATION,C,4200,11.66,0.06,Y,4,0.061313868613138686,5708.333333333333,0.7357664233576643,Young,6-10 years,0,0,0.20196033,0,Low Risk
50,50000,RENT,1.0,PERSONAL,A,16000,7.9,0.32,N,17,0.32,4166.666666666667,3.84,Middle Age,0-2 years,1,1,0.9692918,1,High Risk
29,54000,OWN,11.0,MEDICAL,E,20000,18.79,0.37,Y,5,0.37037037037037035,4500.0,4.444444444444445,Adult,10+ years,1,1,0.98763174,1,High Risk
22,51000,RENT,6.0,VENTURE,B,7000,12.18,0.14,N,2,0.13725490196078433,4250.0,1.6470588235294117,Young,6-10 years,0,0,0.025575504,0,Low Risk
32,50000,MORTGAGE,1.0,MEDICAL,B,7500,10.39,0.15,N,7,0.15,4166.666666666667,1.7999999999999998,Adult,0-2 years,0,0,0.077824615,0,Low Risk
29,60000,MORTGAGE,2.0,MEDICAL,A,1500,6.03,0.03,N,5,0.025,5000.0,0.3,Adult,0-2 years,0,0,0.039421506,0,Low Risk
26,96000,MORTGAGE,4.0,HOMEIMPROVEMENT,E,20000,16.7,0.21,N,4,0.20833333333333334,8000.0,2.5,Adult,3-5 years,0,0,0.36048564,0,Medium Risk
38,92904,MORTGAGE,8.0,MEDICAL,B,5375,10.51,0.06,N,16,0.05785542064927237,7742.0,0.6942650477912684,Middle Age,6-10 years,0,0,0.055680208,0,Low Risk
30,62256,MORTGAGE,1.0,HOMEIMPROVEMENT,D,9000,15.05,0.14,Y,10,0.1445643793369314,5188.0,1.7347725520431765,Adult,0-2 years,0,0,0.4424862,0,Medium Risk
25,52000,RENT,9.0,EDUCATION,D,10000,,0.19,N,2,0.19230769230769232,4333.333333333333,2.307692307692308,Young,6-10 years,0,0,0.47914487,0,Medium Risk
29,242400,OWN,12.0,MEDICAL,B,35000,10.37,0.14,N,8,0.1443894389438944,20200.0,1.7326732673267327,Adult,10+ years,0,0,0.0073940423,0,Low Risk
22,27996,OWN,5.0,MEDICAL,A,5000,5.79,0.18,N,2,0.17859694242034577,2333.0,2.1431633090441493,Young,3-5 years,0,0,0.0024653922,0,Low Risk
28,25000,RENT,5.0,MEDICAL,A,8000,6.91,0.32,N,6,0.32,2083.3333333333335,3.84,Adult,3-5 years,1,1,0.98215854,1,High Risk
23,42996,MORTGAGE,2.0,VENTURE,D,8500,,0.2,Y,4,0.19769280863336125,3583.0,2.372313703600335,Young,0-2 years,0,0,0.53444624,1,Medium Risk
30,105000,OWN,14.0,HOMEIMPROVEMENT,B,15400,11.36,0.15,N,8,0.14666666666666667,8750.0,1.76,Adult,10+ years,0,0,0.0021354174,0,Low Risk
31,84000,MORTGAGE,3.0,HOMEIMPROVEMENT,G,25000,17.34,0.3,Y,5,0.2976190476190476,7000.0,3.5714285714285716,Adult,3-5 years,1,1,0.9270911,1,High Risk
44,48000,MORTGAGE,12.0,HOMEIMPROVEMENT,B,17500,12.18,0.36,N,11,0.3645833333333333,4000.0,4.375,Middle Age,10+ years,1,0,0.17103133,0,Low Risk
25,73000,MORTGAGE,9.0,DEBTCONSOLIDATION,B,9000,11.86,0.12,N,4,0.1232876712328767,6083.333333333333,1.4794520547945207,Young,6-10 years,0,0,0.3742642,0,Medium Risk
21,44500,OWN,6.0,EDUCATION,D,5000,13.87,0.11,Y,3,0.11235955056179775,3708.3333333333335,1.348314606741573,Young,6-10 years,0,0,0.0066520274,0,Low Risk
23,25000,OWN,5.0,MEDICAL,A,7200,8.49,0.29,N,2,0.288,2083.3333333333335,3.456,Young,3-5 years,0,0,0.0041014794,0,Low Risk
23,27000,RENT,6.0,EDUCATION,C,6000,11.66,0.22,Y,3,0.2222222222222222,2250.0,2.6666666666666665,Young,6-10 years,0,0,0.36539572,0,Medium Risk
35,54000,RENT,1.0,VENTURE,E,15000,15.88,0.28,Y,8,0.2777777777777778,4500.0,3.3333333333333335,Adult,0-2 years,0,1,0.9849341,1,High Risk
28,95000,MORTGAGE,5.0,DEBTCONSOLIDATION,A,23450,7.9,0.25,N,5,0.2468421052631579,7916.666666666667,2.962105263157895,Adult,3-5 years,0,0,0.0578708,0,Low Risk
24,41000,OWN,9.0,HOMEIMPROVEMENT,D,10000,15.33,0.24,N,4,0.24390243902439024,3416.6666666666665,2.926829268292683,Young,6-10 years,0,0,0.005283669,0,Low Risk
37,39480,OWN,4.0,VENTURE,A,8000,8.49,0.2,N,13,0.20263424518743667,3290.0,2.43161094224924,Middle Age,3-5 years,0,0,0.00046938413,0,Low Risk
25,51492,MORTGAGE,2.0,EDUCATION,B,13800,10.38,0.27,N,4,0.2680027965509205,4291.0,3.2160335586110462,Young,0-2 years,0,0,0.24208947,0,Low Risk
29,29000,RENT,1.0,HOMEIMPROVEMENT,A,9000,6.54,0.31,N,9,0.3103448275862069,2416.6666666666665,3.724137931034483,Adult,0-2 years,1,1,0.99728763,1,High Risk
30,40000,RENT,1.0,DEBTCONSOLIDATION,A,5500,7.74,0.14,N,10,0.1375,3333.3333333333335,1.65,Adult,0-2 years,0,0,0.03463992,0,Low Risk
34,27852,OWN,0.0,PERSONAL,C,4200,12.84,0.15,N,8,0.15079707022834984,2321.0,1.8095648427401982,Adult,0-2 years,0,0,0.0037228102,0,Low Risk
35,60350,MORTGAGE,15.0,MEDICAL,E,25000,16.82,0.35,N,5,0.4142502071251036,5029.166666666667,4.971002485501242,Adult,10+ years,1,1,0.96142554,1,High Risk
23,108366,RENT,7.0,HOMEIMPROVEMENT,F,35000,20.25,0.32,N,2,0.3229795323256372,9030.5,3.875754387907646,Young,6-10 years,1,1,0.99711204,1,High Risk
23,42500,RENT,3.0,EDUCATION,C,12000,13.35,0.28,N,3,0.2823529411764706,3541.6666666666665,3.388235294117647,Young,3-5 years,0,0,0.21544595,0,Low Risk
37,39996,RENT,2.0,MEDICAL,A,1800,9.63,0.05,N,13,0.045004500450045004,3333.0,0.54005400540054,Middle Age,0-2 years,0,0,0.11326119,0,Low Risk
35,75000,MORTGAGE,5.0,PERSONAL,B,5000,8.7,0.07,N,9,0.06666666666666667,6250.0,0.8,Adult,3-5 years,0,0,0.103971824,0,Low Risk
49,60000,OWN,7.0,PERSONAL,C,7000,,0.12,N,13,0.11666666666666667,5000.0,1.4,Middle Age,6-10 years,0,0,0.0016673527,0,Low Risk
31,140000,MORTGAGE,5.0,MEDICAL,B,30000,11.71,0.21,N,7,0.21428571428571427,11666.666666666666,2.5714285714285716,Adult,3-5 years,0,0,0.14170127,0,Low Risk
24,29000,RENT,4.0,PERSONAL,B,2500,10.99,0.09,N,3,0.08620689655172414,2416.6666666666665,1.0344827586206897,Young,3-5 years,0,0,0.5334033,1,Medium Risk
21,35360,MORTGAGE,2.0,EDUCATION,D,12250,15.31,0.35,N,4,0.3464366515837104,2946.6666666666665,4.157239819004525,Young,0-2 years,1,0,0.43689483,0,Medium Risk
23,50000,RENT,5.0,EDUCATION,E,9200,15.68,0.18,N,2,0.184,4166.666666666667,2.2079999999999997,Young,3-5 years,0,0,0.24682227,0,Low Risk
34,68000,RENT,5.0,PERSONAL,B,7200,,0.11,N,9,0.10588235294117647,5666.666666666667,1.2705882352941176,Adult,3-5 years,0,0,0.14315826,0,Low Risk
23,55000,RENT,3.0,EDUCATION,D,19200,15.21,0.35,N,4,0.3490909090909091,4583.333333333333,4.189090909090909,Young,3-5 years,1,1,0.984385,1,High Risk
25,135000,MORTGAGE,0.0,VENTURE,D,16000,,0.12,Y,3,0.11851851851851852,11250.0,1.4222222222222223,Young,0-2 years,0,0,0.32973063,0,Medium Risk
24,57000,RENT,0.0,VENTURE,A,6000,7.9,0.11,N,3,0.10526315789473684,4750.0,1.263157894736842,Young,0-2 years,0,0,0.0119290035,0,Low Risk
23,50000,RENT,7.0,PERSONAL,A,15000,7.88,0.3,N,4,0.3,4166.666666666667,3.5999999999999996,Young,6-10 years,1,0,0.065638065,0,Low Risk
25,80000,RENT,0.0,MEDICAL,B,10000,10.37,0.13,N,2,0.125,6666.666666666667,1.5,Young,0-2 years,0,0,0.0387384,0,Low Risk
29,140000,MORTGAGE,4.0,EDUCATION,C,16775,14.27,0.12,Y,10,0.11982142857142856,11666.666666666666,1.437857142857143,Adult,3-5 years,0,0,0.082579516,0,Low Risk
22,60000,MORTGAGE,2.0,EDUCATION,A,1000,9.63,0.02,N,3,0.016666666666666666,5000.0,0.2,Young,0-2 years,0,0,0.07315625,0,Low Risk
22,38400,MORTGAGE,4.0,DEBTCONSOLIDATION,A,10000,5.42,0.26,N,2,0.2604166666666667,3200.0,3.125,Young,3-5 years,0,0,0.035679143,0,Low Risk
21,16000,RENT,5.0,VENTURE,B,6000,9.63,0.38,N,3,0.375,1333.3333333333333,4.5,Young,3-5 years,1,1,0.999323,1,High Risk
23,48000,RENT,2.0,DEBTCONSOLIDATION,A,5000,6.17,0.1,N,4,0.10416666666666667,4000.0,1.25,Young,0-2 years,0,0,0.1647271,0,Low Risk
28,90000,MORTGAGE,7.0,HOMEIMPROVEMENT,E,17600,16.35,0.2,Y,5,0.19555555555555557,7500.0,2.3466666666666667,Adult,6-10 years,0,0,0.3367387,0,Medium Risk
22,42996,RENT,3.0,EDUCATION,C,4000,,0.09,N,4,0.09303190994511118,3583.0,1.1163829193413342,Young,3-5 years,0,0,0.24751468,0,Low Risk
25,60000,RENT,1.0,EDUCATION,A,10000,,0.17,N,4,0.16666666666666666,5000.0,2.0,Young,0-2 years,0,0,0.05033673,0,Low Risk
33,74400,RENT,15.0,VENTURE,C,3600,15.27,0.05,N,9,0.04838709677419355,6200.0,0.5806451612903226,Adult,10+ years,0,0,0.2524812,0,Low Risk
24,79000,RENT,0.0,MEDICAL,B,8000,11.49,0.1,N,2,0.10126582278481013,6583.333333333333,1.2151898734177216,Young,0-2 years,0,0,0.22522858,0,Low Risk
26,70000,MORTGAGE,,PERSONAL,A,5000,,0.07,N,4,0.07142857142857142,5833.333333333333,0.8571428571428572,Adult,,0,0,0.08887097,0,Low Risk
24,50400,RENT,8.0,DEBTCONSOLIDATION,A,1500,,0.03,N,4,0.02976190476190476,4200.0,0.35714285714285715,Young,6-10 years,0,0,0.046290323,0,Low Risk
30,26000,OWN,4.0,PERSONAL,B,1200,10.99,0.05,N,6,0.046153846153846156,2166.6666666666665,0.5538461538461539,Adult,3-5 years,0,0,0.004556207,0,Low Risk
22,60000,RENT,6.0,MEDICAL,A,8000,7.88,0.13,N,2,0.13333333333333333,5000.0,1.6,Young,6-10 years,0,0,0.039371457,0,Low Risk
33,163400,MORTGAGE,17.0,EDUCATION,E,10000,18.39,0.06,N,5,0.06119951040391677,13616.666666666666,0.7343941248470013,Adult,10+ years,0,1,0.24993901,0,Low Risk
36,34000,RENT,5.0,MEDICAL,C,5500,12.29,0.16,N,17,0.16176470588235295,2833.3333333333335,1.9411764705882353,Middle Age,3-5 years,0,0,0.3627035,0,Medium Risk
25,31200,RENT,9.0,VENTURE,B,1500,11.12,0.05,N,2,0.04807692307692308,2600.0,0.5769230769230769,Young,6-10 years,0,0,0.10131384,0,Low Risk
24,70000,RENT,8.0,VENTURE,E,20000,14.88,0.29,N,4,0.2857142857142857,5833.333333333333,3.428571428571429,Young,6-10 years,0,1,0.34857216,0,Medium Risk
29,113000,RENT,1.0,EDUCATION,D,25000,15.31,0.22,N,6,0.22123893805309736,9416.666666666666,2.6548672566371683,Adult,0-2 years,0,1,0.9583098,1,High Risk
25,130000,MORTGAGE,9.0,EDUCATION,B,15000,11.14,0.12,N,3,0.11538461538461539,10833.333333333334,1.3846153846153846,Young,6-10 years,0,0,0.095825136,0,Low Risk
26,38400,RENT,8.0,VENTURE,D,9100,15.37,0.24,Y,2,0.23697916666666666,3200.0,2.84375,Adult,6-10 years,0,0,0.3725902,0,Medium Risk
28,32000,RENT,12.0,DEBTCONSOLIDATION,A,12000,7.88,0.38,N,9,0.375,2666.6666666666665,4.5,Adult,10+ years,1,1,0.99217844,1,High Risk
28,59000,MORTGAGE,12.0,VENTURE,A,5000,7.14,0.08,N,8,0.0847457627118644,4916.666666666667,1.0169491525423728,Adult,10+ years,0,0,0.086949855,0,Low Risk
35,60000,RENT,0.0,DEBTCONSOLIDATION,C,4000,13.98,0.07,N,7,0.06666666666666667,5000.0,0.8,Adult,0-2 years,0,0,0.13105017,0,Low Risk
25,40000,MORTGAGE,0.0,MEDICAL,A,3600,7.49,0.09,N,3,0.09,3333.3333333333335,1.0799999999999998,Young,0-2 years,0,0,0.065253,0,Low Risk
24,30500,RENT,2.0,PERSONAL,F,6800,21.74,0.22,Y,4,0.22295081967213115,2541.6666666666665,2.675409836065574,Young,0-2 years,0,1,0.97852933,1,High Risk
38,60000,RENT,0.0,VENTURE,C,16000,13.22,0.27,N,14,0.26666666666666666,5000.0,3.2,Middle Age,0-2 years,0,0,0.14697002,0,Low Risk
46,70000,RENT,0.0,HOMEIMPROVEMENT,B,14000,11.26,0.2,N,16,0.2,5833.333333333333,2.4,Middle Age,0-2 years,0,0,0.099261075,0,Low Risk
29,44000,MORTGAGE,13.0,MEDICAL,A,24000,6.91,0.55,N,8,0.5454545454545454,3666.6666666666665,6.545454545454546,Adult,10+ years,1,0,0.358246,0,Medium Risk
25,117014,MORTGAGE,5.0,EDUCATION,A,8400,7.29,0.07,N,3,0.07178628198335242,9751.166666666666,0.8614353838002291,Young,3-5 years,0,0,0.04697113,0,Low Risk
22,12000,MORTGAGE,7.0,EDUCATION,D,1500,14.84,0.13,Y,3,0.125,1000.0,1.5,Young,6-10 years,0,0,0.55551744,1,Medium Risk
24,72000,MORTGAGE,1.0,VENTURE,B,6000,9.99,0.08,N,2,0.08333333333333333,6000.0,1.0,Young,0-2 years,0,0,0.007600041,0,Low Risk
28,127500,MORTGAGE,5.0,MEDICAL,E,20000,17.04,0.13,Y,8,0.1568627450980392,10625.0,1.8823529411764706,Adult,3-5 years,0,1,0.9625194,1,High Risk
22,32244,RENT,2.0,VENTURE,B,11100,12.21,0.34,N,3,0.3442500930405657,2687.0,4.131001116486789,Young,0-2 years,1,1,0.9953153,1,High Risk
24,74400,RENT,1.0,EDUCATION,A,3500,7.29,0.05,N,4,0.04704301075268817,6200.0,0.5645161290322581,Young,0-2 years,0,0,0.17143749,0,Low Risk
29,31100,RENT,2.0,DEBTCONSOLIDATION,B,5000,9.63,0.16,N,8,0.1607717041800643,2591.6666666666665,1.9292604501607717,Adult,0-2 years,0,0,0.35582823,0,Medium Risk
25,35004,RENT,3.0,PERSONAL,A,5000,8.94,0.14,N,2,0.1428408181922066,2917.0,1.7140898183064792,Young,3-5 years,0,0,0.116094865,0,Low Risk
24,32000,RENT,1.0,MEDICAL,A,5000,,0.16,N,3,0.15625,2666.6666666666665,1.875,Young,0-2 years,0,0,0.24313334,0,Low Risk
22,108803,MORTGAGE,6.0,MEDICAL,C,10000,12.23,0.08,N,4,0.09190923044401349,9066.916666666666,1.102910765328162,Young,6-10 years,0,1,0.28632814,0,Low Risk
25,34000,RENT,10.0,DEBTCONSOLIDATION,B,20000,8.88,0.59,N,2,0.5882352941176471,2833.3333333333335,7.0588235294117645,Young,6-10 years,1,1,0.9954537,1,High Risk
24,145000,MORTGAGE,0.0,HOMEIMPROVEMENT,B,7000,10.99,0.05,N,3,0.04827586206896552,12083.333333333334,0.5793103448275861,Young,0-2 years,0,0,0.08738955,0,Low Risk
24,113000,MORTGAGE,8.0,VENTURE,A,2100,7.4,0.02,N,3,0.018584070796460177,9416.666666666666,0.22300884955752215,Young,6-10 years,0,0,0.0064412025,0,Low Risk
41,50000,RENT,0.0,MEDICAL,B,6000,10.71,0.12,N,11,0.12,4166.666666666667,1.44,Middle Age,0-2 years,0,0,0.06391248,0,Low Risk
27,74800,MORTGAGE,1.0,MEDICAL,B,21000,10.59,0.28,N,7,0.2807486631016043,6233.333333333333,3.3689839572192515,Adult,0-2 years,0,0,0.23108603,0,Low Risk
25,120000,MORTGAGE,0.0,HOMEIMPROVEMENT,E,20000,,0.17,N,2,0.16666666666666666,10000.0,2.0,Young,0-2 years,0,0,0.61372197,1,High Risk
27,264000,MORTGAGE,0.0,MEDICAL,A,35000,,0.13,N,5,0.13257575757575757,22000.0,1.5909090909090908,Adult,0-2 years,0,0,0.045411568,0,Low Risk
24,37000,RENT,2.0,PERSONAL,B,7000,9.99,0.19,N,2,0.1891891891891892,3083.3333333333335,2.27027027027027,Young,0-2 years,0,0,0.2636883,0,Low Risk
27,75000,MORTGAGE,3.0,VENTURE,B,4000,11.49,0.05,N,7,0.05333333333333334,6250.0,0.64,Adult,3-5 years,0,0,0.008247525,0,Low Risk
26,40800,MORTGAGE,3.0,PERSONAL,A,7500,7.88,0.18,N,2,0.18382352941176472,3400.0,2.2058823529411766,Adult,3-5 years,0,0,0.08154292,0,Low Risk
25,45000,MORTGAGE,1.0,VENTURE,A,3000,6.62,0.07,N,2,0.06666666666666667,3750.0,0.8,Young,0-2 years,0,0,0.004083101,0,Low Risk
29,75000,OWN,3.0,HOMEIMPROVEMENT,A,12000,7.51,0.16,N,8,0.16,6250.0,1.92,Adult,3-5 years,0,0,0.0036822015,0,Low Risk
39,52273,RENT,3.0,EDUCATION,B,5000,,0.1,N,12,0.09565167486082682,4356.083333333333,1.1478200983299218,Middle Age,3-5 years,0,0,0.26337197,0,Low Risk
23,60000,RENT,5.0,DEBTCONSOLIDATION,A,10000,7.14,0.17,N,2,0.16666666666666666,5000.0,2.0,Young,3-5 years,0,0,0.042902477,0,Low Risk
22,43000,MORTGAGE,4.0,PERSONAL,C,6600,14.27,0.15,Y,2,0.15348837209302327,3583.3333333333335,1.841860465116279,Young,3-5 years,0,0,0.34253785,0,Medium Risk
27,45000,MORTGAGE,4.0,HOMEIMPROVEMENT,A,12000,8.94,0.27,N,6,0.26666666666666666,3750.0,3.2,Adult,3-5 years,0,0,0.18736008,0,Low Risk
31,39000,RENT,15.0,DEBTCONSOLIDATION,C,5200,13.48,0.13,N,9,0.13333333333333333,3250.0,1.6,Adult,10+ years,0,0,0.462938,0,Medium Risk
24,21600,RENT,0.0,EDUCATION,C,6600,12.68,0.31,Y,4,0.3055555555555556,1800.0,3.6666666666666665,Young,0-2 years,1,1,0.95906603,1,High Risk
22,52500,RENT,2.0,EDUCATION,B,15000,10.37,0.29,N,3,0.2857142857142857,4375.0,3.4285714285714284,Young,0-2 years,0,0,0.17549008,0,Low Risk
21,65000,RENT,5.0,PERSONAL,B,16000,9.91,0.25,N,3,0.24615384615384617,5416.666666666667,2.9538461538461536,Young,3-5 years,0,0,0.12710847,0,Low Risk
23,49029,RENT,1.0,MEDICAL,A,9000,,0.18,N,2,0.18356482897876766,4085.75,2.202777947745212,Young,0-2 years,0,1,0.31942317,0,Medium Risk
26,115000,MORTGAGE,3.0,EDUCATION,C,20000,13.16,0.17,Y,2,0.17391304347826086,9583.333333333334,2.0869565217391304,Adult,3-5 years,0,0,0.21475437,0,Low Risk
25,68000,MORTGAGE,3.0,HOMEIMPROVEMENT,D,6500,16.29,0.1,Y,3,0.09558823529411764,5666.666666666667,1.1470588235294117,Young,3-5 years,0,0,0.5104669,1,Medium Risk
31,36000,MORTGAGE,,EDUCATION,B,1000,10.59,0.03,N,9,0.027777777777777776,3000.0,0.3333333333333333,Adult,,0,0,0.3284096,0,Medium Risk
26,74000,MORTGAGE,1.0,EDUCATION,B,24000,10.74,0.32,N,3,0.32432432432432434,6166.666666666667,3.8918918918918917,Adult,0-2 years,1,1,0.47346848,0,Medium Risk
23,22884,MORTGAGE,4.0,EDUCATION,E,6000,16.0,0.26,N,2,0.26219192448872575,1907.0,3.146303093864709,Young,3-5 years,0,0,0.54605824,1,Medium Risk
36,60000,RENT,2.0,PERSONAL,A,2400,5.79,0.04,N,17,0.04,5000.0,0.48,Middle Age,0-2 years,0,0,0.027752277,0,Low Risk
36,36000,MORTGAGE,0.0,VENTURE,A,12000,9.63,0.33,N,15,0.3333333333333333,3000.0,4.0,Middle Age,0-2 years,1,0,0.029118,0,Low Risk
23,49000,MORTGAGE,2.0,VENTURE,A,6000,7.88,0.12,N,4,0.12244897959183673,4083.3333333333335,1.4693877551020407,Young,0-2 years,0,0,0.017026441,0,Low Risk
23,40000,RENT,4.0,VENTURE,A,9000,7.49,0.23,N,3,0.225,3333.3333333333335,2.6999999999999997,Young,3-5 years,0,0,0.007505852,0,Low Risk
31,82524,MORTGAGE,4.0,VENTURE,A,12000,6.62,0.15,N,8,0.14541224371092046,6877.0,1.7449469245310456,Adult,3-5 years,0,0,0.0014056365,0,Low Risk
28,43680,RENT,3.0,EDUCATION,C,4475,15.27,0.1,N,8,0.1024496336996337,3640.0,1.2293956043956045,Adult,3-5 years,0,0,0.39986822,0,Medium Risk
25,70000,OWN,9.0,HOMEIMPROVEMENT,A,5000,8.59,0.07,N,3,0.07142857142857142,5833.333333333333,0.8571428571428572,Young,6-10 years,0,0,0.0058454257,0,Low Risk
30,20000,RENT,1.0,EDUCATION,B,6000,,0.3,N,9,0.3,1666.6666666666667,3.5999999999999996,Adult,0-2 years,1,0,0.17568949,0,Low Risk
27,37200,RENT,4.0,EDUCATION,D,4000,17.27,0.11,N,9,0.10752688172043011,3100.0,1.2903225806451613,Adult,3-5 years,0,1,0.43089017,0,Medium Risk
22,50000,MORTGAGE,7.0,EDUCATION,A,12800,7.88,0.26,N,3,0.256,4166.666666666667,3.0719999999999996,Young,6-10 years,0,0,0.05581657,0,Low Risk
21,13806,RENT,6.0,EDUCATION,C,4750,12.73,0.34,Y,2,0.34405331015500507,1150.5,4.128639721860061,Young,6-10 years,1,1,0.998936,1,High Risk
28,56000,MORTGAGE,9.0,VENTURE,D,4800,14.61,0.09,Y,6,0.08571428571428572,4666.666666666667,1.0285714285714285,Adult,6-10 years,0,0,0.5364495,1,Medium Risk
31,238000,MORTGAGE,14.0,DEBTCONSOLIDATION,D,12000,14.09,0.05,Y,10,0.05042016806722689,19833.333333333332,0.6050420168067228,Adult,10+ years,0,1,0.95608854,1,High Risk
21,47580,MORTGAGE,5.0,EDUCATION,A,14000,6.03,0.29,N,2,0.2942412778478352,3965.0,3.530895334174023,Young,3-5 years,0,0,0.11816637,0,Low Risk
33,36000,RENT,5.0,DEBTCONSOLIDATION,A,7000,5.79,0.19,N,5,0.19444444444444445,3000.0,2.3333333333333335,Adult,3-5 years,0,1,0.07019671,0,Low Risk
35,250000,OWN,8.0,VENTURE,B,15000,9.88,0.06,N,9,0.06,20833.333333333332,0.7200000000000001,Adult,6-10 years,0,0,0.00039319776,0,Low Risk
32,45000,RENT,0.0,MEDICAL,A,8000,,0.18,N,5,0.17777777777777778,3750.0,2.1333333333333333,Adult,0-2 years,0,0,0.07075426,0,Low Risk
22,13200,RENT,0.0,HOMEIMPROVEMENT,B,2500,9.91,0.19,N,3,0.1893939393939394,1100.0,2.272727272727273,Young,0-2 years,0,1,0.99954516,1,High Risk
23,54000,MORTGAGE,2.0,VENTURE,A,7000,6.62,0.13,N,3,0.12962962962962962,4500.0,1.5555555555555556,Young,0-2 years,0,0,0.024040679,0,Low Risk
31,80000,RENT,0.0,HOMEIMPROVEMENT,A,10000,8.59,0.13,N,6,0.125,6666.666666666667,1.5,Adult,0-2 years,0,0,0.045136556,0,Low Risk
43,85000,RENT,14.0,EDUCATION,B,9000,11.89,0.11,N,11,0.10588235294117647,7083.333333333333,1.2705882352941178,Middle Age,10+ years,0,0,0.13545212,0,Low Risk
26,69996,MORTGAGE,10.0,DEBTCONSOLIDATION,C,14000,13.49,0.2,N,2,0.2000114292245271,5833.0,2.4001371506943254,Adult,6-10 years,0,0,0.2544131,0,Low Risk
27,231252,MORTGAGE,1.0,PERSONAL,B,2000,9.91,0.01,N,10,0.008648573850172106,19271.0,0.10378288620206529,Adult,0-2 years,0,0,0.048761226,0,Low Risk
30,54383,RENT,5.0,HOMEIMPROVEMENT,D,25000,15.65,0.46,Y,7,0.45970248055458507,4531.916666666667,5.516429766655021,Adult,3-5 years,1,1,0.9942622,1,High Risk
45,36000,RENT,2.0,EDUCATION,C,6000,,0.17,N,12,0.16666666666666666,3000.0,2.0,Middle Age,0-2 years,0,0,0.22054812,0,Low Risk
28,50000,RENT,5.0,PERSONAL,A,10000,7.88,0.2,N,7,0.2,4166.666666666667,2.4,Adult,3-5 years,0,0,0.025085432,0,Low Risk
35,37000,RENT,2.0,DEBTCONSOLIDATION,B,2000,11.26,0.05,N,10,0.05405405405405406,3083.3333333333335,0.6486486486486486,Adult,0-2 years,0,0,0.18656772,0,Low Risk
39,24000,RENT,0.0,DEBTCONSOLIDATION,A,4800,7.49,0.2,N,16,0.2,2000.0,2.4,Middle Age,0-2 years,0,0,0.10228485,0,Low Risk
30,81004,RENT,3.0,VENTURE,A,10000,6.91,0.12,N,9,0.12345069379289912,6750.333333333333,1.4814083255147894,Adult,3-5 years,0,0,0.0034304908,0,Low Risk
23,132000,MORTGAGE,7.0,PERSONAL,C,9000,11.34,0.07,Y,3,0.06818181818181818,11000.0,0.8181818181818182,Young,6-10 years,0,0,0.13322543,0,Low Risk
21,24996,RENT,0.0,DEBTCONSOLIDATION,D,5000,,0.2,N,3,0.20003200512081934,2083.0,2.400384061449832,Young,0-2 years,0,1,0.95473695,1,High Risk
23,26000,MORTGAGE,3.0,DEBTCONSOLIDATION,B,7800,10.59,0.3,N,3,0.3,2166.6666666666665,3.6,Young,3-5 years,1,0,0.3295546,0,Medium Risk
22,40000,RENT,7.0,EDUCATION,B,10000,10.37,0.25,N,2,0.25,3333.3333333333335,3.0,Young,6-10 years,0,0,0.1396839,0,Low Risk
40,95000,RENT,0.0,HOMEIMPROVEMENT,B,17000,10.0,0.18,N,12,0.17894736842105263,7916.666666666667,2.1473684210526316,Middle Age,0-2 years,0,0,0.06791447,0,Low Risk
23,25000,RENT,0.0,PERSONAL,A,5500,9.32,0.22,N,4,0.22,2083.3333333333335,2.6399999999999997,Young,0-2 years,0,0,0.21233054,0,Low Risk
27,90000,RENT,0.0,DEBTCONSOLIDATION,B,7500,,0.08,N,6,0.08333333333333333,7500.0,1.0,Adult,0-2 years,0,0,0.10560233,0,Low Risk
31,49000,RENT,6.0,PERSONAL,A,5600,6.03,0.11,N,6,0.11428571428571428,4083.3333333333335,1.3714285714285714,Adult,6-10 years,0,0,0.13251583,0,Low Risk
32,176000,MORTGAGE,15.0,PERSONAL,D,2400,14.42,0.01,Y,10,0.013636363636363636,14666.666666666666,0.16363636363636364,Adult,10+ years,0,0,0.16553557,0,Low Risk
42,100000,MORTGAGE,7.0,EDUCATION,C,5000,14.26,0.05,Y,15,0.05,8333.333333333334,0.6,Middle Age,6-10 years,0,0,0.098307215,0,Low Risk
40,41000,MORTGAGE,2.0,HOMEIMPROVEMENT,C,6000,12.53,0.15,N,11,0.14634146341463414,3416.6666666666665,1.7560975609756098,Middle Age,0-2 years,0,0,0.28949142,0,Low Risk
29,50000,MORTGAGE,4.0,MEDICAL,B,21850,12.42,0.44,N,10,0.437,4166.666666666667,5.244,Adult,3-5 years,1,0,0.20981872,0,Low Risk
49,90000,RENT,3.0,EDUCATION,B,12000,,0.13,N,16,0.13333333333333333,7500.0,1.6,Middle Age,3-5 years,0,0,0.08189811,0,Low Risk
28,26496,RENT,2.0,MEDICAL,D,5000,14.83,0.19,Y,10,0.18870772946859904,2208.0,2.2644927536231885,Adult,0-2 years,0,1,0.97003686,1,High Risk
22,50000,OWN,3.0,EDUCATION,A,6000,8.94,0.12,N,2,0.12,4166.666666666667,1.44,Young,3-5 years,0,0,0.0009549464,0,Low Risk
48,50000,RENT,1.0,HOMEIMPROVEMENT,B,5000,11.49,0.1,N,12,0.1,4166.666666666667,1.2,Middle Age,0-2 years,0,0,0.15445814,0,Low Risk
22,70000,MORTGAGE,5.0,DEBTCONSOLIDATION,C,15000,13.92,0.21,N,2,0.21428571428571427,5833.333333333333,2.5714285714285716,Young,3-5 years,0,0,0.1917512,0,Low Risk
23,32800,OWN,3.0,VENTURE,A,8000,7.29,0.24,N,3,0.24390243902439024,2733.3333333333335,2.926829268292683,Young,3-5 years,0,0,0.00093222427,0,Low Risk
26,56810,MORTGAGE,10.0,DEBTCONSOLIDATION,C,2500,,0.04,Y,3,0.044006336912515404,4734.166666666667,0.5280760429501848,Adult,6-10 years,0,0,0.35768715,0,Medium Risk
28,48000,RENT,0.0,EDUCATION,B,10000,10.08,0.21,N,6,0.20833333333333334,4000.0,2.5,Adult,0-2 years,0,0,0.20177658,0,Low Risk
22,30000,MORTGAGE,6.0,VENTURE,B,3000,11.49,0.1,N,2,0.1,2500.0,1.2,Young,6-10 years,0,0,0.06210269,0,Low Risk
35,225000,MORTGAGE,17.0,VENTURE,A,5000,7.49,0.02,N,9,0.022222222222222223,18750.0,0.26666666666666666,Adult,10+ years,0,0,0.0030998928,0,Low Risk
37,78000,RENT,0.0,MEDICAL,C,9600,12.99,0.12,N,16,0.12307692307692308,6500.0,1.476923076923077,Middle Age,0-2 years,0,0,0.23768449,0,Low Risk
27,44004,RENT,0.0,PERSONAL,C,5000,13.79,0.11,N,8,0.11362603399690938,3667.0,1.3635124079629124,Adult,0-2 years,0,1,0.4545952,0,Medium Risk
22,63800,MORTGAGE,7.0,DEBTCONSOLIDATION,B,25000,11.36,0.39,N,4,0.39184952978056425,5316.666666666667,4.702194357366771,Young,6-10 years,1,0,0.4713573,0,Medium Risk
23,105000,MORTGAGE,5.0,EDUCATION,E,15000,16.82,0.14,Y,4,0.14285714285714285,8750.0,1.7142857142857142,Young,3-5 years,0,0,0.18709746,0,Low Risk
30,39750,MORTGAGE,3.0,HOMEIMPROVEMENT,B,1425,10.37,0.04,N,5,0.035849056603773584,3312.5,0.43018867924528303,Adult,3-5 years,0,0,0.50574625,1,Medium Risk
21,28800,RENT,1.0,EDUCATION,B,9600,10.37,0.33,N,3,0.3333333333333333,2400.0,4.0,Young,0-2 years,1,1,0.9899781,1,High Risk
55,28800,OWN,1.0,PERSONAL,D,5000,15.33,0.17,N,22,0.1736111111111111,2400.0,2.0833333333333335,Senior,0-2 years,0,0,0.011633334,0,Low Risk
28,131004,MORTGAGE,5.0,EDUCATION,A,25000,7.9,0.19,N,5,0.1908338676681628,10917.0,2.2900064120179535,Adult,3-5 years,0,0,0.03695103,0,Low Risk
41,40000,MORTGAGE,5.0,MEDICAL,B,1500,10.36,0.04,N,16,0.0375,3333.3333333333335,0.44999999999999996,Middle Age,3-5 years,0,0,0.1750202,0,Low Risk
26,62500,RENT,7.0,MEDICAL,C,12000,12.23,0.19,Y,4,0.192,5208.333333333333,2.3040000000000003,Adult,6-10 years,0,0,0.23864475,0,Low Risk
23,81000,RENT,5.0,PERSONAL,D,12000,16.29,0.15,Y,4,0.14814814814814814,6750.0,1.7777777777777777,Young,3-5 years,0,0,0.3068292,0,Medium Risk
26,33800,RENT,4.0,EDUCATION,C,13000,13.57,0.38,N,4,0.38461538461538464,2816.6666666666665,4.615384615384616,Adult,3-5 years,1,1,0.9929015,1,High Risk
21,62500,MORTGAGE,6.0,EDUCATION,A,13200,7.9,0.21,N,3,0.2112,5208.333333333333,2.5344,Young,6-10 years,0,0,0.0888388,0,Low Risk
59,83768,MORTGAGE,15.0,PERSONAL,B,12000,11.86,0.14,N,18,0.14325279342947186,6980.666666666667,1.7190335211536625,Senior,10+ years,0,0,0.08742504,0,Low Risk
30,90000,MORTGAGE,5.0,PERSONAL,B,7500,10.71,0.08,N,5,0.08333333333333333,7500.0,1.0,Adult,3-5 years,0,0,0.09475289,0,Low Risk
28,54000,MORTGAGE,9.0,EDUCATION,A,10000,8.59,0.19,N,8,0.18518518518518517,4500.0,2.2222222222222223,Adult,6-10 years,0,0,0.37658828,0,Medium Risk
21,34000,MORTGAGE,5.0,PERSONAL,A,7200,6.76,0.21,N,2,0.21176470588235294,2833.3333333333335,2.541176470588235,Young,3-5 years,0,1,0.40999746,0,Medium Risk
27,65000,RENT,0.0,HOMEIMPROVEMENT,B,12000,,0.18,N,7,0.18461538461538463,5416.666666666667,2.215384615384615,Adult,0-2 years,0,0,0.10562106,0,Low Risk
23,72000,RENT,3.0,EDUCATION,A,10800,7.88,0.15,N,2,0.15,6000.0,1.8,Young,3-5 years,0,0,0.028907508,0,Low Risk
28,42000,RENT,0.0,MEDICAL,A,6400,5.79,0.15,N,6,0.1523809523809524,3500.0,1.8285714285714285,Adult,0-2 years,0,0,0.07823926,0,Low Risk
30,56004,MORTGAGE,9.0,HOMEIMPROVEMENT,A,9600,5.99,0.17,N,6,0.17141632740518534,4667.0,2.056995928862224,Adult,6-10 years,0,0,0.18225062,0,Low Risk
37,125000,MORTGAGE,1.0,HOMEIMPROVEMENT,A,8000,9.32,0.06,N,15,0.064,10416.666666666666,0.768,Middle Age,0-2 years,0,0,0.04810498,0,Low Risk
22,100000,MORTGAGE,2.0,EDUCATION,B,15000,11.99,0.15,N,2,0.15,8333.333333333334,1.7999999999999998,Young,0-2 years,0,0,0.033389803,0,Low Risk
22,105000,MORTGAGE,6.0,DEBTCONSOLIDATION,B,12800,11.83,0.12,N,3,0.1219047619047619,8750.0,1.4628571428571429,Young,6-10 years,0,0,0.07152982,0,Low Risk
25,34800,RENT,9.0,MEDICAL,D,5600,16.77,0.16,N,4,0.16091954022988506,2900.0,1.9310344827586208,Young,6-10 years,0,1,0.90645653,1,High Risk
23,60000,RENT,1.0,DEBTCONSOLIDATION,A,3000,7.51,0.05,N,2,0.05,5000.0,0.6,Young,0-2 years,0,0,0.07293499,0,Low Risk
26,65000,MORTGAGE,6.0,MEDICAL,B,9250,,0.14,N,2,0.1423076923076923,5416.666666666667,1.7076923076923076,Adult,6-10 years,0,0,0.10107406,0,Low Risk
30,51372,RENT,,MEDICAL,A,4500,6.39,0.09,N,10,0.08759635599159075,4281.0,1.051156271899089,Adult,,0,0,0.10260999,0,Low Risk
37,70000,MORTGAGE,3.0,EDUCATION,D,15000,15.2,0.21,N,15,0.21428571428571427,5833.333333333333,2.5714285714285716,Middle Age,3-5 years,0,0,0.21014297,0,Low Risk
28,123000,MORTGAGE,0.0,PERSONAL,A,10000,7.14,0.08,N,6,0.08130081300813008,10250.0,0.975609756097561,Adult,0-2 years,0,1,0.026333215,0,Low Risk
22,42000,RENT,7.0,DEBTCONSOLIDATION,E,7500,17.04,0.18,N,2,0.17857142857142858,3500.0,2.142857142857143,Young,6-10 years,0,1,0.9746577,1,High Risk
31,70550,MORTGAGE,9.0,MEDICAL,F,18000,19.74,0.22,Y,10,0.25513819985825653,5879.166666666667,3.0616583982990786,Adult,6-10 years,0,1,0.95147014,1,High Risk
26,74000,MORTGAGE,0.0,DEBTCONSOLIDATION,E,16800,16.4,0.23,Y,4,0.22702702702702704,6166.666666666667,2.724324324324324,Adult,0-2 years,0,1,0.9860049,1,High Risk
24,23196,RENT,1.0,EDUCATION,D,7500,13.24,0.32,N,2,0.3233316088980859,1933.0,3.8799793067770305,Young,0-2 years,1,1,0.9951572,1,High Risk
45,118000,MORTGAGE,15.0,HOMEIMPROVEMENT,B,25000,12.18,0.21,N,12,0.211864406779661,9833.333333333334,2.542372881355932,Middle Age,10+ years,0,0,0.38213187,0,Medium Risk
31,121000,MORTGAGE,15.0,DEBTCONSOLIDATION,C,25000,12.73,0.21,Y,9,0.2066115702479339,10083.333333333334,2.4793388429752063,Adult,10+ years,0,0,0.33255798,0,Medium Risk
27,66000,RENT,2.0,EDUCATION,C,8000,14.79,0.12,Y,7,0.12121212121212122,5500.0,1.4545454545454546,Adult,0-2 years,0,0,0.39059362,0,Medium Risk
24,17616,RENT,,VENTURE,B,2000,10.37,0.11,N,2,0.11353315168029064,1468.0,1.3623978201634876,Young,,0,0,0.105565876,0,Low Risk
22,137000,MORTGAGE,3.0,MEDICAL,B,25000,9.99,0.18,N,4,0.18248175182481752,11416.666666666666,2.18978102189781,Young,3-5 years,0,0,0.054746505,0,Low Risk
35,39000,RENT,2.0,MEDICAL,B,10000,10.25,0.26,N,5,0.2564102564102564,3250.0,3.076923076923077,Adult,0-2 years,0,0,0.43061838,0,Medium Risk
23,54000,RENT,5.0,VENTURE,D,13275,17.58,0.25,Y,2,0.24583333333333332,4500.0,2.95,Young,3-5 years,0,0,0.63367647,1,High Risk
24,45000,MORTGAGE,6.0,HOMEIMPROVEMENT,A,4075,5.42,0.09,N,3,0.09055555555555556,3750.0,1.0866666666666667,Young,6-10 years,0,0,0.096292526,0,Low Risk
29,14573,RENT,6.0,HOMEIMPROVEMENT,B,5000,12.18,0.34,N,5,0.34310025389418786,1214.4166666666667,4.117203046730254,Adult,6-10 years,1,1,0.9996687,1,High Risk
24,57600,RENT,8.0,EDUCATION,C,2500,14.72,0.04,Y,3,0.043402777777777776,4800.0,0.5208333333333334,Young,6-10 years,0,0,0.2638779,0,Low Risk
23,75000,RENT,2.0,PERSONAL,C,12000,12.98,0.16,Y,2,0.16,6250.0,1.92,Young,0-2 years,0,0,0.13041413,0,Low Risk
22,42000,OWN,3.0,VENTURE,A,7000,,0.17,N,3,0.16666666666666666,3500.0,2.0,Young,3-5 years,0,0,0.0007138358,0,Low Risk
26,38004,MORTGAGE,3.0,VENTURE,C,10000,13.35,0.26,N,2,0.2631301968213872,3167.0,3.157562361856647,Adult,3-5 years,0,0,0.29919413,0,Low Risk
36,32400,MORTGAGE,20.0,PERSONAL,D,6600,13.24,0.2,Y,11,0.2037037037037037,2700.0,2.4444444444444446,Middle Age,10+ years,0,0,0.74358267,1,High Risk
27,27900,RENT,3.0,MEDICAL,A,10625,7.9,0.38,N,5,0.38082437275985664,2325.0,4.56989247311828,Adult,3-5 years,1,1,0.99240476,1,High Risk
23,75000,MORTGAGE,3.0,VENTURE,A,14400,6.03,0.19,N,4,0.192,6250.0,2.304,Young,3-5 years,0,0,0.0031778507,0,Low Risk
34,55000,RENT,4.0,MEDICAL,B,7000,8.88,0.13,N,9,0.12727272727272726,4583.333333333333,1.5272727272727273,Adult,3-5 years,0,0,0.10040781,0,Low Risk
27,33600,RENT,1.0,MEDICAL,C,3000,13.49,0.09,Y,9,0.08928571428571429,2800.0,1.0714285714285714,Adult,0-2 years,0,0,0.36061877,0,Medium Risk
25,82560,RENT,6.0,DEBTCONSOLIDATION,A,4500,7.42,0.05,N,4,0.05450581395348837,6880.0,0.6540697674418605,Young,6-10 years,0,0,0.054333854,0,Low Risk
26,24500,RENT,4.0,PERSONAL,B,8875,10.0,0.36,N,2,0.3622448979591837,2041.6666666666667,4.346938775510204,Adult,3-5 years,1,1,0.99408156,1,High Risk
23,34800,RENT,0.0,HOMEIMPROVEMENT,B,7000,11.99,0.2,N,3,0.20114942528735633,2900.0,2.413793103448276,Young,0-2 years,0,1,0.9858764,1,High Risk
24,76000,MORTGAGE,8.0,PERSONAL,A,12000,6.03,0.16,N,2,0.15789473684210525,6333.333333333333,1.8947368421052633,Young,6-10 years,0,0,0.035020046,0,Low Risk
22,27500,RENT,1.0,VENTURE,B,4250,10.99,0.15,N,2,0.15454545454545454,2291.6666666666665,1.8545454545454547,Young,0-2 years,0,0,0.049341794,0,Low Risk
26,80000,MORTGAGE,10.0,PERSONAL,B,25000,10.62,0.31,N,4,0.3125,6666.666666666667,3.75,Adult,6-10 years,1,0,0.18456788,0,Low Risk
26,84000,RENT,7.0,DEBTCONSOLIDATION,D,15000,16.0,0.18,Y,3,0.17857142857142858,7000.0,2.142857142857143,Adult,6-10 years,0,1,0.98477995,1,High Risk
21,57200,MORTGAGE,5.0,DEBTCONSOLIDATION,A,8000,6.03,0.14,N,2,0.13986013986013987,4766.666666666667,1.6783216783216781,Young,3-5 years,0,0,0.066231675,0,Low Risk
29,72500,RENT,1.0,PERSONAL,A,7000,7.29,0.1,N,5,0.09655172413793103,6041.666666666667,1.1586206896551723,Adult,0-2 years,0,0,0.06891636,0,Low Risk
29,43738,RENT,1.0,MEDICAL,A,14000,7.88,0.32,N,6,0.3200877955096255,3644.8333333333335,3.8410535461155058,Adult,0-2 years,1,1,0.9852223,1,High Risk
37,85000,RENT,5.0,HOMEIMPROVEMENT,A,35000,8.9,0.41,N,17,0.4117647058823529,7083.333333333333,4.9411764705882355,Middle Age,3-5 years,1,1,0.98003423,1,High Risk
24,34000,RENT,1.0,HOMEIMPROVEMENT,B,10000,12.69,0.29,N,2,0.29411764705882354,2833.3333333333335,3.5294117647058822,Young,0-2 years,0,1,0.9675282,1,High Risk
21,86000,MORTGAGE,3.0,VENTURE,A,8400,,0.1,N,4,0.09767441860465116,7166.666666666667,1.172093023255814,Young,3-5 years,0,0,0.0079919975,0,Low Risk
26,50000,MORTGAGE,10.0,PERSONAL,A,10000,7.51,0.2,N,3,0.2,4166.666666666667,2.4,Adult,6-10 years,0,0,0.08946538,0,Low Risk
35,41000,MORTGAGE,0.0,DEBTCONSOLIDATION,B,8000,10.83,0.2,N,6,0.1951219512195122,3416.6666666666665,2.3414634146341466,Adult,0-2 years,0,0,0.24861573,0,Low Risk
26,72000,RENT,0.0,DEBTCONSOLIDATION,B,9000,10.74,0.13,N,2,0.125,6000.0,1.5,Adult,0-2 years,0,0,0.09962105,0,Low Risk
47,80004,MORTGAGE,5.0,EDUCATION,B,7000,,0.09,N,15,0.08749562521873906,6667.0,1.0499475026248688,Middle Age,3-5 years,0,0,0.22307684,0,Low Risk
22,41717,OWN,5.0,VENTURE,B,20000,11.12,0.48,N,4,0.47942085960160125,3476.4166666666665,5.753050315219215,Young,3-5 years,1,0,0.00383566,0,Low Risk
26,36000,MORTGAGE,2.0,PERSONAL,A,7000,7.49,0.19,N,2,0.19444444444444445,3000.0,2.3333333333333335,Adult,0-2 years,0,0,0.14061224,0,Low Risk
25,54000,RENT,1.0,PERSONAL,D,20000,15.65,0.37,Y,3,0.37037037037037035,4500.0,4.444444444444445,Young,0-2 years,1,1,0.99807453,1,High Risk
34,110000,MORTGAGE,2.0,MEDICAL,A,10000,7.29,0.09,N,10,0.09090909090909091,9166.666666666666,1.090909090909091,Adult,0-2 years,0,0,0.01988115,0,Low Risk
22,30000,OWN,5.0,PERSONAL,B,3000,10.36,0.1,N,2,0.1,2500.0,1.2,Young,3-5 years,0,0,0.007000202,0,Low Risk
26,30000,MORTGAGE,10.0,VENTURE,A,6500,6.62,0.22,N,3,0.21666666666666667,2500.0,2.6,Adult,6-10 years,0,0,0.04271947,0,Low Risk
22,69000,RENT,6.0,DEBTCONSOLIDATION,B,20000,10.99,0.29,N,4,0.2898550724637681,5750.0,3.4782608695652173,Young,6-10 years,0,1,0.45247233,0,Medium Risk
37,44004,RENT,2.0,PERSONAL,C,9200,12.84,0.21,N,13,0.20907190255431324,3667.0,2.508862830651759,Middle Age,0-2 years,0,1,0.45698625,0,Medium Risk
36,59617,MORTGAGE,14.0,PERSONAL,D,21000,15.62,0.35,N,14,0.35224851971753024,4968.083333333333,4.226982236610363,Middle Age,10+ years,1,0,0.32148552,0,Medium Risk
22,55500,RENT,6.0,MEDICAL,B,3000,10.59,0.05,N,3,0.05405405405405406,4625.0,0.6486486486486487,Young,6-10 years,0,0,0.21691267,0,Low Risk
25,42348,MORTGAGE,9.0,DEBTCONSOLIDATION,A,8000,,0.19,N,2,0.18891092849721355,3529.0,2.266931141966563,Young,6-10 years,0,0,0.14866538,0,Low Risk
45,33600,RENT,8.0,VENTURE,D,11300,12.17,0.34,N,11,0.33630952380952384,2800.0,4.035714285714286,Middle Age,6-10 years,1,1,0.99033886,1,High Risk
29,42000,OWN,13.0,MEDICAL,A,2500,6.76,0.06,N,5,0.05952380952380952,3500.0,0.7142857142857143,Adult,10+ years,0,0,0.006314667,0,Low Risk
34,50000,MORTGAGE,6.0,VENTURE,C,16000,13.49,0.32,Y,5,0.32,4166.666666666667,3.84,Adult,6-10 years,1,0,0.24410506,0,Low Risk
22,70000,RENT,4.0,EDUCATION,B,10000,12.69,0.14,N,4,0.14285714285714285,5833.333333333333,1.7142857142857144,Young,3-5 years,0,0,0.08150672,0,Low Risk
28,191250,MORTGAGE,11.0,MEDICAL,E,9000,16.95,0.04,N,6,0.047058823529411764,15937.5,0.5647058823529412,Adult,10+ years,0,1,0.98173296,1,High Risk
24,26000,RENT,8.0,EDUCATION,E,10000,16.63,0.38,Y,2,0.38461538461538464,2166.6666666666665,4.615384615384616,Young,6-10 years,1,1,0.99217623,1,High Risk
24,80000,MORTGAGE,2.0,MEDICAL,B,2500,11.49,0.03,N,2,0.03125,6666.666666666667,0.375,Young,0-2 years,0,0,0.090104,0,Low Risk
27,150000,MORTGAGE,3.0,EDUCATION,E,8000,17.19,0.05,Y,5,0.05333333333333334,12500.0,0.64,Adult,3-5 years,0,0,0.29755926,0,Low Risk
23,70550,RENT,3.0,MEDICAL,F,25000,19.04,0.3,Y,4,0.3543586109142452,5879.166666666667,4.252303330970943,Young,3-5 years,1,1,0.9904235,1,High Risk
33,30000,OWN,1.0,VENTURE,C,5000,12.68,0.17,Y,10,0.16666666666666666,2500.0,2.0,Adult,0-2 years,0,0,0.0065436927,0,Low Risk
24,22320,OWN,4.0,MEDICAL,E,1000,16.32,0.04,N,2,0.044802867383512544,1860.0,0.5376344086021505,Young,3-5 years,0,1,0.5530643,1,Medium Risk
23,38004,RENT,2.0,EDUCATION,A,4500,7.88,0.12,N,3,0.11840858856962425,3167.0,1.420903062835491,Young,0-2 years,0,0,0.07719135,0,Low Risk
24,65450,MORTGAGE,8.0,MEDICAL,D,5000,16.77,0.06,N,4,0.07639419404125286,5454.166666666667,0.9167303284950343,Young,6-10 years,0,1,0.98002964,1,High Risk
33,56400,MORTGAGE,3.0,EDUCATION,B,8500,12.42,0.15,N,6,0.15070921985815602,4700.0,1.8085106382978724,Adult,3-5 years,0,1,0.28070924,0,Low Risk
30,138000,MORTGAGE,13.0,HOMEIMPROVEMENT,B,10000,10.99,0.07,N,10,0.07246376811594203,11500.0,0.8695652173913043,Adult,10+ years,0,1,0.11598934,0,Low Risk
27,108000,MORTGAGE,3.0,HOMEIMPROVEMENT,A,13750,5.79,0.13,N,5,0.12731481481481483,9000.0,1.5277777777777777,Adult,3-5 years,0,0,0.05363516,0,Low Risk
22,46200,RENT,0.0,VENTURE,A,10000,7.29,0.22,N,3,0.21645021645021645,3850.0,2.5974025974025974,Young,0-2 years,0,0,0.012889628,0,Low Risk
38,21600,OWN,1.0,EDUCATION,C,4750,15.23,0.22,Y,16,0.2199074074074074,1800.0,2.638888888888889,Middle Age,0-2 years,0,0,0.0037644482,0,Low Risk
32,56000,MORTGAGE,5.0,PERSONAL,A,10000,7.14,0.18,N,8,0.17857142857142858,4666.666666666667,2.142857142857143,Adult,3-5 years,0,0,0.09264949,0,Low Risk
31,48000,MORTGAGE,15.0,PERSONAL,B,5000,10.36,0.1,N,5,0.10416666666666667,4000.0,1.25,Adult,10+ years,0,1,0.24350594,0,Low Risk
21,35000,RENT,0.0,MEDICAL,B,3500,9.62,0.1,N,2,0.1,2916.6666666666665,1.2,Young,0-2 years,0,0,0.13053145,0,Low Risk
43,125000,MORTGAGE,,HOMEIMPROVEMENT,A,8800,7.88,0.07,N,13,0.0704,10416.666666666666,0.8448,Middle Age,,0,0,0.033486307,0,Low Risk
23,53004,MORTGAGE,7.0,PERSONAL,A,10000,5.79,0.19,N,3,0.18866500641461023,4417.0,2.2639800769753227,Young,6-10 years,0,0,0.083911754,0,Low Risk
23,73000,RENT,2.0,VENTURE,B,3000,12.18,0.04,N,3,0.0410958904109589,6083.333333333333,0.4931506849315069,Young,0-2 years,0,0,0.042398486,0,Low Risk
25,60000,RENT,8.0,HOMEIMPROVEMENT,D,5000,15.57,0.08,N,4,0.08333333333333333,5000.0,1.0,Young,6-10 years,0,0,0.4493504,0,Medium Risk
29,56700,OWN,14.0,MEDICAL,B,11000,10.62,0.19,N,6,0.19400352733686066,4725.0,2.328042328042328,Adult,10+ years,0,0,0.00764629,0,Low Risk
23,44390,OWN,3.0,EDUCATION,B,14300,10.99,0.32,N,2,0.32214462716828113,3699.1666666666665,3.8657355260193738,Young,3-5 years,1,0,0.003260625,0,Low Risk
22,55000,RENT,7.0,MEDICAL,B,10000,10.37,0.18,N,2,0.18181818181818182,4583.333333333333,2.181818181818182,Young,6-10 years,0,0,0.14232805,0,Low Risk
22,43000,RENT,7.0,DEBTCONSOLIDATION,C,24000,13.85,0.56,Y,3,0.5581395348837209,3583.3333333333335,6.697674418604651,Young,6-10 years,1,1,0.9960586,1,High Risk
29,85200,MORTGAGE,5.0,MEDICAL,C,8900,,0.1,Y,6,0.10446009389671361,7100.0,1.2535211267605635,Adult,3-5 years,0,0,0.16417994,0,Low Risk
31,73000,MORTGAGE,3.0,DEBTCONSOLIDATION,B,15000,,0.21,N,9,0.2054794520547945,6083.333333333333,2.4657534246575343,Adult,3-5 years,0,0,0.28080222,0,Low Risk
23,31200,RENT,0.0,PERSONAL,C,3200,13.49,0.1,Y,2,0.10256410256410256,2600.0,1.2307692307692308,Young,0-2 years,0,0,0.44003716,0,Medium Risk
34,52809,RENT,18.0,VENTURE,B,13000,10.62,0.25,N,9,0.24617016038932757,4400.75,2.9540419246719307,Adult,10+ years,0,0,0.012783387,0,Low Risk
26,66000,RENT,3.0,HOMEIMPROVEMENT,B,25000,11.58,0.38,N,4,0.3787878787878788,5500.0,4.545454545454546,Adult,3-5 years,1,1,0.99425006,1,High Risk
23,39000,RENT,2.0,HOMEIMPROVEMENT,D,10000,15.2,0.26,N,4,0.2564102564102564,3250.0,3.076923076923077,Young,0-2 years,0,1,0.9986847,1,High Risk
73,75000,RENT,0.0,MEDICAL,A,7800,,0.1,N,24,0.104,6250.0,1.248,Senior,0-2 years,0,0,0.03459195,0,Low Risk
27,35000,RENT,3.0,MEDICAL,A,6000,7.49,0.17,N,10,0.17142857142857143,2916.6666666666665,2.0571428571428574,Adult,3-5 years,0,0,0.070554495,0,Low Risk
28,73200,RENT,2.0,VENTURE,A,12000,8.9,0.16,N,5,0.16393442622950818,6100.0,1.9672131147540983,Adult,0-2 years,0,0,0.017235499,0,Low Risk
26,90000,RENT,3.0,EDUCATION,C,8000,14.27,0.09,N,3,0.08888888888888889,7500.0,1.0666666666666667,Adult,3-5 years,0,0,0.16069442,0,Low Risk
29,52044,MORTGAGE,12.0,EDUCATION,A,8875,7.9,0.17,N,7,0.17052878333717625,4337.0,2.046345400046115,Adult,10+ years,0,1,0.23599283,0,Low Risk
26,63000,MORTGAGE,10.0,HOMEIMPROVEMENT,B,10000,9.25,0.16,N,3,0.15873015873015872,5250.0,1.9047619047619047,Adult,6-10 years,0,0,0.30208483,0,Medium Risk
31,53000,MORTGAGE,7.0,VENTURE,C,4550,11.03,0.09,Y,6,0.08584905660377358,4416.666666666667,1.030188679245283,Adult,6-10 years,0,0,0.3070146,0,Medium Risk
28,78000,MORTGAGE,4.0,HOMEIMPROVEMENT,B,24000,10.25,0.31,N,8,0.3076923076923077,6500.0,3.6923076923076925,Adult,3-5 years,1,1,0.35561827,0,Medium Risk
31,68004,MORTGAGE,15.0,MEDICAL,B,6000,10.95,0.09,N,9,0.08823010411152285,5667.0,1.0587612493382743,Adult,10+ years,0,0,0.18739103,0,Low Risk
27,83000,MORTGAGE,11.0,VENTURE,C,2500,13.99,0.03,Y,8,0.030120481927710843,6916.666666666667,0.3614457831325301,Adult,10+ years,0,0,0.27694553,0,Low Risk
28,43500,MORTGAGE,12.0,EDUCATION,B,4000,12.69,0.09,N,8,0.09195402298850575,3625.0,1.103448275862069,Adult,10+ years,0,0,0.34734717,0,Medium Risk
28,50000,RENT,4.0,PERSONAL,B,7200,,0.14,N,9,0.144,4166.666666666667,1.728,Adult,3-5 years,0,0,0.070160724,0,Low Risk
24,119500,OWN,8.0,HOMEIMPROVEMENT,B,3500,12.18,0.03,N,2,0.029288702928870293,9958.333333333334,0.3514644351464435,Young,6-10 years,0,0,0.008129679,0,Low Risk
31,46300,MORTGAGE,16.0,PERSONAL,A,7500,7.88,0.16,N,6,0.16198704103671707,3858.3333333333335,1.9438444924406046,Adult,10+ years,0,0,0.11249932,0,Low Risk
28,77000,MORTGAGE,5.0,PERSONAL,B,15000,12.21,0.19,N,5,0.19480519480519481,6416.666666666667,2.3376623376623376,Adult,3-5 years,0,0,0.25251368,0,Low Risk
27,85000,RENT,11.0,PERSONAL,B,6000,,0.07,N,7,0.07058823529411765,7083.333333333333,0.8470588235294118,Adult,10+ years,0,0,0.1262766,0,Low Risk
30,144000,MORTGAGE,7.0,PERSONAL,A,6000,8.49,0.04,N,7,0.041666666666666664,12000.0,0.5,Adult,6-10 years,0,0,0.0309139,0,Low Risk
22,36000,MORTGAGE,6.0,DEBTCONSOLIDATION,A,10000,5.42,0.28,N,3,0.2777777777777778,3000.0,3.3333333333333335,Young,6-10 years,0,0,0.09528647,0,Low Risk
22,70000,MORTGAGE,6.0,VENTURE,B,2000,10.74,0.03,N,2,0.02857142857142857,5833.333333333333,0.34285714285714286,Young,6-10 years,0,0,0.004715376,0,Low Risk
22,66614,MORTGAGE,6.0,MEDICAL,E,11000,17.99,0.14,Y,2,0.16513045305791577,5551.166666666667,1.9815654366949889,Young,6-10 years,0,1,0.96919703,1,High Risk
25,75000,RENT,9.0,DEBTCONSOLIDATION,B,25000,10.36,0.33,N,2,0.3333333333333333,6250.0,4.0,Young,6-10 years,1,1,0.986858,1,High Risk
28,50820,MORTGAGE,12.0,PERSONAL,B,10000,10.59,0.2,N,8,0.19677292404565133,4235.0,2.3612750885478158,Adult,10+ years,0,1,0.13589495,0,Low Risk
23,83200,MORTGAGE,6.0,EDUCATION,A,4000,7.49,0.05,N,4,0.04807692307692308,6933.333333333333,0.576923076923077,Young,6-10 years,0,0,0.057363074,0,Low Risk
25,70000,MORTGAGE,4.0,PERSONAL,C,15000,13.16,0.21,Y,3,0.21428571428571427,5833.333333333333,2.5714285714285716,Young,3-5 years,0,1,0.15821053,0,Low Risk
27,81193,RENT,2.0,DEBTCONSOLIDATION,B,12000,10.71,0.15,N,6,0.14779599226534307,6766.083333333333,1.773551907184117,Adult,0-2 years,0,0,0.07235228,0,Low Risk
45,100000,MORTGAGE,16.0,PERSONAL,A,16000,6.62,0.16,N,16,0.16,8333.333333333334,1.92,Middle Age,10+ years,0,0,0.009337399,0,Low Risk
28,90000,MORTGAGE,0.0,MEDICAL,A,15000,7.88,0.17,N,6,0.16666666666666666,7500.0,2.0,Adult,0-2 years,0,0,0.02737304,0,Low Risk
29,75000,MORTGAGE,3.0,PERSONAL,B,4000,10.75,0.05,N,9,0.05333333333333334,6250.0,0.64,Adult,3-5 years,0,0,0.07780664,0,Low Risk
32,110000,MORTGAGE,5.0,EDUCATION,B,10000,10.99,0.09,N,9,0.09090909090909091,9166.666666666666,1.090909090909091,Adult,3-5 years,0,0,0.08658918,0,Low Risk
21,35100,RENT,1.0,EDUCATION,A,3500,5.79,0.1,N,2,0.09971509971509972,2925.0,1.1965811965811965,Young,0-2 years,0,0,0.0420875,0,Low Risk
22,53124,MORTGAGE,4.0,EDUCATION,C,6500,13.61,0.12,N,3,0.12235524433401099,4427.0,1.468262932008132,Young,3-5 years,0,0,0.16334625,0,Low Risk
44,76000,MORTGAGE,3.0,HOMEIMPROVEMENT,C,3600,14.79,0.05,Y,12,0.04736842105263158,6333.333333333333,0.5684210526315789,Middle Age,3-5 years,0,0,0.20098655,0,Low Risk
27,45000,MORTGAGE,7.0,PERSONAL,A,12000,6.91,0.27,N,8,0.26666666666666666,3750.0,3.2,Adult,6-10 years,0,0,0.11265786,0,Low Risk
22,39000,MORTGAGE,1.0,VENTURE,F,5000,18.21,0.13,Y,4,0.1282051282051282,3250.0,1.5384615384615385,Young,0-2 years,0,1,0.8539146,1,High Risk
44,99000,MORTGAGE,3.0,EDUCATION,B,8000,9.25,0.08,N,14,0.08080808080808081,8250.0,0.9696969696969697,Middle Age,3-5 years,0,0,0.19618733,0,Low Risk
43,65000,MORTGAGE,2.0,EDUCATION,B,24000,10.99,0.37,N,13,0.36923076923076925,5416.666666666667,4.43076923076923,Middle Age,0-2 years,1,0,0.22998856,0,Low Risk
24,95000,RENT,4.0,HOMEIMPROVEMENT,D,20000,,0.21,Y,3,0.21052631578947367,7916.666666666667,2.526315789473684,Young,3-5 years,0,0,0.47905794,0,Medium Risk
28,30000,RENT,12.0,MEDICAL,D,10000,17.58,0.33,N,5,0.3333333333333333,2500.0,4.0,Adult,10+ years,1,1,0.9932285,1,High Risk
34,44000,OWN,2.0,VENTURE,C,10000,13.43,0.23,N,6,0.22727272727272727,3666.6666666666665,2.7272727272727275,Adult,0-2 years,0,0,0.009878717,0,Low Risk
26,160000,MORTGAGE,0.0,DEBTCONSOLIDATION,C,13750,,0.09,N,4,0.0859375,13333.333333333334,1.03125,Adult,0-2 years,0,0,0.10408326,0,Low Risk
22,26400,RENT,0.0,VENTURE,A,6000,8.59,0.23,N,3,0.22727272727272727,2200.0,2.727272727272727,Young,0-2 years,0,0,0.032582257,0,Low Risk
23,120000,MORTGAGE,5.0,MEDICAL,B,6000,9.99,0.05,N,3,0.05,10000.0,0.6,Young,3-5 years,0,0,0.030912647,0,Low Risk
23,36996,OWN,4.0,MEDICAL,A,10000,7.51,0.27,N,3,0.27029949183695534,3083.0,3.243593902043464,Young,3-5 years,0,0,0.008548011,0,Low Risk
22,42500,RENT,0.0,EDUCATION,A,7500,7.9,0.18,N,2,0.17647058823529413,3541.6666666666665,2.1176470588235294,Young,0-2 years,0,0,0.14692637,0,Low Risk
22,26400,RENT,0.0,EDUCATION,C,5500,13.72,0.21,Y,2,0.20833333333333334,2200.0,2.5,Young,0-2 years,0,0,0.20152247,0,Low Risk
24,133300,RENT,6.0,DEBTCONSOLIDATION,B,25000,10.37,0.19,N,2,0.18754688672168043,11108.333333333334,2.250562640660165,Young,6-10 years,0,0,0.0993305,0,Low Risk
24,57996,RENT,1.0,HOMEIMPROVEMENT,A,5000,8.0,0.09,N,3,0.0862128422649838,4833.0,1.0345541071798054,Young,0-2 years,0,0,0.22924848,0,Low Risk
32,75000,MORTGAGE,12.0,HOMEIMPROVEMENT,B,12000,10.65,0.16,N,5,0.16,6250.0,1.92,Adult,10+ years,0,0,0.18422808,0,Low Risk
23,24000,RENT,4.0,MEDICAL,C,4000,11.66,0.17,N,4,0.16666666666666666,2000.0,2.0,Young,3-5 years,0,0,0.30351675,0,Medium Risk
26,63000,MORTGAGE,10.0,MEDICAL,A,3500,7.68,0.06,N,4,0.05555555555555555,5250.0,0.6666666666666666,Adult,6-10 years,0,0,0.16981564,0,Low Risk
33,100000,MORTGAGE,16.0,MEDICAL,B,15000,11.71,0.15,N,9,0.15,8333.333333333334,1.7999999999999998,Adult,10+ years,0,0,0.0436141,0,Low Risk
28,37290,MORTGAGE,7.0,PERSONAL,A,5500,5.42,0.15,N,5,0.14749262536873156,3107.5,1.7699115044247788,Adult,6-10 years,0,0,0.082106076,0,Low Risk
23,108000,MORTGAGE,5.0,DEBTCONSOLIDATION,D,10000,,0.09,Y,2,0.09259259259259259,9000.0,1.1111111111111112,Young,3-5 years,0,1,0.9606554,1,High Risk
24,30000,MORTGAGE,8.0,DEBTCONSOLIDATION,B,17000,11.99,0.57,N,3,0.5666666666666667,2500.0,6.8,Young,6-10 years,1,1,0.5210585,1,Medium Risk
22,67200,MORTGAGE,2.0,PERSONAL,B,5000,9.99,0.07,N,2,0.0744047619047619,5600.0,0.8928571428571429,Young,0-2 years,0,0,0.2107779,0,Low Risk
25,85000,RENT,5.0,EDUCATION,A,14400,8.49,0.17,N,2,0.16941176470588235,7083.333333333333,2.0329411764705885,Young,3-5 years,0,0,0.07642113,0,Low Risk
25,100000,MORTGAGE,9.0,PERSONAL,A,4800,7.14,0.05,N,3,0.048,8333.333333333334,0.576,Young,6-10 years,0,0,0.01696366,0,Low Risk
30,72000,MORTGAGE,8.0,DEBTCONSOLIDATION,C,4800,13.49,0.07,Y,7,0.06666666666666667,6000.0,0.8,Adult,6-10 years,0,0,0.18432759,0,Low Risk
30,90000,RENT,2.0,EDUCATION,B,7200,11.99,0.08,N,7,0.08,7500.0,0.96,Adult,0-2 years,0,0,0.07360791,0,Low Risk
24,84000,MORTGAGE,8.0,HOMEIMPROVEMENT,A,8000,7.51,0.1,N,2,0.09523809523809523,7000.0,1.1428571428571428,Young,6-10 years,0,0,0.08227477,0,Low Risk
24,67000,OWN,2.0,MEDICAL,B,16000,12.69,0.24,N,2,0.23880597014925373,5583.333333333333,2.865671641791045,Young,0-2 years,0,0,0.0041488926,0,Low Risk
40,275004,MORTGAGE,2.0,MEDICAL,B,24500,10.99,0.09,N,13,0.0890896132419892,22917.0,1.0690753589038704,Middle Age,0-2 years,0,0,0.12974976,0,Low Risk
24,70000,RENT,8.0,DEBTCONSOLIDATION,B,8000,11.71,0.11,N,3,0.11428571428571428,5833.333333333333,1.3714285714285714,Young,6-10 years,0,0,0.15854925,0,Low Risk
26,65000,MORTGAGE,8.0,HOMEIMPROVEMENT,A,11500,7.49,0.18,N,4,0.17692307692307693,5416.666666666667,2.123076923076923,Adult,6-10 years,0,0,0.08115311,0,Low Risk
34,120579,MORTGAGE,9.0,DEBTCONSOLIDATION,C,9600,,0.08,Y,7,0.07961585350682955,10048.25,0.9553902420819546,Adult,6-10 years,0,0,0.24507909,0,Low Risk
43,54000,RENT,0.0,DEBTCONSOLIDATION,A,3000,8.94,0.06,N,14,0.05555555555555555,4500.0,0.6666666666666666,Middle Age,0-2 years,0,0,0.17315014,0,Low Risk
26,55000,RENT,1.0,DEBTCONSOLIDATION,C,3000,,0.05,N,2,0.05454545454545454,4583.333333333333,0.6545454545454545,Adult,0-2 years,0,0,0.14468867,0,Low Risk
30,175000,MORTGAGE,2.0,HOMEIMPROVEMENT,A,6000,7.68,0.03,N,7,0.03428571428571429,14583.333333333334,0.4114285714285714,Adult,0-2 years,0,0,0.019009525,0,Low Risk
22,46968,RENT,1.0,PERSONAL,C,8500,,0.18,N,4,0.18097428036109692,3914.0,2.171691364333163,Young,0-2 years,0,1,0.2719069,0,Low Risk
27,140000,OWN,12.0,VENTURE,B,24100,11.83,0.17,N,10,0.17214285714285715,11666.666666666666,2.065714285714286,Adult,10+ years,0,0,0.0015301389,0,Low Risk
26,52500,MORTGAGE,0.0,PERSONAL,B,15250,9.63,0.29,N,2,0.2904761904761905,4375.0,3.4857142857142858,Adult,0-2 years,0,0,0.20465134,0,Low Risk
35,33600,RENT,8.0,VENTURE,D,3200,16.49,0.1,Y,5,0.09523809523809523,2800.0,1.1428571428571428,Adult,6-10 years,0,0,0.5118133,1,Medium Risk
24,44000,RENT,3.0,DEBTCONSOLIDATION,C,12000,12.23,0.27,N,3,0.2727272727272727,3666.6666666666665,3.272727272727273,Young,3-5 years,0,1,0.44826362,0,Medium Risk
22,26004,MORTGAGE,6.0,PERSONAL,A,12000,7.88,0.46,N,4,0.46146746654360865,2167.0,5.5376095985233045,Young,6-10 years,1,1,0.5104288,1,Medium Risk
40,14400,OWN,10.0,HOMEIMPROVEMENT,A,8000,7.14,0.56,N,12,0.5555555555555556,1200.0,6.666666666666667,Middle Age,6-10 years,1,1,0.99693274,1,High Risk
27,57600,OWN,,VENTURE,C,3000,12.99,0.05,Y,10,0.052083333333333336,4800.0,0.625,Adult,,0,0,0.0032179782,0,Low Risk
27,120000,MORTGAGE,5.0,HOMEIMPROVEMENT,D,25000,15.95,0.21,N,9,0.20833333333333334,10000.0,2.5,Adult,3-5 years,0,0,0.40254483,0,Medium Risk
24,59600,RENT,8.0,HOMEIMPROVEMENT,A,10000,5.99,0.17,N,3,0.16778523489932887,4966.666666666667,2.013422818791946,Young,6-10 years,0,0,0.118554994,0,Low Risk
34,119000,MORTGAGE,10.0,HOMEIMPROVEMENT,A,6000,,0.05,N,10,0.05042016806722689,9916.666666666666,0.6050420168067228,Adult,6-10 years,0,0,0.06755674,0,Low Risk
29,84500,MORTGAGE,3.0,PERSONAL,A,35000,8.9,0.41,N,6,0.41420118343195267,7041.666666666667,4.970414201183432,Adult,3-5 years,1,0,0.10937638,0,Low Risk
23,60000,MORTGAGE,6.0,PERSONAL,B,2000,10.36,0.03,N,2,0.03333333333333333,5000.0,0.4,Young,6-10 years,0,0,0.09400804,0,Low Risk
31,108000,MORTGAGE,11.0,DEBTCONSOLIDATION,C,35000,13.49,0.32,N,10,0.32407407407407407,9000.0,3.888888888888889,Adult,10+ years,1,1,0.5082165,1,Medium Risk
24,33000,RENT,8.0,MEDICAL,B,6400,9.99,0.19,N,2,0.19393939393939394,2750.0,2.327272727272727,Young,6-10 years,0,0,0.3065986,0,Medium Risk
22,50000,MORTGAGE,6.0,VENTURE,B,10000,9.88,0.2,N,4,0.2,4166.666666666667,2.4,Young,6-10 years,0,0,0.00482585,0,Low Risk
25,42240,OWN,10.0,HOMEIMPROVEMENT,A,8000,6.62,0.19,N,4,0.1893939393939394,3520.0,2.272727272727273,Young,6-10 years,0,0,0.009354194,0,Low Risk
35,124596,MORTGAGE,1.0,EDUCATION,B,20000,11.49,0.16,N,5,0.16051879675109956,10383.0,1.9262255610131946,Adult,0-2 years,0,0,0.13975285,0,Low Risk
23,103240,MORTGAGE,0.0,VENTURE,A,4000,,0.04,N,4,0.03874467260751647,8603.333333333334,0.46493607129019754,Young,0-2 years,0,0,0.008262559,0,Low Risk
30,42000,RENT,2.0,MEDICAL,B,16200,10.25,0.39,N,6,0.38571428571428573,3500.0,4.628571428571429,Adult,0-2 years,1,1,0.99206674,1,High Risk
38,90000,MORTGAGE,9.0,PERSONAL,C,14000,12.73,0.16,Y,12,0.15555555555555556,7500.0,1.8666666666666667,Middle Age,6-10 years,0,0,0.06957523,0,Low Risk
43,60000,MORTGAGE,27.0,HOMEIMPROVEMENT,B,10000,9.88,0.17,N,16,0.16666666666666666,5000.0,2.0,Middle Age,10+ years,0,0,0.080744885,0,Low Risk
25,82000,RENT,2.0,PERSONAL,A,9200,6.03,0.11,N,3,0.11219512195121951,6833.333333333333,1.3463414634146342,Young,0-2 years,0,0,0.021202859,0,Low Risk
23,120000,MORTGAGE,7.0,VENTURE,C,6000,13.06,0.05,N,4,0.05,10000.0,0.6,Young,6-10 years,0,0,0.06484371,0,Low Risk
28,76113,RENT,,HOMEIMPROVEMENT,C,14500,12.61,0.19,N,7,0.1905062210134931,6342.75,2.286074652161917,Adult,,0,1,0.3258111,0,Medium Risk
22,81000,MORTGAGE,5.0,EDUCATION,A,6600,7.88,0.08,N,4,0.08148148148148149,6750.0,0.9777777777777777,Young,3-5 years,0,0,0.039100725,0,Low Risk
31,40000,OWN,2.0,EDUCATION,B,2200,,0.06,N,7,0.055,3333.3333333333335,0.6599999999999999,Adult,0-2 years,0,0,0.0012706079,0,Low Risk
29,144000,MORTGAGE,4.0,DEBTCONSOLIDATION,C,5000,13.06,0.03,N,7,0.034722222222222224,12000.0,0.4166666666666667,Adult,3-5 years,0,0,0.35499048,0,Medium Risk
36,47000,MORTGAGE,0.0,EDUCATION,A,5500,7.14,0.12,N,16,0.11702127659574468,3916.6666666666665,1.4042553191489362,Middle Age,0-2 years,0,0,0.0555794,0,Low Risk
34,41979,MORTGAGE,14.0,EDUCATION,C,8150,15.23,0.19,N,10,0.1941446913933157,3498.25,2.3297362967197883,Adult,10+ years,0,0,0.41099265,0,Medium Risk
32,20004,RENT,16.0,PERSONAL,A,3500,6.39,0.17,N,5,0.1749650069986003,1667.0,2.0995800839832035,Adult,10+ years,0,0,0.11867343,0,Low Risk
24,90000,MORTGAGE,3.0,VENTURE,A,12000,7.51,0.13,N,3,0.13333333333333333,7500.0,1.6,Young,3-5 years,0,0,0.0027881013,0,Low Risk
26,70000,MORTGAGE,11.0,HOMEIMPROVEMENT,C,20000,14.27,0.29,Y,4,0.2857142857142857,5833.333333333333,3.428571428571429,Adult,10+ years,0,0,0.3551851,0,Medium Risk
32,31000,MORTGAGE,16.0,DEBTCONSOLIDATION,A,3000,7.51,0.1,N,7,0.0967741935483871,2583.3333333333335,1.161290322580645,Adult,10+ years,0,1,0.34133744,0,Medium Risk
22,54000,MORTGAGE,6.0,MEDICAL,A,5000,6.03,0.09,N,2,0.09259259259259259,4500.0,1.1111111111111112,Young,6-10 years,0,0,0.29456452,0,Low Risk
36,37400,MORTGAGE,2.0,PERSONAL,B,6250,6.0,0.17,N,14,0.16711229946524064,3116.6666666666665,2.0053475935828877,Middle Age,0-2 years,0,0,0.07473617,0,Low Risk
24,64000,MORTGAGE,9.0,DEBTCONSOLIDATION,B,10000,,0.16,N,4,0.15625,5333.333333333333,1.875,Young,6-10 years,0,0,0.32617337,0,Medium Risk
26,76800,MORTGAGE,2.0,PERSONAL,A,12800,6.92,0.17,N,4,0.16666666666666666,6400.0,2.0,Adult,0-2 years,0,0,0.03388371,0,Low Risk
22,30000,RENT,0.0,PERSONAL,A,8000,9.32,0.27,N,4,0.26666666666666666,2500.0,3.2,Young,0-2 years,0,0,0.4528156,0,Medium Risk
29,48000,MORTGAGE,1.0,VENTURE,C,7000,12.68,0.15,Y,6,0.14583333333333334,4000.0,1.75,Adult,0-2 years,0,0,0.21773666,0,Low Risk
24,42000,RENT,2.0,HOMEIMPROVEMENT,D,6000,14.96,0.14,Y,3,0.14285714285714285,3500.0,1.7142857142857142,Young,0-2 years,0,1,0.99086225,1,High Risk
24,88400,RENT,8.0,MEDICAL,D,5000,,0.05,N,4,0.05656108597285068,7366.666666666667,0.6787330316742081,Young,6-10 years,0,1,0.8714996,1,High Risk
23,62844,RENT,7.0,HOMEIMPROVEMENT,C,7500,11.97,0.12,N,4,0.11934313538285278,5237.0,1.4321176245942333,Young,6-10 years,0,1,0.83752835,1,High Risk
34,32758,RENT,0.0,DEBTCONSOLIDATION,D,8400,14.96,0.26,N,5,0.2564259112277917,2729.8333333333335,3.0771109347335,Adult,0-2 years,0,1,0.9940403,1,High Risk
22,31500,MORTGAGE,3.0,VENTURE,B,4500,9.88,0.14,N,2,0.14285714285714285,2625.0,1.7142857142857142,Young,3-5 years,0,0,0.03794887,0,Low Risk
24,55000,MORTGAGE,8.0,MEDICAL,A,1800,7.49,0.03,N,3,0.03272727272727273,4583.333333333333,0.39272727272727276,Young,6-10 years,0,0,0.09491819,0,Low Risk
26,44000,RENT,5.0,DEBTCONSOLIDATION,C,4600,13.99,0.1,N,4,0.10454545454545454,3666.6666666666665,1.2545454545454546,Adult,3-5 years,0,1,0.6537897,1,High Risk
23,42000,RENT,1.0,HOMEIMPROVEMENT,C,6000,12.99,0.14,N,4,0.14285714285714285,3500.0,1.7142857142857142,Young,0-2 years,0,1,0.9608836,1,High Risk
30,35004,RENT,0.0,MEDICAL,A,7500,8.63,0.21,N,5,0.2142612272883099,2917.0,2.571134727459719,Adult,0-2 years,0,0,0.09477189,0,Low Risk
28,63000,RENT,12.0,HOMEIMPROVEMENT,B,18000,10.65,0.29,N,9,0.2857142857142857,5250.0,3.4285714285714284,Adult,10+ years,0,0,0.36160338,0,Medium Risk
23,28685,RENT,3.0,DEBTCONSOLIDATION,C,7000,12.73,0.24,N,2,0.2440299808262158,2390.4166666666665,2.92835976991459,Young,3-5 years,0,0,0.3881428,0,Medium Risk
21,86000,RENT,5.0,EDUCATION,B,6000,10.0,0.07,N,4,0.06976744186046512,7166.666666666667,0.8372093023255813,Young,3-5 years,0,0,0.10355423,0,Low Risk
40,15864,RENT,,MEDICAL,B,2375,11.11,0.15,N,12,0.14971003530005042,1322.0,1.7965204236006052,Middle Age,,0,0,0.08394519,0,Low Risk
22,54000,RENT,6.0,DEBTCONSOLIDATION,D,5000,17.27,0.09,Y,2,0.09259259259259259,4500.0,1.1111111111111112,Young,6-10 years,0,1,0.9954485,1,High Risk
28,50000,RENT,4.0,DEBTCONSOLIDATION,B,7200,,0.14,N,7,0.144,4166.666666666667,1.728,Adult,3-5 years,0,0,0.08850634,0,Low Risk
30,67000,RENT,2.0,VENTURE,A,9250,,0.14,N,7,0.13805970149253732,5583.333333333333,1.6567164179104479,Adult,0-2 years,0,0,0.01252145,0,Low Risk
30,48000,MORTGAGE,3.0,HOMEIMPROVEMENT,B,9000,12.42,0.19,N,7,0.1875,4000.0,2.25,Adult,3-5 years,0,0,0.33946282,0,Medium Risk
36,28000,MORTGAGE,1.0,VENTURE,D,3075,15.62,0.11,Y,12,0.10982142857142857,2333.3333333333335,1.3178571428571428,Middle Age,0-2 years,0,1,0.63684726,1,High Risk
25,37000,RENT,1.0,DEBTCONSOLIDATION,F,4200,,0.11,Y,2,0.11351351351351352,3083.3333333333335,1.362162162162162,Young,0-2 years,0,1,0.81623524,1,High Risk
24,30000,RENT,0.0,MEDICAL,A,3500,5.99,0.12,N,2,0.11666666666666667,2500.0,1.4,Young,0-2 years,0,0,0.10310196,0,Low Risk
33,42000,RENT,3.0,MEDICAL,B,9000,,0.21,N,8,0.21428571428571427,3500.0,2.5714285714285716,Adult,3-5 years,0,0,0.18164332,0,Low Risk
26,54000,MORTGAGE,5.0,EDUCATION,B,10000,8.88,0.19,N,4,0.18518518518518517,4500.0,2.2222222222222223,Adult,3-5 years,0,0,0.40486473,0,Medium Risk
25,95000,MORTGAGE,8.0,EDUCATION,B,6800,9.63,0.07,N,4,0.07157894736842105,7916.666666666667,0.8589473684210526,Young,6-10 years,0,0,0.1062153,0,Low Risk
22,98000,MORTGAGE,6.0,PERSONAL,B,25000,10.25,0.26,N,3,0.25510204081632654,8166.666666666667,3.061224489795918,Young,6-10 years,0,1,0.16641629,0,Low Risk
25,39000,RENT,0.0,HOMEIMPROVEMENT,E,4000,17.74,0.1,N,2,0.10256410256410256,3250.0,1.2307692307692308,Young,0-2 years,0,1,0.99604416,1,High Risk
31,83300,MORTGAGE,9.0,MEDICAL,D,10000,,0.1,Y,5,0.12004801920768307,6941.666666666667,1.4405762304921967,Adult,6-10 years,0,1,0.8900003,1,High Risk
24,60000,MORTGAGE,8.0,EDUCATION,B,3000,10.65,0.05,N,2,0.05,5000.0,0.6,Young,6-10 years,0,0,0.12000031,0,Low Risk
57,53000,MORTGAGE,1.0,PERSONAL,C,5800,13.16,0.11,N,30,0.10943396226415095,4416.666666666667,1.3132075471698113,Senior,0-2 years,0,0,0.28484055,0,Low Risk
33,59450,MORTGAGE,1.0,PERSONAL,B,3000,10.38,0.05,N,5,0.050462573591253154,4954.166666666667,0.6055508830950378,Adult,0-2 years,0,0,0.48157895,0,Medium Risk
24,39996,RENT,2.0,EDUCATION,A,1000,7.49,0.03,N,3,0.025002500250025,3333.0,0.3000300030003,Young,0-2 years,0,0,0.072265886,0,Low Risk
23,36000,OWN,7.0,EDUCATION,B,6000,8.88,0.17,N,2,0.16666666666666666,3000.0,2.0,Young,6-10 years,0,0,0.0044866297,0,Low Risk
25,42000,RENT,3.0,MEDICAL,A,5000,7.51,0.12,N,3,0.11904761904761904,3500.0,1.4285714285714286,Young,3-5 years,0,0,0.14653482,0,Low Risk
24,24000,RENT,8.0,MEDICAL,B,2000,,0.08,N,3,0.08333333333333333,2000.0,1.0,Young,6-10 years,0,0,0.36122754,0,Medium Risk
22,60000,MORTGAGE,6.0,EDUCATION,A,11200,5.79,0.19,N,4,0.18666666666666668,5000.0,2.24,Young,6-10 years,0,0,0.047649525,0,Low Risk
28,24000,RENT,5.0,PERSONAL,B,5500,10.36,0.23,N,7,0.22916666666666666,2000.0,2.75,Adult,3-5 years,0,0,0.22079612,0,Low Risk
24,78000,OWN,6.0,HOMEIMPROVEMENT,B,4500,12.69,0.06,N,3,0.057692307692307696,6500.0,0.6923076923076923,Young,6-10 years,0,0,0.006371862,0,Low Risk
24,91000,MORTGAGE,5.0,DEBTCONSOLIDATION,A,15000,7.88,0.16,N,2,0.16483516483516483,7583.333333333333,1.978021978021978,Young,3-5 years,0,0,0.023306144,0,Low Risk
35,26400,OWN,19.0,VENTURE,A,6600,5.99,0.25,N,8,0.25,2200.0,3.0,Adult,10+ years,0,0,0.0016576736,0,Low Risk
30,60000,MORTGAGE,14.0,EDUCATION,B,4500,10.83,0.07,N,10,0.075,5000.0,0.9,Adult,10+ years,0,0,0.20458944,0,Low Risk
35,165000,MORTGAGE,3.0,VENTURE,B,8000,11.49,0.05,N,8,0.048484848484848485,13750.0,0.5818181818181818,Adult,3-5 years,0,0,0.008673406,0,Low Risk
28,150000,RENT,1.0,MEDICAL,C,12500,14.35,0.08,Y,8,0.08333333333333333,12500.0,1.0,Adult,0-2 years,0,0,0.16109817,0,Low Risk
25,59000,OWN,6.0,HOMEIMPROVEMENT,A,5000,6.17,0.08,N,2,0.0847457627118644,4916.666666666667,1.0169491525423728,Young,6-10 years,0,0,0.028500952,0,Low Risk
21,83004,MORTGAGE,2.0,DEBTCONSOLIDATION,D,10000,15.28,0.12,N,4,0.1204761216326924,6917.0,1.445713459592309,Young,0-2 years,0,1,0.97145665,1,High Risk
24,44400,RENT,4.0,EDUCATION,F,15650,21.74,0.35,N,4,0.3524774774774775,3700.0,4.22972972972973,Young,3-5 years,1,1,0.9941731,1,High Risk
27,35000,RENT,5.0,MEDICAL,C,10375,14.27,0.3,N,5,0.29642857142857143,2916.6666666666665,3.5571428571428574,Adult,3-5 years,1,0,0.2032224,0,Low Risk
26,42996,RENT,10.0,MEDICAL,B,8500,10.2,0.2,N,2,0.19769280863336125,3583.0,2.372313703600335,Adult,6-10 years,0,0,0.23174502,0,Low Risk
27,47380,MORTGAGE,11.0,HOMEIMPROVEMENT,C,15000,13.79,0.32,Y,9,0.3165892781764458,3948.3333333333335,3.799071338117349,Adult,10+ years,1,0,0.5659344,1,Medium Risk
22,48000,MORTGAGE,1.0,PERSONAL,B,4000,9.63,0.08,N,2,0.08333333333333333,4000.0,1.0,Young,0-2 years,0,0,0.24819486,0,Low Risk
30,36000,RENT,2.0,EDUCATION,B,6400,10.59,0.18,N,9,0.17777777777777778,3000.0,2.1333333333333333,Adult,0-2 years,0,0,0.17243133,0,Low Risk
29,53313,RENT,13.0,MEDICAL,B,19850,,0.37,N,7,0.3723294506030424,4442.75,4.467953407236509,Adult,10+ years,1,1,0.99390763,1,High Risk
22,60000,MORTGAGE,3.0,MEDICAL,C,3250,12.73,0.05,Y,4,0.05416666666666667,5000.0,0.65,Young,3-5 years,0,0,0.13911359,0,Low Risk
39,65000,RENT,12.0,VENTURE,B,20000,10.74,0.31,N,17,0.3076923076923077,5416.666666666667,3.692307692307692,Middle Age,10+ years,1,1,0.96979773,1,High Risk
34,55000,MORTGAGE,3.0,VENTURE,A,12800,5.42,0.23,N,9,0.23272727272727273,4583.333333333333,2.792727272727273,Adult,3-5 years,0,0,0.0026663356,0,Low Risk
27,42000,MORTGAGE,4.0,PERSONAL,C,2850,13.48,0.07,N,7,0.06785714285714285,3500.0,0.8142857142857143,Adult,3-5 years,0,1,0.2771828,0,Low Risk
25,26500,RENT,9.0,PERSONAL,B,6000,12.42,0.23,N,3,0.22641509433962265,2208.3333333333335,2.7169811320754715,Young,6-10 years,0,0,0.46744078,0,Medium Risk
28,24996,MORTGAGE,6.0,PERSONAL,A,6000,5.99,0.24,N,7,0.2400384061449832,2083.0,2.8804608737397985,Adult,6-10 years,0,0,0.20312178,0,Low Risk
24,96000,MORTGAGE,6.0,VENTURE,A,12000,5.42,0.13,N,4,0.125,8000.0,1.5,Young,6-10 years,0,0,0.0011271439,0,Low Risk
33,14400,OWN,0.0,VENTURE,C,2000,14.79,0.14,N,10,0.1388888888888889,1200.0,1.6666666666666667,Adult,0-2 years,0,0,0.043548424,0,Low Risk
24,45996,RENT,2.0,VENTURE,C,10800,13.16,0.23,N,4,0.2348030263501174,3833.0,2.817636316201409,Young,0-2 years,0,0,0.30927363,0,Medium Risk
33,118000,MORTGAGE,12.0,DEBTCONSOLIDATION,D,35000,17.49,0.3,Y,7,0.2966101694915254,9833.333333333334,3.559322033898305,Adult,10+ years,1,1,0.96781933,1,High Risk
36,150000,MORTGAGE,20.0,MEDICAL,A,10000,,0.07,N,14,0.06666666666666667,12500.0,0.8,Middle Age,10+ years,0,0,0.06802225,0,Low Risk
22,36000,MORTGAGE,6.0,VENTURE,D,1400,14.84,0.04,N,2,0.03888888888888889,3000.0,0.4666666666666667,Young,6-10 years,0,0,0.35351402,0,Medium Risk
42,73100,RENT,4.0,MEDICAL,D,12000,16.77,0.14,Y,13,0.16415868673050615,6091.666666666667,1.9699042407660738,Middle Age,3-5 years,0,1,0.9712757,1,High Risk
27,51000,RENT,3.0,VENTURE,A,1300,7.68,0.03,N,7,0.025490196078431372,4250.0,0.3058823529411765,Adult,3-5 years,0,0,0.005971181,0,Low Risk
28,43200,RENT,1.0,EDUCATION,A,3000,7.49,0.07,N,7,0.06944444444444445,3600.0,0.8333333333333334,Adult,0-2 years,0,0,0.19192897,0,Low Risk
25,80000,MORTGAGE,4.0,MEDICAL,C,25000,13.49,0.31,N,2,0.3125,6666.666666666667,3.75,Young,3-5 years,1,0,0.47075254,0,Medium Risk
32,37000,RENT,3.0,HOMEIMPROVEMENT,C,4650,13.49,0.13,N,7,0.12567567567567567,3083.3333333333335,1.508108108108108,Adult,3-5 years,0,1,0.8016544,1,High Risk
28,68553,MORTGAGE,1.0,HOMEIMPROVEMENT,C,15000,13.85,0.22,Y,10,0.21880880486630783,5712.75,2.625705658395694,Adult,0-2 years,0,0,0.32212952,0,Medium Risk
25,57500,RENT,4.0,VENTURE,C,6000,11.28,0.1,N,2,0.10434782608695652,4791.666666666667,1.2521739130434781,Young,3-5 years,0,1,0.29794666,0,Low Risk
24,76597,RENT,5.0,PERSONAL,B,22000,9.25,0.29,N,4,0.2872175150462812,6383.083333333333,3.4466101805553744,Young,3-5 years,0,0,0.18520445,0,Low Risk
31,62050,RENT,5.0,MEDICAL,D,5800,14.11,0.08,Y,10,0.09347300564061241,5170.833333333333,1.121676067687349,Adult,3-5 years,0,1,0.9610265,1,High Risk
23,44496,MORTGAGE,2.0,EDUCATION,A,3500,,0.08,N,4,0.07865875584322186,3708.0,0.9439050701186623,Young,0-2 years,0,0,0.23975891,0,Low Risk
25,51996,RENT,9.0,VENTURE,B,20000,10.99,0.38,N,3,0.3846449726902069,4333.0,4.6157396722824835,Young,6-10 years,1,1,0.9920839,1,High Risk
24,135000,MORTGAGE,4.0,HOMEIMPROVEMENT,B,10000,,0.07,N,3,0.07407407407407407,11250.0,0.8888888888888888,Young,3-5 years,0,0,0.14584158,0,Low Risk
22,41000,RENT,3.0,DEBTCONSOLIDATION,C,15000,12.73,0.37,N,3,0.36585365853658536,3416.6666666666665,4.390243902439025,Young,3-5 years,1,1,0.9937255,1,High Risk
35,33000,RENT,4.0,EDUCATION,A,7000,7.9,0.21,N,9,0.21212121212121213,2750.0,2.5454545454545454,Adult,3-5 years,0,1,0.2650676,0,Low Risk
24,65000,MORTGAGE,8.0,VENTURE,D,7200,17.58,0.11,Y,4,0.11076923076923077,5416.666666666667,1.3292307692307692,Young,6-10 years,0,0,0.2344262,0,Low Risk
25,70000,MORTGAGE,5.0,PERSONAL,A,8000,7.88,0.11,N,4,0.11428571428571428,5833.333333333333,1.3714285714285714,Young,3-5 years,0,0,0.039067067,0,Low Risk
22,66960,RENT,1.0,VENTURE,A,23400,7.49,0.35,N,2,0.34946236559139787,5580.0,4.193548387096774,Young,0-2 years,1,1,0.99305904,1,High Risk
28,30000,MORTGAGE,5.0,VENTURE,A,15000,,0.5,N,9,0.5,2500.0,6.0,Adult,3-5 years,1,0,0.09987567,0,Low Risk
23,30000,RENT,3.0,PERSONAL,B,10000,11.14,0.33,N,2,0.3333333333333333,2500.0,4.0,Young,3-5 years,1,1,0.9946136,1,High Risk
32,65000,RENT,3.0,HOMEIMPROVEMENT,A,3625,6.03,0.06,N,8,0.05576923076923077,5416.666666666667,0.6692307692307692,Adult,3-5 years,0,0,0.018703056,0,Low Risk
22,34000,RENT,3.0,DEBTCONSOLIDATION,A,4975,7.51,0.15,N,2,0.1463235294117647,2833.3333333333335,1.7558823529411764,Young,3-5 years,0,1,0.32739514,0,Medium Risk
33,210000,MORTGAGE,17.0,DEBTCONSOLIDATION,B,20000,9.91,0.1,N,7,0.09523809523809523,17500.0,1.1428571428571428,Adult,10+ years,0,0,0.14752151,0,Low Risk
24,72400,MORTGAGE,4.0,EDUCATION,E,25000,17.99,0.35,Y,2,0.3453038674033149,6033.333333333333,4.143646408839779,Young,3-5 years,1,0,0.36206946,0,Medium Risk
23,86000,MORTGAGE,7.0,DEBTCONSOLIDATION,D,4800,16.0,0.06,Y,3,0.05581395348837209,7166.666666666667,0.6697674418604651,Young,6-10 years,0,1,0.97960883,1,High Risk
28,150000,MORTGAGE,6.0,VENTURE,A,10000,8.07,0.07,N,8,0.06666666666666667,12500.0,0.8,Adult,6-10 years,0,0,0.0022597301,0,Low Risk
24,44000,MORTGAGE,4.0,HOMEIMPROVEMENT,A,2200,8.9,0.05,N,4,0.05,3666.6666666666665,0.6,Young,3-5 years,0,1,0.5361577,1,Medium Risk
48,83000,RENT,2.0,VENTURE,B,12000,10.99,0.14,N,17,0.14457831325301204,6916.666666666667,1.7349397590361446,Middle Age,0-2 years,0,0,0.015314155,0,Low Risk
26,17280,RENT,0.0,HOMEIMPROVEMENT,C,3000,,0.17,N,4,0.1736111111111111,1440.0,2.0833333333333335,Adult,0-2 years,0,1,0.99815077,1,High Risk
29,37000,RENT,1.0,MEDICAL,C,10000,12.53,0.27,N,5,0.2702702702702703,3083.3333333333335,3.243243243243243,Adult,0-2 years,0,0,0.24631749,0,Low Risk
25,32000,RENT,1.0,MEDICAL,E,2500,16.45,0.08,N,3,0.078125,2666.6666666666665,0.9375,Young,0-2 years,0,1,0.9803611,1,High Risk
24,134300,MORTGAGE,2.0,MEDICAL,E,12000,16.45,0.08,N,2,0.08935219657483247,11191.666666666666,1.0722263588979897,Young,0-2 years,0,1,0.92497605,1,High Risk
25,168000,MORTGAGE,2.0,DEBTCONSOLIDATION,B,35000,10.65,0.21,N,4,0.20833333333333334,14000.0,2.5,Young,0-2 years,0,0,0.099010795,0,Low Risk
25,25000,RENT,,VENTURE,B,2000,9.91,0.08,N,4,0.08,2083.3333333333335,0.96,Young,,0,0,0.026828235,0,Low Risk
25,30720,MORTGAGE,3.0,VENTURE,B,2000,11.12,0.07,N,2,0.06510416666666667,2560.0,0.78125,Young,3-5 years,0,0,0.057629574,0,Low Risk
36,83000,MORTGAGE,0.0,VENTURE,C,13000,11.97,0.16,N,14,0.1566265060240964,6916.666666666667,1.8795180722891565,Middle Age,0-2 years,0,0,0.15065457,0,Low Risk
27,55000,MORTGAGE,1.0,DEBTCONSOLIDATION,A,9000,7.51,0.16,N,8,0.16363636363636364,4583.333333333333,1.9636363636363638,Adult,0-2 years,0,0,0.06807356,0,Low Risk
26,85000,MORTGAGE,0.0,PERSONAL,C,12000,14.27,0.14,N,4,0.1411764705882353,7083.333333333333,1.6941176470588235,Adult,0-2 years,0,0,0.14102781,0,Low Risk
46,47844,OWN,16.0,VENTURE,A,27175,8.49,0.57,N,13,0.567991806705125,3987.0,6.8159016804615,Middle Age,10+ years,1,0,0.005306645,0,Low Risk
32,175000,MORTGAGE,17.0,HOMEIMPROVEMENT,B,24000,,0.14,N,7,0.13714285714285715,14583.333333333334,1.6457142857142857,Adult,10+ years,0,0,0.31153533,0,Medium Risk
25,48000,MORTGAGE,9.0,EDUCATION,C,7000,12.09,0.15,Y,2,0.14583333333333334,4000.0,1.75,Young,6-10 years,0,0,0.28865957,0,Low Risk
23,45600,RENT,4.0,VENTURE,C,5000,14.22,0.11,N,4,0.10964912280701754,3800.0,1.3157894736842106,Young,3-5 years,0,0,0.2488208,0,Low Risk
21,30000,RENT,0.0,EDUCATION,C,1500,13.92,0.05,Y,3,0.05,2500.0,0.6,Young,0-2 years,0,0,0.3220343,0,Medium Risk
22,58000,OTHER,3.0,DEBTCONSOLIDATION,C,15000,13.79,0.26,Y,4,0.25862068965517243,4833.333333333333,3.103448275862069,Young,3-5 years,0,0,0.34047168,0,Medium Risk
22,85000,MORTGAGE,0.0,EDUCATION,B,12000,11.99,0.14,N,3,0.1411764705882353,7083.333333333333,1.6941176470588235,Young,0-2 years,0,0,0.06262776,0,Low Risk
27,65000,MORTGAGE,11.0,VENTURE,A,9000,7.66,0.14,N,6,0.13846153846153847,5416.666666666667,1.6615384615384614,Adult,10+ years,0,0,0.0048875017,0,Low Risk
25,100000,MORTGAGE,9.0,MEDICAL,A,12000,8.94,0.12,N,4,0.12,8333.333333333334,1.44,Young,6-10 years,0,0,0.0426315,0,Low Risk
44,48000,MORTGAGE,9.0,DEBTCONSOLIDATION,B,5000,9.99,0.1,N,15,0.10416666666666667,4000.0,1.25,Middle Age,6-10 years,0,0,0.24369693,0,Low Risk
26,67000,RENT,9.0,VENTURE,A,8000,7.14,0.12,N,2,0.11940298507462686,5583.333333333333,1.4328358208955225,Adult,6-10 years,0,0,0.009718301,0,Low Risk
24,90000,MORTGAGE,4.0,HOMEIMPROVEMENT,A,5000,8.0,0.06,N,4,0.05555555555555555,7500.0,0.6666666666666666,Young,3-5 years,0,0,0.050393004,0,Low Risk
31,30000,RENT,0.0,VENTURE,D,6600,16.49,0.22,Y,6,0.22,2500.0,2.64,Adult,0-2 years,0,1,0.9832802,1,High Risk
36,48450,RENT,2.0,DEBTCONSOLIDATION,C,10000,13.61,0.21,N,15,0.20639834881320948,4037.5,2.476780185758514,Middle Age,0-2 years,0,0,0.20499939,0,Low Risk
24,40000,RENT,3.0,VENTURE,A,7000,7.88,0.17,N,4,0.175,3333.3333333333335,2.1,Young,3-5 years,0,0,0.0038419906,0,Low Risk
24,110000,RENT,1.0,EDUCATION,A,11200,7.49,0.1,N,4,0.10181818181818182,9166.666666666666,1.221818181818182,Young,0-2 years,0,0,0.016833965,0,Low Risk
22,80000,RENT,5.0,EDUCATION,C,10000,14.27,0.13,N,2,0.125,6666.666666666667,1.5,Young,3-5 years,0,0,0.06367811,0,Low Risk
37,66000,MORTGAGE,,EDUCATION,B,25000,11.86,0.38,N,13,0.3787878787878788,5500.0,4.545454545454546,Middle Age,,1,1,0.3092456,0,Medium Risk
31,24000,RENT,2.0,PERSONAL,A,3000,7.49,0.13,N,8,0.125,2000.0,1.5,Adult,0-2 years,0,0,0.19192404,0,Low Risk
27,50000,OWN,5.0,PERSONAL,A,5275,,0.11,N,5,0.1055,4166.666666666667,1.266,Adult,3-5 years,0,0,0.00078452023,0,Low Risk
27,36120,MORTGAGE,2.0,VENTURE,D,2000,15.58,0.06,Y,5,0.05537098560354374,3010.0,0.6644518272425249,Adult,0-2 years,0,0,0.44216707,0,Medium Risk
23,60000,OWN,3.0,MEDICAL,A,10000,6.92,0.17,N,4,0.16666666666666666,5000.0,2.0,Young,3-5 years,0,0,0.0019167474,0,Low Risk
21,35000,MORTGAGE,6.0,DEBTCONSOLIDATION,B,15000,,0.43,N,4,0.42857142857142855,2916.6666666666665,5.142857142857143,Young,6-10 years,1,0,0.3492553,0,Medium Risk
25,30000,RENT,6.0,MEDICAL,B,4000,9.76,0.13,N,3,0.13333333333333333,2500.0,1.6,Young,6-10 years,0,0,0.35159186,0,Medium Risk
29,84000,OWN,13.0,PERSONAL,A,6000,5.42,0.07,N,5,0.07142857142857142,7000.0,0.8571428571428571,Adult,10+ years,0,0,0.0018274428,0,Low Risk
21,42000,RENT,5.0,EDUCATION,A,1500,5.79,0.04,N,3,0.03571428571428571,3500.0,0.42857142857142855,Young,3-5 years,0,0,0.054903187,0,Low Risk
21,43971,MORTGAGE,5.0,PERSONAL,A,4600,5.42,0.1,N,4,0.1046144049487162,3664.25,1.2553728593845943,Young,3-5 years,0,0,0.09870962,0,Low Risk
28,73500,RENT,0.0,HOMEIMPROVEMENT,C,14400,12.98,0.2,Y,6,0.19591836734693877,6125.0,2.3510204081632655,Adult,0-2 years,0,0,0.52444583,1,Medium Risk
24,47000,MORTGAGE,0.0,PERSONAL,C,12000,13.49,0.26,Y,3,0.2553191489361702,3916.6666666666665,3.0638297872340425,Young,0-2 years,0,0,0.19083078,0,Low Risk
59,55000,MORTGAGE,15.0,PERSONAL,B,1000,10.59,0.02,N,29,0.01818181818181818,4583.333333333333,0.2181818181818182,Senior,10+ years,0,0,0.18333484,0,Low Risk
24,75000,MORTGAGE,3.0,VENTURE,A,16000,6.62,0.21,N,2,0.21333333333333335,6250.0,2.56,Young,3-5 years,0,0,0.0033866756,0,Low Risk
21,27200,RENT,0.0,MEDICAL,C,5000,,0.18,N,3,0.18382352941176472,2266.6666666666665,2.2058823529411766,Young,0-2 years,0,0,0.31497827,0,Medium Risk
26,51996,MORTGAGE,2.0,MEDICAL,E,6500,15.68,0.13,N,4,0.12500961612431727,4333.0,1.500115393491807,Adult,0-2 years,0,1,0.9027247,1,High Risk
21,26400,RENT,0.0,EDUCATION,C,2400,14.79,0.09,Y,2,0.09090909090909091,2200.0,1.0909090909090908,Young,0-2 years,0,0,0.27693385,0,Low Risk
24,23500,MORTGAGE,2.0,HOMEIMPROVEMENT,B,7000,10.38,0.3,N,4,0.2978723404255319,1958.3333333333333,3.5744680851063833,Young,0-2 years,1,0,0.43788165,0,Medium Risk
27,47500,MORTGAGE,5.0,MEDICAL,A,13000,7.88,0.27,N,8,0.2736842105263158,3958.3333333333335,3.2842105263157895,Adult,3-5 years,0,1,0.111080535,0,Low Risk
22,31875,RENT,3.0,EDUCATION,C,7500,13.11,0.24,N,2,0.23529411764705882,2656.25,2.823529411764706,Young,3-5 years,0,0,0.51074815,1,Medium Risk
41,70000,MORTGAGE,2.0,PERSONAL,B,5000,12.69,0.07,N,12,0.07142857142857142,5833.333333333333,0.8571428571428572,Middle Age,0-2 years,0,0,0.11312023,0,Low Risk
24,29000,RENT,5.0,MEDICAL,C,6000,15.27,0.21,N,2,0.20689655172413793,2416.6666666666665,2.4827586206896552,Young,3-5 years,0,0,0.50698036,1,Medium Risk
33,75000,MORTGAGE,6.0,DEBTCONSOLIDATION,B,10000,10.99,0.13,N,10,0.13333333333333333,6250.0,1.6,Adult,6-10 years,0,0,0.12762713,0,Low Risk
24,56972,OWN,6.0,DEBTCONSOLIDATION,E,15000,16.4,0.26,N,4,0.26328722881415434,4747.666666666667,3.1594467457698516,Young,6-10 years,0,1,0.8307519,1,High Risk
34,33612,MORTGAGE,0.0,PERSONAL,A,9000,7.74,0.27,N,9,0.26776151374509105,2801.0,3.2131381649410926,Adult,0-2 years,0,1,0.23876856,0,Low Risk
28,89250,RENT,0.0,MEDICAL,E,20000,,0.19,N,8,0.22408963585434175,7437.5,2.689075630252101,Adult,0-2 years,0,1,0.95275307,1,High Risk
41,75000,MORTGAGE,19.0,EDUCATION,C,5500,12.87,0.07,Y,16,0.07333333333333333,6250.0,0.88,Middle Age,10+ years,0,0,0.11057353,0,Low Risk
62,66000,RENT,2.0,EDUCATION,B,6000,,0.09,N,23,0.09090909090909091,5500.0,1.0909090909090908,Senior,0-2 years,0,0,0.25429618,0,Low Risk
34,140004,MORTGAGE,4.0,DEBTCONSOLIDATION,A,12000,,0.09,N,8,0.08571183680466272,11667.0,1.0285420416559528,Adult,3-5 years,0,0,0.08173226,0,Low Risk
24,79500,RENT,8.0,HOMEIMPROVEMENT,B,16000,11.14,0.2,N,4,0.20125786163522014,6625.0,2.4150943396226414,Young,6-10 years,0,0,0.3874441,0,Medium Risk
28,30000,RENT,0.0,DEBTCONSOLIDATION,D,14125,14.74,0.47,N,10,0.4708333333333333,2500.0,5.65,Adult,0-2 years,1,1,0.99896204,1,High Risk
27,52000,RENT,5.0,MEDICAL,B,26000,10.99,0.5,N,10,0.5,4333.333333333333,6.0,Adult,3-5 years,1,1,0.99378395,1,High Risk
22,60000,RENT,6.0,VENTURE,D,7800,15.21,0.13,N,4,0.13,5000.0,1.56,Young,6-10 years,0,0,0.24639156,0,Low Risk
23,90000,MORTGAGE,7.0,VENTURE,A,21000,7.49,0.23,N,4,0.23333333333333334,7500.0,2.8,Young,6-10 years,0,0,0.006575758,0,Low Risk
27,44004,MORTGAGE,2.0,MEDICAL,A,10000,6.92,0.23,N,6,0.22725206799381875,3667.0,2.727024815925825,Adult,0-2 years,0,0,0.27149725,0,Low Risk
31,80000,RENT,6.0,PERSONAL,A,10000,,0.13,N,9,0.125,6666.666666666667,1.5,Adult,6-10 years,0,0,0.035303984,0,Low Risk
29,71000,RENT,1.0,DEBTCONSOLIDATION,C,12000,13.16,0.17,Y,9,0.16901408450704225,5916.666666666667,2.028169014084507,Adult,0-2 years,0,0,0.20698397,0,Low Risk
23,150000,MORTGAGE,7.0,DEBTCONSOLIDATION,A,9600,6.92,0.06,N,2,0.064,12500.0,0.768,Young,6-10 years,0,0,0.011237889,0,Low Risk
23,40000,MORTGAGE,7.0,VENTURE,A,5000,6.62,0.13,N,4,0.125,3333.3333333333335,1.5,Young,6-10 years,0,0,0.0045177033,0,Low Risk
31,101000,RENT,3.0,DEBTCONSOLIDATION,A,20000,7.9,0.2,N,5,0.19801980198019803,8416.666666666666,2.3762376237623766,Adult,3-5 years,0,0,0.03545665,0,Low Risk
36,1200000,OWN,16.0,MEDICAL,A,10000,6.54,0.01,N,11,0.008333333333333333,100000.0,0.1,Middle Age,10+ years,0,0,0.0018224579,0,Low Risk
21,51800,MORTGAGE,1.0,VENTURE,B,5000,9.99,0.1,N,3,0.09652509652509653,4316.666666666667,1.1583011583011582,Young,0-2 years,0,0,0.01718377,0,Low Risk
24,40000,RENT,8.0,MEDICAL,C,4500,12.84,0.11,N,3,0.1125,3333.3333333333335,1.3499999999999999,Young,6-10 years,0,0,0.19193855,0,Low Risk
32,43000,RENT,2.0,MEDICAL,B,6950,9.91,0.16,N,9,0.16162790697674417,3583.3333333333335,1.93953488372093,Adult,0-2 years,0,0,0.15851425,0,Low Risk
22,50000,RENT,1.0,EDUCATION,A,11000,,0.22,N,3,0.22,4166.666666666667,2.6399999999999997,Young,0-2 years,0,0,0.040687267,0,Low Risk
26,63000,RENT,3.0,HOMEIMPROVEMENT,C,6000,13.23,0.1,N,2,0.09523809523809523,5250.0,1.1428571428571428,Adult,3-5 years,0,0,0.35567147,0,Medium Risk
24,70000,MORTGAGE,8.0,DEBTCONSOLIDATION,B,7000,9.99,0.1,N,4,0.1,5833.333333333333,1.2,Young,6-10 years,0,0,0.10001242,0,Low Risk
25,45000,MORTGAGE,4.0,VENTURE,C,10400,14.27,0.23,Y,2,0.2311111111111111,3750.0,2.7733333333333334,Young,3-5 years,0,0,0.28695998,0,Low Risk
22,55000,MORTGAGE,6.0,PERSONAL,C,3250,13.49,0.06,Y,4,0.05909090909090909,4583.333333333333,0.7090909090909091,Young,6-10 years,0,0,0.1400196,0,Low Risk
34,67014,MORTGAGE,18.0,VENTURE,C,16000,13.22,0.24,N,8,0.23875608081893335,5584.5,2.8650729698272004,Adult,10+ years,0,0,0.20429766,0,Low Risk
36,130000,RENT,3.0,DEBTCONSOLIDATION,B,14000,10.37,0.11,N,14,0.1076923076923077,10833.333333333334,1.2923076923076922,Middle Age,3-5 years,0,0,0.13507256,0,Low Risk
22,83200,RENT,3.0,EDUCATION,D,10000,16.29,0.12,N,4,0.1201923076923077,6933.333333333333,1.4423076923076923,Young,3-5 years,0,0,0.23430517,0,Low Risk
25,36960,RENT,8.0,DEBTCONSOLIDATION,D,12500,14.61,0.34,Y,4,0.33820346320346323,3080.0,4.058441558441558,Young,6-10 years,1,1,0.9974446,1,High Risk
21,48000,RENT,1.0,DEBTCONSOLIDATION,C,1800,13.35,0.04,Y,2,0.0375,4000.0,0.45,Young,0-2 years,0,0,0.19799627,0,Low Risk
33,18000,RENT,3.0,EDUCATION,C,3300,11.97,0.18,N,8,0.18333333333333332,1500.0,2.2,Adult,3-5 years,0,1,0.99116826,1,High Risk
27,51000,RENT,1.0,HOMEIMPROVEMENT,B,8400,10.71,0.16,N,5,0.16470588235294117,4250.0,1.9764705882352942,Adult,0-2 years,0,0,0.37292302,0,Medium Risk
21,30000,RENT,5.0,VENTURE,A,12000,5.79,0.4,N,3,0.4,2500.0,4.8,Young,3-5 years,1,1,0.9958572,1,High Risk
24,88000,MORTGAGE,2.0,EDUCATION,G,25000,18.84,0.28,N,2,0.2840909090909091,7333.333333333333,3.409090909090909,Young,0-2 years,0,1,0.9778315,1,High Risk
24,122000,RENT,4.0,EDUCATION,B,15000,11.58,0.12,N,3,0.12295081967213115,10166.666666666666,1.4754098360655739,Young,3-5 years,0,0,0.09881371,0,Low Risk
22,34480,RENT,4.0,VENTURE,D,1550,15.21,0.04,Y,3,0.04495359628770302,2873.3333333333335,0.5394431554524362,Young,3-5 years,0,0,0.5547787,1,Medium Risk
32,21120,RENT,0.0,MEDICAL,A,10000,,0.47,N,6,0.4734848484848485,1760.0,5.681818181818182,Adult,0-2 years,1,1,0.9938491,1,High Risk
27,120000,MORTGAGE,2.0,MEDICAL,B,16000,12.21,0.13,N,8,0.13333333333333333,10000.0,1.6,Adult,0-2 years,0,0,0.07937165,0,Low Risk
22,40000,MORTGAGE,3.0,DEBTCONSOLIDATION,B,7500,11.49,0.19,N,3,0.1875,3333.3333333333335,2.25,Young,3-5 years,0,0,0.1521231,0,Low Risk
21,21600,RENT,,DEBTCONSOLIDATION,A,6700,6.92,0.31,N,4,0.3101851851851852,1800.0,3.7222222222222223,Young,,1,1,0.9800077,1,High Risk
24,95000,MORTGAGE,7.0,DEBTCONSOLIDATION,B,15000,12.69,0.16,N,2,0.15789473684210525,7916.666666666667,1.894736842105263,Young,6-10 years,0,0,0.13607992,0,Low Risk
30,120000,RENT,3.0,HOMEIMPROVEMENT,E,10000,17.04,0.08,N,5,0.08333333333333333,10000.0,1.0,Adult,3-5 years,0,0,0.3863224,0,Medium Risk
21,45000,RENT,3.0,EDUCATION,B,10000,10.25,0.22,N,2,0.2222222222222222,3750.0,2.6666666666666665,Young,3-5 years,0,0,0.11735652,0,Low Risk
27,31000,OWN,3.0,HOMEIMPROVEMENT,B,5500,10.65,0.18,N,7,0.1774193548387097,2583.3333333333335,2.129032258064516,Adult,3-5 years,0,0,0.010089354,0,Low Risk
31,31000,RENT,5.0,PERSONAL,A,7500,7.49,0.24,N,9,0.24193548387096775,2583.3333333333335,2.9032258064516125,Adult,3-5 years,0,0,0.27311286,0,Low Risk
21,43000,MORTGAGE,5.0,PERSONAL,A,7000,6.62,0.16,N,4,0.16279069767441862,3583.3333333333335,1.9534883720930232,Young,3-5 years,0,0,0.086265594,0,Low Risk
22,107004,MORTGAGE,2.0,VENTURE,A,10000,7.29,0.09,N,4,0.09345445030092334,8917.0,1.12145340361108,Young,0-2 years,0,0,0.0019939628,0,Low Risk
28,48000,MORTGAGE,13.0,PERSONAL,C,5000,15.27,0.1,Y,5,0.10416666666666667,4000.0,1.25,Adult,10+ years,0,1,0.43977758,0,Medium Risk
26,25000,RENT,4.0,MEDICAL,D,6500,14.09,0.26,Y,2,0.26,2083.3333333333335,3.1199999999999997,Adult,3-5 years,0,1,0.8900602,1,High Risk
32,30000,RENT,7.0,EDUCATION,B,3000,12.42,0.1,N,8,0.1,2500.0,1.2,Adult,6-10 years,0,0,0.47326848,0,Medium Risk
34,52000,RENT,2.0,VENTURE,C,5000,13.99,0.1,Y,8,0.09615384615384616,4333.333333333333,1.153846153846154,Adult,0-2 years,0,0,0.4005986,0,Medium Risk
29,44500,RENT,3.0,VENTURE,C,14400,13.61,0.32,Y,10,0.3235955056179775,3708.3333333333335,3.8831460674157303,Adult,3-5 years,1,1,0.9876238,1,High Risk
24,51000,RENT,1.0,DEBTCONSOLIDATION,A,3000,8.9,0.06,N,2,0.058823529411764705,4250.0,0.7058823529411765,Young,0-2 years,0,0,0.17700459,0,Low Risk
34,75500,RENT,0.0,EDUCATION,D,19200,16.77,0.25,Y,7,0.2543046357615894,6291.666666666667,3.0516556291390726,Adult,0-2 years,0,1,0.937707,1,High Risk
34,102000,RENT,4.0,EDUCATION,E,8400,17.19,0.08,Y,10,0.08235294117647059,8500.0,0.9882352941176471,Adult,3-5 years,0,0,0.44779456,0,Medium Risk
23,34348,MORTGAGE,7.0,EDUCATION,A,5000,7.9,0.15,N,3,0.14556888319552813,2862.3333333333335,1.7468265983463374,Young,6-10 years,0,0,0.2799936,0,Low Risk
27,60000,MORTGAGE,3.0,EDUCATION,C,5000,12.73,0.08,Y,8,0.08333333333333333,5000.0,1.0,Adult,3-5 years,0,0,0.20273158,0,Low Risk
24,42500,MORTGAGE,5.0,PERSONAL,A,4800,7.51,0.11,N,2,0.11294117647058824,3541.6666666666665,1.355294117647059,Young,3-5 years,0,0,0.12376822,0,Low Risk
35,40000,OWN,5.0,VENTURE,A,8000,7.66,0.2,N,7,0.2,3333.3333333333335,2.4,Adult,3-5 years,0,0,0.00023736399,0,Low Risk
30,63000,RENT,2.0,HOMEIMPROVEMENT,A,6000,,0.1,N,7,0.09523809523809523,5250.0,1.1428571428571428,Adult,0-2 years,0,0,0.12655224,0,Low Risk
34,45000,MORTGAGE,3.0,MEDICAL,C,5300,13.23,0.12,N,6,0.11777777777777777,3750.0,1.4133333333333333,Adult,3-5 years,0,0,0.17813812,0,Low Risk
23,28800,MORTGAGE,,MEDICAL,A,10625,,0.37,N,2,0.3689236111111111,2400.0,4.427083333333333,Young,,1,0,0.4625422,0,Medium Risk
31,100000,MORTGAGE,2.0,MEDICAL,A,5000,5.42,0.05,N,8,0.05,8333.333333333334,0.6,Adult,0-2 years,0,0,0.007210324,0,Low Risk
29,95000,MORTGAGE,4.0,DEBTCONSOLIDATION,C,2400,13.72,0.03,N,9,0.02526315789473684,7916.666666666667,0.30315789473684207,Adult,3-5 years,0,0,0.10544737,0,Low Risk
27,20400,RENT,3.0,MEDICAL,A,5500,6.91,0.27,N,7,0.2696078431372549,1700.0,3.235294117647059,Adult,3-5 years,0,0,0.1113152,0,Low Risk
39,60000,RENT,3.0,PERSONAL,B,8000,9.88,0.13,N,14,0.13333333333333333,5000.0,1.6,Middle Age,3-5 years,0,0,0.05106181,0,Low Risk
31,90000,MORTGAGE,11.0,EDUCATION,A,12000,6.92,0.13,N,5,0.13333333333333333,7500.0,1.6,Adult,10+ years,0,0,0.02787872,0,Low Risk
23,28000,MORTGAGE,4.0,HOMEIMPROVEMENT,D,5225,14.84,0.19,N,2,0.18660714285714286,2333.3333333333335,2.2392857142857143,Young,3-5 years,0,1,0.9332829,1,High Risk
25,175000,MORTGAGE,9.0,PERSONAL,B,7550,11.49,0.04,N,4,0.04314285714285714,14583.333333333334,0.5177142857142857,Young,6-10 years,0,0,0.101070166,0,Low Risk
40,40000,OWN,12.0,HOMEIMPROVEMENT,B,13750,8.88,0.34,N,16,0.34375,3333.3333333333335,4.125,Middle Age,10+ years,1,0,0.0011293225,0,Low Risk
23,35000,RENT,2.0,HOMEIMPROVEMENT,B,4000,12.18,0.11,N,4,0.11428571428571428,2916.6666666666665,1.3714285714285714,Young,0-2 years,0,1,0.9309567,1,High Risk
26,96000,MORTGAGE,6.0,MEDICAL,B,20000,11.11,0.21,N,4,0.20833333333333334,8000.0,2.5,Adult,6-10 years,0,0,0.121551745,0,Low Risk
22,38000,RENT,2.0,MEDICAL,A,18500,7.66,0.49,N,4,0.4868421052631579,3166.6666666666665,5.842105263157895,Young,0-2 years,1,1,0.99265224,1,High Risk
24,19800,RENT,1.0,DEBTCONSOLIDATION,A,5600,5.79,0.28,N,3,0.2828282828282828,1650.0,3.393939393939394,Young,0-2 years,0,1,0.9805455,1,High Risk
29,83700,RENT,3.0,PERSONAL,C,19000,,0.23,N,10,0.2270011947431302,6975.0,2.7240143369175627,Adult,3-5 years,0,0,0.26642957,0,Low Risk
35,76000,RENT,2.0,VENTURE,C,1000,13.49,0.01,N,8,0.013157894736842105,6333.333333333333,0.15789473684210528,Adult,0-2 years,0,0,0.2024745,0,Low Risk
35,60000,MORTGAGE,0.0,MEDICAL,B,12000,10.75,0.2,N,8,0.2,5000.0,2.4,Adult,0-2 years,0,0,0.06869671,0,Low Risk
29,40000,OTHER,2.0,DEBTCONSOLIDATION,E,15000,16.63,0.38,Y,10,0.375,3333.3333333333335,4.5,Adult,0-2 years,1,1,0.9874276,1,High Risk
26,47000,MORTGAGE,5.0,MEDICAL,A,6600,7.9,0.14,N,2,0.14042553191489363,3916.6666666666665,1.6851063829787234,Adult,3-5 years,0,0,0.13572665,0,Low Risk
25,38000,MORTGAGE,9.0,HOMEIMPROVEMENT,A,5400,8.9,0.14,N,2,0.14210526315789473,3166.6666666666665,1.7052631578947368,Young,6-10 years,0,0,0.22036855,0,Low Risk
26,92500,RENT,3.0,DEBTCONSOLIDATION,B,12000,11.71,0.13,N,4,0.12972972972972974,7708.333333333333,1.5567567567567568,Adult,3-5 years,0,0,0.0838081,0,Low Risk
27,70000,MORTGAGE,3.0,HOMEIMPROVEMENT,A,5200,7.51,0.07,N,10,0.07428571428571429,5833.333333333333,0.8914285714285715,Adult,3-5 years,0,0,0.065615155,0,Low Risk
28,128400,MORTGAGE,3.0,PERSONAL,C,4000,13.35,0.03,Y,8,0.03115264797507788,10700.0,0.37383177570093457,Adult,3-5 years,0,0,0.24149442,0,Low Risk
30,60000,MORTGAGE,8.0,PERSONAL,C,7400,13.11,0.12,Y,5,0.12333333333333334,5000.0,1.48,Adult,6-10 years,0,0,0.16307615,0,Low Risk
25,34980,MORTGAGE,1.0,VENTURE,B,6000,11.48,0.17,N,2,0.17152658662092624,2915.0,2.058319039451115,Young,0-2 years,0,0,0.05326022,0,Low Risk
23,60000,RENT,3.0,EDUCATION,E,10000,,0.17,N,2,0.16666666666666666,5000.0,2.0,Young,3-5 years,0,0,0.18876319,0,Low Risk
23,37700,MORTGAGE,7.0,DEBTCONSOLIDATION,A,10000,9.63,0.27,N,3,0.26525198938992045,3141.6666666666665,3.1830238726790454,Young,6-10 years,0,1,0.28420892,0,Low Risk
35,114000,MORTGAGE,11.0,EDUCATION,B,7000,11.49,0.06,N,10,0.06140350877192982,9500.0,0.7368421052631579,Adult,10+ years,0,0,0.12664422,0,Low Risk
23,78000,MORTGAGE,4.0,DEBTCONSOLIDATION,C,6000,12.99,0.08,N,3,0.07692307692307693,6500.0,0.9230769230769231,Young,3-5 years,0,0,0.50392234,1,Medium Risk
25,59000,RENT,4.0,MEDICAL,B,15000,9.99,0.25,N,3,0.2542372881355932,4916.666666666667,3.0508474576271185,Young,3-5 years,0,1,0.4914398,0,Medium Risk
22,60000,MORTGAGE,1.0,EDUCATION,B,17000,9.45,0.28,N,4,0.2833333333333333,5000.0,3.4,Young,0-2 years,0,0,0.08768329,0,Low Risk
33,65000,RENT,3.0,DEBTCONSOLIDATION,C,7000,14.26,0.11,N,10,0.1076923076923077,5416.666666666667,1.2923076923076922,Adult,3-5 years,0,0,0.21636519,0,Low Risk
26,58947,RENT,10.0,MEDICAL,A,4500,6.03,0.08,N,2,0.07633976283780346,4912.25,0.9160771540536414,Adult,6-10 years,0,0,0.5455158,1,Medium Risk
27,61400,MORTGAGE,3.0,PERSONAL,C,10000,,0.16,Y,9,0.16286644951140064,5116.666666666667,1.9543973941368078,Adult,3-5 years,0,0,0.16422078,0,Low Risk
23,63600,MORTGAGE,,DEBTCONSOLIDATION,B,20000,10.99,0.31,N,3,0.31446540880503143,5300.0,3.7735849056603774,Young,,1,1,0.39182,0,Medium Risk
29,74000,RENT,3.0,EDUCATION,C,16000,13.11,0.22,Y,6,0.21621621621621623,6166.666666666667,2.5945945945945943,Adult,3-5 years,0,1,0.4550331,0,Medium Risk
24,43500,RENT,6.0,MEDICAL,D,10000,13.62,0.23,Y,3,0.22988505747126436,3625.0,2.7586206896551726,Young,6-10 years,0,1,0.8621832,1,High Risk
26,175000,MORTGAGE,7.0,DEBTCONSOLIDATION,B,30000,,0.17,N,2,0.17142857142857143,14583.333333333334,2.057142857142857,Adult,6-10 years,0,0,0.09931945,0,Low Risk
25,130000,MORTGAGE,2.0,VENTURE,D,19400,16.0,0.15,Y,4,0.14923076923076922,10833.333333333334,1.7907692307692307,Young,0-2 years,0,0,0.34029654,0,Medium Risk
22,50000,MORTGAGE,7.0,EDUCATION,A,6400,8.0,0.13,N,2,0.128,4166.666666666667,1.5359999999999998,Young,6-10 years,0,0,0.04274511,0,Low Risk
29,125000,MORTGAGE,5.0,PERSONAL,A,12000,5.79,0.1,N,7,0.096,10416.666666666666,1.1520000000000001,Adult,3-5 years,0,0,0.011731817,0,Low Risk
27,29000,RENT,4.0,PERSONAL,A,9750,7.51,0.34,N,6,0.33620689655172414,2416.6666666666665,4.0344827586206895,Adult,3-5 years,1,1,0.9964875,1,High Risk
25,76000,MORTGAGE,4.0,HOMEIMPROVEMENT,A,14000,7.66,0.18,N,3,0.18421052631578946,6333.333333333333,2.210526315789474,Young,3-5 years,0,0,0.13048805,0,Low Risk
24,42000,RENT,8.0,MEDICAL,A,5000,5.42,0.12,N,2,0.11904761904761904,3500.0,1.4285714285714286,Young,6-10 years,0,0,0.11281707,0,Low Risk
28,43150,RENT,3.0,VENTURE,B,6000,9.99,0.14,N,9,0.13904982618771727,3595.8333333333335,1.668597914252607,Adult,3-5 years,0,0,0.014173732,0,Low Risk
24,24000,RENT,2.0,HOMEIMPROVEMENT,D,3500,15.65,0.15,Y,3,0.14583333333333334,2000.0,1.75,Young,0-2 years,0,1,0.9956825,1,High Risk
36,65000,RENT,7.0,MEDICAL,C,15000,13.72,0.23,N,11,0.23076923076923078,5416.666666666667,2.769230769230769,Middle Age,6-10 years,0,0,0.16071667,0,Low Risk
25,55000,RENT,9.0,DEBTCONSOLIDATION,A,3600,8.9,0.07,N,3,0.06545454545454546,4583.333333333333,0.7854545454545455,Young,6-10 years,0,0,0.094445445,0,Low Risk
34,948000,MORTGAGE,18.0,PERSONAL,B,2000,9.99,0.0,N,7,0.002109704641350211,79000.0,0.02531645569620253,Adult,10+ years,0,0,0.035063792,0,Low Risk
31,8412,OWN,,PERSONAL,A,2500,7.14,0.3,N,8,0.29719448407037563,701.0,3.566333808844508,Adult,,1,1,0.9979919,1,High Risk
24,35000,RENT,1.0,VENTURE,A,12000,6.54,0.34,N,2,0.34285714285714286,2916.6666666666665,4.114285714285715,Young,0-2 years,1,1,0.9941105,1,High Risk
35,19200,RENT,2.0,VENTURE,A,3675,8.49,0.19,N,7,0.19140625,1600.0,2.296875,Adult,0-2 years,0,1,0.985377,1,High Risk
29,63755,MORTGAGE,14.0,MEDICAL,C,3000,,0.05,Y,10,0.04705513293075053,5312.916666666667,0.5646615951690063,Adult,10+ years,0,0,0.33059582,0,Medium Risk
27,98000,RENT,11.0,HOMEIMPROVEMENT,D,20000,16.0,0.2,N,8,0.20408163265306123,8166.666666666667,2.4489795918367347,Adult,10+ years,0,1,0.5954535,1,Medium Risk
42,45000,RENT,1.0,MEDICAL,B,18200,10.83,0.4,N,16,0.40444444444444444,3750.0,4.8533333333333335,Middle Age,0-2 years,1,1,0.98718214,1,High Risk
23,26000,MORTGAGE,3.0,DEBTCONSOLIDATION,B,7800,10.59,0.3,N,4,0.3,2166.6666666666665,3.6,Young,3-5 years,1,0,0.32882443,0,Medium Risk
23,92000,MORTGAGE,7.0,PERSONAL,A,12000,6.62,0.13,N,3,0.13043478260869565,7666.666666666667,1.5652173913043477,Young,6-10 years,0,0,0.015054906,0,Low Risk
34,38000,MORTGAGE,9.0,PERSONAL,C,14500,12.84,0.38,Y,6,0.3815789473684211,3166.6666666666665,4.578947368421053,Adult,6-10 years,1,0,0.39820957,0,Medium Risk
22,15000,RENT,0.0,VENTURE,D,5000,,0.33,Y,4,0.3333333333333333,1250.0,4.0,Young,0-2 years,1,1,0.99964106,1,High Risk
23,92000,RENT,0.0,EDUCATION,A,6500,8.0,0.07,N,3,0.07065217391304347,7666.666666666667,0.8478260869565217,Young,0-2 years,0,0,0.03302659,0,Low Risk
25,51500,RENT,5.0,VENTURE,C,1325,14.79,0.03,N,3,0.025728155339805825,4291.666666666667,0.3087378640776699,Young,3-5 years,0,0,0.30280042,0,Medium Risk
25,55315,RENT,3.0,EDUCATION,B,15000,10.74,0.27,N,2,0.2711741842176625,4609.583333333333,3.25409021061195,Young,3-5 years,0,0,0.22680481,0,Low Risk
45,55000,RENT,1.0,PERSONAL,A,4000,6.03,0.07,N,12,0.07272727272727272,4583.333333333333,0.8727272727272728,Middle Age,0-2 years,0,0,0.029489478,0,Low Risk
27,93000,RENT,11.0,PERSONAL,A,4200,5.42,0.05,N,6,0.04516129032258064,7750.0,0.5419354838709678,Adult,10+ years,0,0,0.013326891,0,Low Risk
31,24000,RENT,0.0,MEDICAL,A,7000,7.51,0.29,N,7,0.2916666666666667,2000.0,3.5,Adult,0-2 years,0,0,0.21599154,0,Low Risk
27,38004,MORTGAGE,0.0,DEBTCONSOLIDATION,D,12000,16.77,0.32,N,6,0.3157562361856647,3167.0,3.789074834227976,Adult,0-2 years,1,1,0.96731377,1,High Risk
40,31504,RENT,13.0,MEDICAL,E,10000,,0.32,N,13,0.3174200101574403,2625.3333333333335,3.8090401218892835,Middle Age,10+ years,1,1,0.98937947,1,High Risk
32,48000,MORTGAGE,8.0,HOMEIMPROVEMENT,A,5200,5.42,0.11,N,5,0.10833333333333334,4000.0,1.3,Adult,6-10 years,0,0,0.1510651,0,Low Risk
27,61200,MORTGAGE,3.0,MEDICAL,A,13000,8.49,0.18,N,10,0.21241830065359477,5100.0,2.549019607843137,Adult,3-5 years,0,1,0.18847752,0,Low Risk
30,85332,RENT,3.0,VENTURE,C,14000,14.22,0.16,N,7,0.16406506351661745,7111.0,1.9687807621994093,Adult,3-5 years,0,0,0.104265705,0,Low Risk
22,57000,MORTGAGE,4.0,EDUCATION,A,12875,7.9,0.23,N,2,0.22587719298245615,4750.0,2.710526315789474,Young,3-5 years,0,0,0.120162174,0,Low Risk
24,28800,RENT,5.0,MEDICAL,A,8000,,0.28,N,2,0.2777777777777778,2400.0,3.3333333333333335,Young,3-5 years,0,0,0.16846141,0,Low Risk
30,65004,MORTGAGE,6.0,PERSONAL,A,7100,8.0,0.11,N,10,0.10922404775090763,5417.0,1.3106885730108917,Adult,6-10 years,0,0,0.11360426,0,Low Risk
26,108000,RENT,9.0,EDUCATION,G,24000,20.16,0.22,N,3,0.2222222222222222,9000.0,2.6666666666666665,Adult,6-10 years,0,1,0.9719919,1,High Risk
29,56000,MORTGAGE,4.0,MEDICAL,B,8000,11.49,0.14,N,5,0.14285714285714285,4666.666666666667,1.7142857142857142,Adult,3-5 years,0,1,0.34815392,0,Medium Risk
28,70910,RENT,8.0,MEDICAL,E,3000,17.44,0.04,Y,5,0.04230714990833451,5909.166666666667,0.5076857989000141,Adult,6-10 years,0,1,0.8989064,1,High Risk
32,49000,RENT,2.0,HOMEIMPROVEMENT,B,12000,11.11,0.24,N,9,0.24489795918367346,4083.3333333333335,2.9387755102040813,Adult,0-2 years,0,1,0.747553,1,High Risk
26,135000,MORTGAGE,11.0,EDUCATION,A,6700,6.03,0.05,N,4,0.04962962962962963,11250.0,0.5955555555555555,Adult,10+ years,0,0,0.011123078,0,Low Risk
22,49600,MORTGAGE,4.0,VENTURE,D,10000,14.96,0.2,Y,3,0.20161290322580644,4133.333333333333,2.4193548387096775,Young,3-5 years,0,0,0.53142685,1,Medium Risk
27,15000,RENT,2.0,EDUCATION,C,3000,13.23,0.2,N,7,0.2,1250.0,2.4,Adult,0-2 years,0,1,0.99209917,1,High Risk
29,48000,RENT,6.0,MEDICAL,C,10000,13.8,0.21,N,10,0.20833333333333334,4000.0,2.5,Adult,6-10 years,0,0,0.23063347,0,Low Risk
31,84000,MORTGAGE,2.0,VENTURE,A,7600,7.51,0.09,N,5,0.09047619047619047,7000.0,1.0857142857142856,Adult,0-2 years,0,0,0.006584589,0,Low Risk
22,54996,RENT,6.0,DEBTCONSOLIDATION,C,2500,14.35,0.05,Y,4,0.04545785148010764,4583.0,0.5454942177612917,Young,6-10 years,0,0,0.1448606,0,Low Risk
25,39000,RENT,3.0,MEDICAL,C,7600,12.84,0.19,N,3,0.19487179487179487,3250.0,2.3384615384615386,Young,3-5 years,0,1,0.5567809,1,Medium Risk
25,24000,RENT,2.0,VENTURE,B,8500,9.88,0.35,N,4,0.3541666666666667,2000.0,4.25,Young,0-2 years,1,1,0.9944634,1,High Risk
22,33000,RENT,5.0,DEBTCONSOLIDATION,B,7800,10.99,0.24,N,3,0.23636363636363636,2750.0,2.8363636363636364,Young,3-5 years,0,0,0.552166,1,Medium Risk
27,31200,RENT,2.0,PERSONAL,A,6000,6.62,0.19,N,10,0.19230769230769232,2600.0,2.3076923076923075,Adult,0-2 years,0,1,0.28080368,0,Low Risk
30,50000,RENT,2.0,VENTURE,C,2000,14.79,0.04,N,10,0.04,4166.666666666667,0.48,Adult,0-2 years,0,0,0.12344697,0,Low Risk
33,60000,MORTGAGE,3.0,DEBTCONSOLIDATION,A,5000,5.42,0.08,N,7,0.08333333333333333,5000.0,1.0,Adult,3-5 years,0,0,0.037467368,0,Low Risk
23,48000,OWN,8.0,EDUCATION,C,6000,12.87,0.13,Y,2,0.125,4000.0,1.5,Young,6-10 years,0,0,0.0031111122,0,Low Risk
23,93000,RENT,0.0,DEBTCONSOLIDATION,D,25000,14.59,0.27,Y,2,0.26881720430107525,7750.0,3.225806451612903,Young,0-2 years,0,1,0.9879562,1,High Risk
23,62500,RENT,7.0,MEDICAL,B,26000,11.71,0.42,N,2,0.416,5208.333333333333,4.992,Young,6-10 years,1,1,0.99530375,1,High Risk
39,66000,MORTGAGE,21.0,HOMEIMPROVEMENT,E,2000,18.39,0.03,N,12,0.030303030303030304,5500.0,0.36363636363636365,Middle Age,10+ years,0,1,0.35978857,0,Medium Risk
26,21000,RENT,0.0,MEDICAL,B,4000,11.36,0.19,N,2,0.19047619047619047,1750.0,2.2857142857142856,Adult,0-2 years,0,0,0.26586768,0,Low Risk
33,116000,MORTGAGE,5.0,EDUCATION,C,15000,12.84,0.13,N,7,0.12931034482758622,9666.666666666666,1.5517241379310345,Adult,3-5 years,0,0,0.15239552,0,Low Risk
26,57550,MORTGAGE,,DEBTCONSOLIDATION,A,3500,5.42,0.06,N,4,0.060816681146828845,4795.833333333333,0.7298001737619462,Adult,,0,0,0.07030231,0,Low Risk
23,90096,MORTGAGE,0.0,EDUCATION,C,10150,11.97,0.11,N,3,0.11265760966080625,7508.0,1.351891315929675,Young,0-2 years,0,0,0.07222381,0,Low Risk
39,61766,MORTGAGE,4.0,EDUCATION,A,5500,7.14,0.09,N,15,0.08904575332707315,5147.166666666667,1.0685490399248776,Middle Age,3-5 years,0,0,0.034436032,0,Low Risk
38,95000,MORTGAGE,5.0,EDUCATION,A,4000,9.63,0.04,N,12,0.042105263157894736,7916.666666666667,0.5052631578947369,Middle Age,3-5 years,0,0,0.04478346,0,Low Risk
23,36000,RENT,5.0,VENTURE,B,7000,10.65,0.19,N,2,0.19444444444444445,3000.0,2.3333333333333335,Young,3-5 years,0,0,0.017887658,0,Low Risk
26,100000,RENT,3.0,DEBTCONSOLIDATION,C,3000,13.57,0.03,N,3,0.03,8333.333333333334,0.36,Adult,3-5 years,0,0,0.12088533,0,Low Risk
24,20000,OWN,2.0,HOMEIMPROVEMENT,A,3000,8.94,0.15,N,2,0.15,1666.6666666666667,1.7999999999999998,Young,0-2 years,0,0,0.012624979,0,Low Risk
23,60000,RENT,5.0,EDUCATION,C,7200,13.22,0.12,N,4,0.12,5000.0,1.44,Young,3-5 years,0,0,0.08369673,0,Low Risk
27,49000,RENT,11.0,MEDICAL,B,4000,10.59,0.08,N,8,0.08163265306122448,4083.3333333333335,0.9795918367346939,Adult,10+ years,0,0,0.42008448,0,Medium Risk
28,180000,RENT,4.0,VENTURE,C,9000,13.8,0.05,N,10,0.05,15000.0,0.6,Adult,3-5 years,0,0,0.13844039,0,Low Risk
30,38168,RENT,5.0,PERSONAL,B,7500,9.76,0.2,N,6,0.19649968560050304,3180.6666666666665,2.3579962272060366,Adult,3-5 years,0,0,0.19988964,0,Low Risk
22,24000,OWN,0.0,DEBTCONSOLIDATION,D,4200,15.62,0.17,Y,2,0.175,2000.0,2.1,Young,0-2 years,0,0,0.01817041,0,Low Risk
24,45996,RENT,3.0,EDUCATION,C,2000,12.98,0.04,Y,4,0.043482041916688405,3833.0,0.5217845030002609,Young,3-5 years,0,0,0.2215651,0,Low Risk
22,36000,MORTGAGE,0.0,EDUCATION,C,11625,13.49,0.32,N,2,0.3229166666666667,3000.0,3.875,Young,0-2 years,1,0,0.5926163,1,Medium Risk
21,35000,RENT,5.0,MEDICAL,A,9000,8.94,0.26,N,3,0.2571428571428571,2916.6666666666665,3.085714285714286,Young,3-5 years,0,0,0.1624706,0,Low Risk
35,48000,OWN,6.0,HOMEIMPROVEMENT,C,4200,13.61,0.09,N,7,0.0875,4000.0,1.05,Adult,6-10 years,0,0,0.00539964,0,Low Risk
23,85000,MORTGAGE,1.0,PERSONAL,C,15000,12.84,0.18,N,3,0.17647058823529413,7083.333333333333,2.1176470588235294,Young,0-2 years,0,0,0.13079628,0,Low Risk
43,400000,MORTGAGE,5.0,HOMEIMPROVEMENT,B,28000,9.91,0.07,N,11,0.07,33333.333333333336,0.84,Middle Age,3-5 years,0,0,0.08687181,0,Low Risk
35,30555,RENT,4.0,MEDICAL,C,4500,13.22,0.15,N,10,0.14727540500736377,2546.25,1.7673048600883652,Adult,3-5 years,0,0,0.3649486,0,Medium Risk
24,90000,RENT,6.0,HOMEIMPROVEMENT,D,15000,17.27,0.17,Y,4,0.16666666666666666,7500.0,2.0,Young,6-10 years,0,0,0.30006322,0,Medium Risk
35,29400,RENT,0.0,EDUCATION,B,6150,12.21,0.21,N,10,0.20918367346938777,2450.0,2.510204081632653,Adult,0-2 years,0,0,0.48528817,0,Medium Risk
24,49000,RENT,8.0,EDUCATION,A,7000,7.49,0.14,N,3,0.14285714285714285,4083.3333333333335,1.7142857142857142,Young,6-10 years,0,1,0.23977426,0,Low Risk
28,90000,MORTGAGE,12.0,EDUCATION,B,21000,11.36,0.23,N,8,0.23333333333333334,7500.0,2.8,Adult,10+ years,0,0,0.120305255,0,Low Risk
37,26500,RENT,11.0,MEDICAL,C,2000,13.16,0.08,N,12,0.07547169811320754,2208.3333333333335,0.9056603773584905,Middle Age,10+ years,0,0,0.29781222,0,Low Risk
25,54000,MORTGAGE,7.0,EDUCATION,B,5500,10.59,0.1,N,4,0.10185185185185185,4500.0,1.2222222222222223,Young,6-10 years,0,0,0.37911603,0,Medium Risk
24,36000,MORTGAGE,8.0,PERSONAL,C,3500,13.06,0.1,Y,3,0.09722222222222222,3000.0,1.1666666666666667,Young,6-10 years,0,0,0.35695347,0,Medium Risk
34,220000,MORTGAGE,13.0,DEBTCONSOLIDATION,C,11275,12.99,0.05,N,8,0.05125,18333.333333333332,0.615,Adult,10+ years,0,0,0.07782929,0,Low Risk
26,30000,MORTGAGE,0.0,EDUCATION,A,4000,7.14,0.13,N,3,0.13333333333333333,2500.0,1.6,Adult,0-2 years,0,0,0.23207664,0,Low Risk
37,42000,RENT,0.0,MEDICAL,A,12000,,0.29,N,14,0.2857142857142857,3500.0,3.4285714285714284,Middle Age,0-2 years,0,0,0.0771991,0,Low Risk
26,62361,MORTGAGE,6.0,PERSONAL,B,21650,12.69,0.35,N,4,0.34717211077436216,5196.75,4.166065329292346,Adult,6-10 years,1,0,0.34947187,0,Medium Risk
27,30000,RENT,4.0,PERSONAL,A,8650,8.94,0.29,N,6,0.28833333333333333,2500.0,3.46,Adult,3-5 years,0,0,0.39232558,0,Medium Risk
42,82000,MORTGAGE,13.0,HOMEIMPROVEMENT,E,26800,,0.33,Y,15,0.32682926829268294,6833.333333333333,3.9219512195121955,Middle Age,10+ years,1,0,0.4462207,0,Medium Risk
26,20000,MORTGAGE,1.0,DEBTCONSOLIDATION,A,1500,7.74,0.07,N,4,0.075,1666.6666666666667,0.8999999999999999,Adult,0-2 years,0,0,0.21896708,0,Low Risk
36,31200,RENT,0.0,EDUCATION,A,10000,6.91,0.32,N,15,0.32051282051282054,2600.0,3.8461538461538463,Middle Age,0-2 years,1,1,0.98490703,1,High Risk
32,60000,RENT,3.0,MEDICAL,B,2375,11.83,0.04,N,7,0.03958333333333333,5000.0,0.475,Adult,3-5 years,0,0,0.09784612,0,Low Risk
22,23000,RENT,6.0,VENTURE,C,4850,14.27,0.21,Y,4,0.2108695652173913,1916.6666666666667,2.5304347826086957,Young,6-10 years,0,0,0.35120866,0,Medium Risk
27,54000,RENT,11.0,VENTURE,D,6000,14.59,0.11,Y,5,0.1111111111111111,4500.0,1.3333333333333333,Adult,10+ years,0,0,0.79818565,1,High Risk
23,149981,MORTGAGE,7.0,MEDICAL,C,25000,12.98,0.17,N,3,0.1666877804521906,12498.416666666666,2.0002533654262873,Young,6-10 years,0,0,0.119799264,0,Low Risk
26,53000,RENT,4.0,VENTURE,B,6800,9.91,0.13,N,3,0.12830188679245283,4416.666666666667,1.5396226415094338,Adult,3-5 years,0,0,0.012236583,0,Low Risk
27,130000,MORTGAGE,12.0,PERSONAL,A,5000,8.63,0.04,N,5,0.038461538461538464,10833.333333333334,0.4615384615384615,Adult,10+ years,0,0,0.0769743,0,Low Risk
27,23000,RENT,4.0,MEDICAL,A,6000,8.9,0.26,N,6,0.2608695652173913,1916.6666666666667,3.1304347826086953,Adult,3-5 years,0,0,0.14962015,0,Low Risk
22,48000,RENT,7.0,PERSONAL,B,7200,12.69,0.15,N,2,0.15,4000.0,1.8,Young,6-10 years,0,0,0.333548,0,Medium Risk
26,215000,MORTGAGE,11.0,EDUCATION,A,12000,7.88,0.06,N,2,0.05581395348837209,17916.666666666668,0.6697674418604651,Adult,10+ years,0,0,0.07329522,0,Low Risk
26,66000,MORTGAGE,9.0,DEBTCONSOLIDATION,D,15000,14.42,0.23,N,2,0.22727272727272727,5500.0,2.727272727272727,Adult,6-10 years,0,1,0.9814122,1,High Risk
22,86000,MORTGAGE,4.0,PERSONAL,A,24000,7.51,0.28,N,2,0.27906976744186046,7166.666666666667,3.3488372093023253,Young,3-5 years,0,0,0.1274708,0,Low Risk
28,80000,MORTGAGE,5.0,HOMEIMPROVEMENT,C,15000,14.17,0.19,N,8,0.1875,6666.666666666667,2.25,Adult,3-5 years,0,0,0.21878119,0,Low Risk
25,110500,RENT,9.0,VENTURE,D,6400,13.67,0.06,N,3,0.0579185520361991,9208.333333333334,0.6950226244343891,Young,6-10 years,0,0,0.14411622,0,Low Risk
21,30000,MORTGAGE,6.0,PERSONAL,A,3000,5.99,0.1,N,4,0.1,2500.0,1.2,Young,6-10 years,0,0,0.20936878,0,Low Risk
24,65000,RENT,0.0,PERSONAL,A,4800,7.88,0.07,N,4,0.07384615384615385,5416.666666666667,0.8861538461538461,Young,0-2 years,0,0,0.030421237,0,Low Risk
22,65000,RENT,4.0,EDUCATION,D,34000,17.58,0.52,N,4,0.5230769230769231,5416.666666666667,6.276923076923077,Young,3-5 years,1,1,0.9855177,1,High Risk
24,16000,RENT,2.0,EDUCATION,D,4200,,0.26,N,2,0.2625,1333.3333333333333,3.1500000000000004,Young,0-2 years,0,1,0.99716645,1,High Risk
51,58000,RENT,2.0,MEDICAL,E,1500,19.03,0.03,N,24,0.02586206896551724,4833.333333333333,0.3103448275862069,Senior,0-2 years,0,1,0.97190994,1,High Risk
37,48000,MORTGAGE,4.0,HOMEIMPROVEMENT,A,7000,7.9,0.15,N,15,0.14583333333333334,4000.0,1.75,Middle Age,3-5 years,0,0,0.09580004,0,Low Risk
24,57000,RENT,1.0,MEDICAL,A,3000,7.88,0.05,N,3,0.05263157894736842,4750.0,0.631578947368421,Young,0-2 years,0,0,0.12763533,0,Low Risk
30,19968,RENT,3.0,DEBTCONSOLIDATION,E,4000,16.45,0.2,N,9,0.20032051282051283,1664.0,2.4038461538461537,Adult,3-5 years,0,1,0.99817073,1,High Risk
30,66000,RENT,5.0,EDUCATION,D,10000,14.83,0.15,Y,9,0.15151515151515152,5500.0,1.8181818181818181,Adult,3-5 years,0,1,0.33304015,0,Medium Risk
27,80000,MORTGAGE,2.0,EDUCATION,A,12000,6.99,0.15,N,6,0.15,6666.666666666667,1.7999999999999998,Adult,0-2 years,0,0,0.020213673,0,Low Risk
22,52800,RENT,1.0,PERSONAL,A,2100,6.76,0.04,N,2,0.03977272727272727,4400.0,0.4772727272727273,Young,0-2 years,0,0,0.06702992,0,Low Risk
24,60000,OWN,4.0,EDUCATION,A,5000,5.79,0.08,N,3,0.08333333333333333,5000.0,1.0,Young,3-5 years,0,0,0.0024047832,0,Low Risk
23,36000,RENT,1.0,EDUCATION,A,7000,7.9,0.19,N,4,0.19444444444444445,3000.0,2.3333333333333335,Young,0-2 years,0,0,0.1769338,0,Low Risk
24,64000,MORTGAGE,5.0,VENTURE,D,12000,16.77,0.19,N,2,0.1875,5333.333333333333,2.25,Young,3-5 years,0,0,0.3783553,0,Medium Risk
40,75000,RENT,6.0,EDUCATION,A,15000,7.29,0.2,N,11,0.2,6250.0,2.4,Middle Age,6-10 years,0,0,0.023702588,0,Low Risk
21,30000,RENT,5.0,EDUCATION,B,8000,,0.27,N,2,0.26666666666666666,2500.0,3.2,Young,3-5 years,0,0,0.4487723,0,Medium Risk
25,46596,RENT,2.0,DEBTCONSOLIDATION,B,13200,12.53,0.28,N,4,0.28328611898017,3883.0,3.3994334277620397,Young,0-2 years,0,0,0.2625175,0,Low Risk
27,104000,RENT,8.0,DEBTCONSOLIDATION,B,11000,,0.11,N,8,0.10576923076923077,8666.666666666666,1.2692307692307694,Adult,6-10 years,0,0,0.085986905,0,Low Risk
24,67600,RENT,7.0,HOMEIMPROVEMENT,D,10000,16.02,0.15,Y,2,0.14792899408284024,5633.333333333333,1.775147928994083,Young,6-10 years,0,0,0.5334027,1,Medium Risk
40,28800,RENT,4.0,DEBTCONSOLIDATION,B,5400,10.37,0.19,N,15,0.1875,2400.0,2.25,Middle Age,3-5 years,0,0,0.17891172,0,Low Risk
40,80000,RENT,0.0,MEDICAL,A,6000,8.94,0.07,N,11,0.075,6666.666666666667,0.8999999999999999,Middle Age,0-2 years,0,0,0.025128659,0,Low Risk
28,100000,MORTGAGE,4.0,VENTURE,B,20000,11.48,0.2,N,5,0.2,8333.333333333334,2.4,Adult,3-5 years,0,0,0.012469191,0,Low Risk
33,140000,MORTGAGE,14.0,DEBTCONSOLIDATION,A,9600,6.91,0.07,N,5,0.06857142857142857,11666.666666666666,0.822857142857143,Adult,10+ years,0,0,0.023863036,0,Low Risk
27,77000,MORTGAGE,12.0,EDUCATION,A,4900,6.03,0.06,N,7,0.06363636363636363,6416.666666666667,0.7636363636363636,Adult,10+ years,0,0,0.08234811,0,Low Risk
53,85000,RENT,2.0,PERSONAL,A,8000,7.74,0.09,N,26,0.09411764705882353,7083.333333333333,1.1294117647058823,Senior,0-2 years,0,0,0.025543373,0,Low Risk
24,92341,RENT,9.0,DEBTCONSOLIDATION,A,12000,7.51,0.13,N,4,0.12995310858665166,7695.083333333333,1.5594373030398199,Young,6-10 years,0,0,0.039261684,0,Low Risk
33,71000,MORTGAGE,10.0,HOMEIMPROVEMENT,A,10000,5.79,0.14,N,9,0.14084507042253522,5916.666666666667,1.6901408450704225,Adult,6-10 years,0,0,0.06381628,0,Low Risk
24,105000,MORTGAGE,8.0,PERSONAL,A,11000,5.42,0.1,N,3,0.10476190476190476,8750.0,1.2571428571428571,Young,6-10 years,0,0,0.010253682,0,Low Risk
25,31000,RENT,2.0,EDUCATION,A,1800,8.32,0.06,N,2,0.05806451612903226,2583.3333333333335,0.6967741935483871,Young,0-2 years,0,0,0.4643514,0,Medium Risk
35,60000,OWN,9.0,PERSONAL,B,24000,12.53,0.4,N,9,0.4,5000.0,4.8,Adult,6-10 years,1,0,0.0061829523,0,Low Risk
31,85000,RENT,6.0,MEDICAL,B,22000,11.58,0.26,N,5,0.25882352941176473,7083.333333333333,3.1058823529411765,Adult,6-10 years,0,0,0.16233492,0,Low Risk
24,120000,RENT,9.0,MEDICAL,C,15400,14.26,0.13,N,2,0.12833333333333333,10000.0,1.54,Young,6-10 years,0,0,0.1507372,0,Low Risk
26,80171,RENT,3.0,HOMEIMPROVEMENT,C,18000,13.85,0.22,N,3,0.22452008831123474,6680.916666666667,2.6942410597348165,Adult,3-5 years,0,0,0.30123243,0,Medium Risk
21,60000,RENT,5.0,EDUCATION,B,10000,12.18,0.17,N,2,0.16666666666666666,5000.0,2.0,Young,3-5 years,0,0,0.06236321,0,Low Risk
28,71007,MORTGAGE,4.0,EDUCATION,F,25000,18.62,0.35,N,7,0.35207796414438014,5917.25,4.224935569732562,Adult,3-5 years,1,0,0.5891645,1,Medium Risk
46,40452,OWN,4.0,EDUCATION,B,4000,11.71,0.1,N,17,0.09888262632255512,3371.0,1.1865915158706615,Middle Age,3-5 years,0,0,0.0031978549,0,Low Risk
33,44000,RENT,0.0,MEDICAL,D,9000,15.21,0.2,Y,6,0.20454545454545456,3666.6666666666665,2.4545454545454546,Adult,0-2 years,0,1,0.98564273,1,High Risk
41,75000,RENT,1.0,PERSONAL,B,20000,11.14,0.27,N,11,0.26666666666666666,6250.0,3.2,Middle Age,0-2 years,0,0,0.11443435,0,Low Risk
33,57800,MORTGAGE,12.0,MEDICAL,A,7000,6.99,0.12,N,6,0.12110726643598616,4816.666666666667,1.4532871972318337,Adult,10+ years,0,0,0.11236594,0,Low Risk
48,100000,MORTGAGE,3.0,DEBTCONSOLIDATION,B,15000,9.88,0.15,N,11,0.15,8333.333333333334,1.7999999999999998,Middle Age,3-5 years,0,0,0.044028483,0,Low Risk
29,39000,MORTGAGE,12.0,PERSONAL,A,16000,5.99,0.41,N,8,0.41025641025641024,3250.0,4.923076923076923,Adult,10+ years,1,0,0.39731416,0,Medium Risk
28,14400,RENT,2.0,VENTURE,C,4800,14.65,0.33,Y,9,0.3333333333333333,1200.0,4.0,Adult,0-2 years,1,1,0.99917066,1,High Risk
26,101000,MORTGAGE,10.0,VENTURE,F,25000,17.46,0.25,N,4,0.24752475247524752,8416.666666666666,2.9702970297029707,Adult,6-10 years,0,1,0.32732904,0,Medium Risk
22,60000,MORTGAGE,6.0,DEBTCONSOLIDATION,C,18000,12.99,0.3,N,2,0.3,5000.0,3.6,Young,6-10 years,1,0,0.20356315,0,Low Risk
24,42000,MORTGAGE,,PERSONAL,E,18250,16.82,0.43,Y,4,0.43452380952380953,3500.0,5.214285714285714,Young,,1,1,0.64768445,1,High Risk
37,103000,RENT,1.0,EDUCATION,D,10000,15.62,0.1,Y,12,0.0970873786407767,8583.333333333334,1.1650485436893203,Middle Age,0-2 years,0,1,0.90264475,1,High Risk
29,190000,MORTGAGE,3.0,EDUCATION,B,14000,,0.07,N,6,0.07368421052631578,15833.333333333334,0.8842105263157894,Adult,3-5 years,0,0,0.13865086,0,Low Risk
27,30000,RENT,4.0,EDUCATION,B,10000,10.74,0.33,N,10,0.3333333333333333,2500.0,4.0,Adult,3-5 years,1,1,0.9927367,1,High Risk
27,38004,MORTGAGE,11.0,DEBTCONSOLIDATION,C,6500,13.79,0.17,Y,8,0.1710346279339017,3167.0,2.0524155352068205,Adult,10+ years,0,0,0.33245888,0,Medium Risk
22,63211,RENT,7.0,DEBTCONSOLIDATION,B,6500,11.86,0.1,N,2,0.10283020360380314,5267.583333333333,1.2339624432456378,Young,6-10 years,0,0,0.29237413,0,Low Risk
35,54000,RENT,0.0,PERSONAL,D,20500,14.61,0.38,Y,5,0.37962962962962965,4500.0,4.555555555555555,Adult,0-2 years,1,1,0.9972849,1,High Risk
23,48600,MORTGAGE,7.0,PERSONAL,B,19000,11.36,0.39,N,4,0.39094650205761317,4050.0,4.691358024691358,Young,6-10 years,1,0,0.5038861,1,Medium Risk
33,79050,MORTGAGE,17.0,MEDICAL,D,12750,15.95,0.14,N,10,0.16129032258064516,6587.5,1.935483870967742,Adult,10+ years,0,1,0.9779996,1,High Risk
30,12996,RENT,1.0,PERSONAL,E,2000,17.19,0.15,N,6,0.1538935056940597,1083.0,1.8467220683287164,Adult,0-2 years,0,1,0.990948,1,High Risk
21,44000,RENT,6.0,EDUCATION,D,8000,15.21,0.18,N,2,0.18181818181818182,3666.6666666666665,2.181818181818182,Young,6-10 years,0,1,0.6753462,1,High Risk
30,54000,RENT,1.0,EDUCATION,A,12000,6.62,0.22,N,6,0.2222222222222222,4500.0,2.6666666666666665,Adult,0-2 years,0,1,0.18600768,0,Low Risk
58,100000,MORTGAGE,6.0,PERSONAL,A,6000,5.42,0.06,N,19,0.06,8333.333333333334,0.72,Senior,6-10 years,0,0,0.0038679652,0,Low Risk
24,30000,MORTGAGE,8.0,HOMEIMPROVEMENT,C,5000,13.48,0.17,Y,2,0.16666666666666666,2500.0,2.0,Young,6-10 years,0,1,0.78167546,1,High Risk
36,92000,MORTGAGE,18.0,MEDICAL,A,4000,7.29,0.04,N,11,0.043478260869565216,7666.666666666667,0.5217391304347826,Middle Age,10+ years,0,0,0.024145614,0,Low Risk
22,72000,RENT,6.0,MEDICAL,C,12000,12.99,0.17,Y,3,0.16666666666666666,6000.0,2.0,Young,6-10 years,0,0,0.18605907,0,Low Risk
25,76000,RENT,1.0,DEBTCONSOLIDATION,A,5000,7.9,0.07,N,3,0.06578947368421052,6333.333333333333,0.7894736842105263,Young,0-2 years,0,0,0.13636109,0,Low Risk
23,75000,RENT,4.0,EDUCATION,B,7500,11.83,0.1,N,2,0.1,6250.0,1.2,Young,3-5 years,0,0,0.103791535,0,Low Risk
29,32400,MORTGAGE,2.0,MEDICAL,B,10625,,0.33,N,5,0.3279320987654321,2700.0,3.935185185185185,Adult,0-2 years,1,0,0.51538384,1,Medium Risk
28,65000,MORTGAGE,8.0,EDUCATION,D,3000,,0.05,N,7,0.046153846153846156,5416.666666666667,0.5538461538461538,Adult,6-10 years,0,0,0.2616102,0,Low Risk
24,46000,RENT,8.0,PERSONAL,B,13000,10.99,0.28,N,3,0.2826086956521739,3833.3333333333335,3.391304347826087,Young,6-10 years,0,0,0.26418352,0,Low Risk
33,36000,RENT,5.0,EDUCATION,B,12200,9.99,0.34,N,6,0.3388888888888889,3000.0,4.066666666666666,Adult,3-5 years,1,1,0.9916712,1,High Risk
25,28008,RENT,5.0,MEDICAL,B,4000,10.0,0.14,N,2,0.14281633818908884,2334.0,1.713796058269066,Young,3-5 years,0,0,0.23209316,0,Low Risk
21,47760,MORTGAGE,2.0,PERSONAL,A,15000,6.03,0.31,N,2,0.314070351758794,3980.0,3.7688442211055277,Young,0-2 years,1,0,0.29625836,0,Low Risk
24,54000,RENT,8.0,HOMEIMPROVEMENT,B,6800,10.59,0.13,N,3,0.1259259259259259,4500.0,1.511111111111111,Young,6-10 years,0,0,0.5857091,1,Medium Risk
33,46000,RENT,13.0,PERSONAL,C,5600,15.27,0.12,N,9,0.12173913043478261,3833.3333333333335,1.4608695652173913,Adult,10+ years,0,0,0.35050377,0,Medium Risk
23,60000,RENT,4.0,PERSONAL,C,5000,13.98,0.08,Y,2,0.08333333333333333,5000.0,1.0,Young,3-5 years,0,0,0.13988692,0,Low Risk
29,71000,RENT,4.0,DEBTCONSOLIDATION,A,9700,8.94,0.14,N,5,0.13661971830985917,5916.666666666667,1.6394366197183097,Adult,3-5 years,0,0,0.09716583,0,Low Risk
33,160000,MORTGAGE,3.0,PERSONAL,B,22000,10.75,0.14,N,8,0.1375,13333.333333333334,1.65,Adult,3-5 years,0,0,0.08765526,0,Low Risk
27,120000,MORTGAGE,11.0,HOMEIMPROVEMENT,B,18000,10.74,0.15,N,6,0.15,10000.0,1.8,Adult,10+ years,0,0,0.10674828,0,Low Risk
23,78000,RENT,7.0,DEBTCONSOLIDATION,A,8100,7.29,0.1,N,2,0.10384615384615385,6500.0,1.2461538461538462,Young,6-10 years,0,0,0.30635887,0,Medium Risk
23,130000,MORTGAGE,7.0,MEDICAL,B,25000,11.12,0.19,N,3,0.19230769230769232,10833.333333333334,2.3076923076923075,Young,6-10 years,0,0,0.073287316,0,Low Risk
31,96000,OWN,3.0,PERSONAL,B,10000,9.99,0.1,N,6,0.10416666666666667,8000.0,1.25,Adult,3-5 years,0,0,0.002037462,0,Low Risk
34,47300,MORTGAGE,3.0,MEDICAL,A,12000,7.88,0.25,N,8,0.2536997885835095,3941.6666666666665,3.0443974630021144,Adult,3-5 years,0,0,0.06739051,0,Low Risk
22,110000,MORTGAGE,2.0,VENTURE,B,9000,11.11,0.08,N,4,0.08181818181818182,9166.666666666666,0.9818181818181819,Young,0-2 years,0,0,0.006246807,0,Low Risk
27,36000,RENT,11.0,HOMEIMPROVEMENT,D,15000,16.77,0.42,N,9,0.4166666666666667,3000.0,5.0,Adult,10+ years,1,1,0.9949555,1,High Risk
23,42000,RENT,2.0,EDUCATION,A,7000,7.88,0.17,N,3,0.16666666666666666,3500.0,2.0,Young,0-2 years,0,0,0.07802045,0,Low Risk
23,62000,MORTGAGE,8.0,HOMEIMPROVEMENT,C,9000,11.03,0.15,N,2,0.14516129032258066,5166.666666666667,1.7419354838709677,Young,6-10 years,0,1,0.78377676,1,High Risk
41,98004,MORTGAGE,25.0,DEBTCONSOLIDATION,C,12000,13.57,0.12,N,15,0.12244398187829068,8167.0,1.4693277825394881,Middle Age,10+ years,0,0,0.21403994,0,Low Risk
24,50000,MORTGAGE,7.0,VENTURE,D,1000,14.42,0.02,N,3,0.02,4166.666666666667,0.24,Young,6-10 years,0,0,0.2779661,0,Low Risk
37,42000,RENT,5.0,DEBTCONSOLIDATION,B,8000,12.69,0.19,N,15,0.19047619047619047,3500.0,2.2857142857142856,Middle Age,3-5 years,0,0,0.26994455,0,Low Risk
